Issue id,Summary,Status,Priority,Resolution,Description
13404344,JAR in conflict with timestamp check causes AM errors,Resolved,Blocker,Duplicate,"After an init action pulls down a new JAR and the check of a JAR's timestamp is performed [1]we can sometimes cause an incorrect error if the timestamp does not match. In order to address this you can perform workarounds like: record old timestamp at the beginning before the connector is changed local -r old_file_time=$(date -r ${dataproc_common_lib_dir}/gcs-connector.jar ""+%m%d%H%M.00"") # at end of script. touch -t ""${old_file_time}"" <any jar they changed> touch -h -t ""${old_file_time}"" <symlinks they changed> We should instead of checking the date be comparing version compatibility tests. 1. https://github.com/apache/hadoop/blob/release-2.7.3-RC2/hadoop-yarn-project/hadoop-yarn/hadoop-yarn-common/src/main/java/org/apache/hadoop/yarn/util/FSDownload.java#L255-L258"
13400058,Fix Hadoop build on Debian 10,Resolved,Blocker,Fixed,We're using *Debian testing* as one of the package sources to get the latest packages. It seems to be broken at the moment. The CI fails to create the build environment for the Debian 10 platform - {code} [2021-09-08T00:21:11.596Z] #13 [ 8/14] RUN apt-get -q update && apt-get -q install -y --no-install-recommends python3 && apt-get -q install -y --no-install-recommends $(pkg-resolver/resolve.py debian:10) && apt-get clean && rm -rf /var/lib/apt/lists/* ... [2021-09-08T00:21:22.744Z] #13 11.28 Preparing to unpack .../libc6_2.31-17_amd64.deb ... [2021-09-08T00:21:23.260Z] #13 11.46 Checking for services that may need to be restarted... [2021-09-08T00:21:23.260Z] #13 11.48 Checking init scripts... [2021-09-08T00:21:23.260Z] #13 11.50 Unpacking libc6:amd64 (2.31-17) over (2.28-10) ... [2021-09-08T00:21:26.290Z] #13 14.38 Setting up libc6:amd64 (2.31-17) ... [2021-09-08T00:21:26.290Z] #13 14.42 /usr/bin/perl: error while loading shared libraries: libcrypt.so.1: cannot open shared object file: No such file or directory [2021-09-08T00:21:26.290Z] #13 14.42 dpkg: error processing package libc6:amd64 (--configure): [2021-09-08T00:21:26.290Z] #13 14.42 installed libc6:amd64 package post-inst
13401369,Filter deps with release labels,Resolved,Blocker,Fixed,We need to add the ability to filter the dependencies listed in packages.json file based on the specified release label. This is helpful for maintaining dependencies across different releases for a platform.
13401382,ABFS AbfsDelegationTokenManager to generate canonicalServiceName if DT plugin doesn't,Open,Critical,,"Currently in {{AbfsDelegationTokenManager}}, any {{CustomDelegationTokenManager}} only provides a canonical service name if it implements {{BoundDTExtension}} and its {{getCanonicalServiceName()}} method. If this doesn't hold, {{AbfsDelegationTokenManager}} returns null, which causes {{AzureBlobFileSystem.getCanonicalServiceName()}} to call {{super.getCanonicalServiceName()}} *which resolves the IP address of the abfs endpoint, and then the FQDN of that IPAddr If a storage account is served over >1 endpoint, then the DT will only have a valid service name for one of the possible endpoints, so _only work if all process get the same IP address when the look up the storage account address_ Fix # DT plugins SHOULD generate the canonical service name # If they don't, and DTs are enabled: {{AbfsDelegationTokenManager}} to create a default one # and {{AzureBlobFileSystem.getCanonicalServiceName()}} MUST NOT call superclass. The default canonical service name of a store will be {{abfs:// + FsURI.getHost() + ""/""}}, so all containers in same storage account has the same service name {code} abfs://bucket@stevel-testing.dfs.core.windows.net/path {code} maps to {code} abfs://stevel-testing.dfs."
13397934,BuiltInGzipCompressor header and trailer should not be static variables,Resolved,Critical,Fixed,"In the newly added BuiltInGzipCompressor, we should not let header and trailer as static variables as they are for different instances."
13399976,Performance degradation in Text.append() after HADOOP-16951,Resolved,Critical,Fixed,"We discovered a serious performance degradation in {{Text.append()}}. The problem is that the logic which intends to increase the size of the backing array does not work as intended. It's very difficult to spot, so I added extra logs to see what happens. Let's add 4096 bytes of textual data in a loop: {noformat} public static void main(String[] args) { Text text = new Text(); String toAppend = RandomStringUtils.randomAscii(4096); for(int i = 0; i < 100; i++) { text.append(toAppend.getBytes(), 0, 4096); } } {noformat} With some debug printouts, we can observe: {noformat} 2021-09-08 13:35:29,528 INFO [main] io.Text (Text.java:append(251)) - length: 24576, len: 4096, utf8ArraySize: 4096, bytes.length: 30720 2021-09-08 13:35:29,528 INFO [main] io.Text (Text.java:append(253)) - length + (length >> 1): 36864 2021-09-08 13:35:29,528 INFO [main] io.Text (Text.java:append(254)) - length + len: 28672 2021-09-08 13:35:29,528 INFO [main] io.Text (Text.java:ensureCapacity(287)) - >>> enhancing capacity from 30720 to 36864 2021-09-08 13:35:29,528 INFO [main] io.Text (Text.java:append(251)) - length: 28672, len: 4096, utf8ArraySize: 4096, bytes.length: 36864 2021-09-08 13:35:29,528 INFO [main] io"
13392051,Run optional CI for changes in C,Resolved,Critical,Fixed,We need to ensure that we run the CI for all the platforms when there are changes in C files.
13391728,Run CI for Centos 7,Resolved,Critical,Fixed,Need to run the CI for Centos 7 platform since it's a supported platform. The CI will run on this platform only when there's C++ file/C++ build/platform related changes.
13389964,Use separate source dir for platform builds,Resolved,Critical,Fixed,"The multi-platform build stages run on the checkout of the source directory, one after the other. For those platforms that are marked as optional (Centos 8 and Debian 10 currently), the condition to run CI on the platform is determined by inspecting the git commit history and checking if there's any C++ file/C++ build/platform related changes. It seems like after YETUS runs on one platform, it's clearing up the git branch information. This is causing the build to not get triggered on the optional platforms. Please note that those platforms not marked optional (Ubuntu focal) isn't affected by this since CI runs for this platform irrespective of any C++ changes. We can see this in the Jenkins UI page - CI runs for Centos 8 - !image-2021-07-16-11-36-26-698.png! Subsequently, the CI for Debian 10 gets skipped - !image-2021-07-16-11-36-55-495.png! However, CI for Ubuntu focal runs since it's not marked as optional - !image-2021-07-16-11-37-56-923.png! Thus, we need to ensure that each platform builds on its own copy of the source code checkout so that whatever changes one platform makes doesn't affect the other."
13402174,ShellBasedUnixGroupsMapping: group name containing space can be used to inject group memberships,Open,Critical,,"Group names available from identity management systems, for example sssd, may contain space characters when used with for example Active Directory. such a group name can be used to inject group memberships granting permission to basically any targeted group. Suppose following scenario: a) centralized identity management system is used, where organization's responsible roles are defined to allow access to their named groups. b) group ""hdfs"" grants hdfs-admin permissions and is managed by authorized personnel only. c) attacker orders creation of a group named as ""uploaderformy hdfs"" and the attacker's user account ""attacker1"" as member of that group. This will lead to the scenario where ShellBasedUnixGroupsMapping executes group lookup and returns groups uploaderformy and hdfs for the ""attacker1"" username as TOKEN_SEPARATOR_REGEX contains space character in addition others (""[ \t\n\r\f]""). This bug was found during our own solution based on the ShellBasedUnixGroupsMapping for [https://github.com/teragrep/] Other versions may be affected as well."
13393001,Run CI for Ubuntu 18.04,Open,Critical,,Need to run the CI for Ubuntu 18.04 since it's a supported platform. The CI will run on this platform only when there's C++ file/C++ build/platform related changes.
13393000,Run CI for Fedora 33,Open,Critical,,Need to run the CI for Fedora 33 since it's a supported platform. The CI will run on this platform only when there's C++ file/C++ build/platform related changes.
13403878,Add s3a tool to convert S3 server logs to avro/csv files,In Progress,Major,,"Add s3a tool to convert S3 server logs to avro/csv files With S3A Auditing, we have code in hadoop-aws to parse s3 log entries, including splitting up the referrer into its fields. But we don't have an easy way of using it. I've done some early work in spark but as well as that code not working ([https://github.com/hortonworks-spark/cloud-integration/blob/master/spark-cloud-integration/src/main/scala/com/cloudera/spark/cloud/s3/S3LogRecordParser.scala]), it doesn't do the audit splitting. And, given that the S3 audit logs can be small on a lightly loaded store, not always justified. Proposed we add # utility parser class to take a row and split it into a record # which can be saved to avro through a schema we define # or exported to CSV with/without headers. (with: easy to understand, without: can cat files) # add a mapper so this can be used in MR jobs (could even make it committer test ..) # and a ""hadoop s3guard/hadoop s3"" entry point so you can do it on the cli {code:java} hadoop s3 parselogs -format avro -out s3a://dest/path -recursive s3a://stevel-london/logs/bucket1/* {code} would take all files under the path, load, parse and emit the output. design issues * would you combi"
13398683,S3A DeleteOperation to parallelize POSTing of bulk deletes,Open,Major,,"Once the need to update the DDB tables is removed, we can't go from a single POSTed delete at a time to posting a large set of bulk delete operations in parallel. The current design is to support incremental update of S3Guard tables, including handling partial failures. Not a problem anymore. This will significantly improve delete() performance on directory trees with many many children/descendants, as it goes from a sequence of children/1000 POSTs to parallel writes. As each file deleted is still throttled, we will be limited to 3500 deletes/second with throttling, so throwing a large pool of workers at the problem would be counter-productive and potentially cause problems for other applications trying to write down the same directory tree. But we can do better than one-POST at a time. Proposed * if parallel delete is off: no limit * parallel delete is on, limit #of parallel to 3000/page-size: you'll never have more updates pending than the write limit of a single shard."
13396008,S3A: Allow SSE configurations per object path,Open,Major,,"Currently, we can map the SSE configurations at bucket level only: {code:java} <property> <name>fs.s3a.bucket.ireland-dev.server-side-encryption-algorithm</name> <value>SSE-KMS</value> </property> <property> <name>fs.s3a.bucket.ireland-dev.server-side-encryption.key</name> <value>arn:aws:kms:eu-west-1:98067faff834c:key/071a86ff-8881-4ba0-9230-95af6d01ca01</value> </property> {code} But sometimes we want to encrypt data in different paths with different keys within the same bucket. For example, a partitioned table might benefit from encrypting each partition with a different key when the partition represents a customer or a country. [S3 already can encrypt using different keys/configurations at the object level|https://aws.amazon.com/premiumsupport/knowledge-center/s3-encrypt-specific-folder/], so what we need to do on Hadoop is to provide a way to map which key to use. One idea could be mapping them in the XML config: {code:java} <property> <name>fs.s3a.server-side-encryption.paths</name> <value>s3://bucket/my_table/country=ireland,s3://bucket/my_table/country=uk, s3://bucket/my_table/country=germany</value> </property> <property> <name>fs.s3a.server-side-encryption.path-keys</name"
13399600,RawLocalFileSystem cannot mkdir/chmod paths with emojis. ☹️,Open,Major,,*Bug description:* `fs.mkdirs` command for `RawLocalFileSystem` doesn't work in Hadoop 3 with NativeIO enabled. The failure was happening when doing the native `chmod` command to the file (the `mkdir` command itself is working). Stacktrace: {{ENOENT: No such file or directory ENOENT: No such file or directory at org.apache.hadoop.io.nativeio.NativeIO$POSIX.chmodImpl(Native Method) at org.apache.hadoop.io.nativeio.NativeIO$POSIX.chmod(NativeIO.java:382) at org.apache.hadoop.fs.RawLocalFileSystem.setPermission(RawLocalFileSystem.java:974) at org.apache.hadoop.fs.RawLocalFileSystem.mkOneDirWithMode(RawLocalFileSystem.java:660) at org.apache.hadoop.fs.RawLocalFileSystem.mkdirsWithOptionalPermission(RawLocalFileSystem.java:700) at org.apache.hadoop.fs.RawLocalFileSystem.mkdirs(RawLocalFileSystem.java:672)}} *To reproduce:* * Add `fs.mkdirs` in RawLocalFileSystem with NativeIO enabled. * Sample: [https://github.com/apache/hadoop/pull/3391]
13392896,ABFS: Transient failure of TestAbfsClientThrottlingAnalyzer.testManySuccessAndErrorsAndWaiting,Open,Major,,"Transient failure of the below test observed for HNS OAuth, AppendBlob HNS OAuth and Non-HNS SharedKey combinations. The value denoted by ""actual value"" below varies across failures, and exceeds the upper limit of the expected range. _TestAbfsClientThrottlingAnalyzer.testManySuccessAndErrorsAndWaiting:171->fuzzyValidate:49 The actual value 10 is not within the expected range: [5.60, 8.40]._ Verified failure with client and server in the same region to rule out network issues."
13397564,ABFS: Fix transient failures in ITestAbfsStreamStatistics and ITestAbfsRestOperationException,Reopened,Major,,"To address transient failures in the following test classes: * ITestAbfsStreamStatistics: Uses a filesystem level instance to record read/write statistics, which also tracks these operations in other tests. running parallelly. To be marked for sequential run only to avoid transient failure * ITestAbfsRestOperationException: The use of a static member to track retry count causes transient failures when two tests of this class happen to run together. Switch to non-static variable for assertions on retry count"
13397530,ABFS: Refactor read flow to include ReadRequestParameter,Open,Major,,This Jira is to facilitate upcoming work as part of adding an alternate connection : HADOOP-17853 ABFS: Enable optional store connectivity over azure specific protocol for data egress - ASF JIRA (apache.org) The scope of the change is to introduce a ReadRequestParameter that will include the various inputs needed for the read request to AbfsClient class.
13395708,ABFS: Enable optional store connectivity over azure specific protocol for data egress,Open,Major,,This Jira is to provide an option to enable store access on read path over an Azure specific protocol. This will only work on Azure VMs and hence will be disabled by default.
13397162,ABFS: Fork AbfsHttpOperation to add alternate connection,Open,Major,,This Jira is to facilitate upcoming work as part of adding an alternate connection : [HADOOP-17853] ABFS: Enable optional store connectivity over azure specific protocol for data egress - ASF JIRA (apache.org) The scope of the change is to make AbfsHttpOperation as abstract class and create a child class AbfsHttpConnection. Future connection types will be added as child of AbfsHttpOperation.
13399255,ABFS: Refactor HTTP request handling code,Open,Major,,Aims at Http request handling code refactoring.
13397424,WASB: Fix Compiler Warnings,Open,Major,,"To track a list of WASB compiler warnings, which are also intermittently affecting yetus runs on ABFS driver PRs. # hadoop-tools/hadoop-azure/src/main/java/org/apache/hadoop/fs/azure/PageBlobOutputStream.java:210:29:[deprecation] HFLUSH in StreamCapabilities has been deprecated"
13387754,ABFS: Modifications to TracingContext,Open,Major,,"TracingContext introduced in the PR [HADOOP-17290|https://github.com/apache/hadoop/pull/2520] tracks a request with identifiers as it passes through ABFS layers. Creating this Jira to track suggested modifications and improvements to the tracing structure. * rename Listener; remove it from TracingContext constructor, confine to setter * make fields (identifiers) immutable; eliminate retry count field => reduce instance cloning * introduce child classes of TracingContext to handle stream/continuation ops"
13393311,Bump aliyun-sdk-oss to 3.13.0,Resolved,Major,Fixed,Bump aliyun-sdk-oss to 3.13.0 in order to remove transitive dependency on jdom 1.1. Ref: https://issues.apache.org/jira/browse/HADOOP-17820?focusedCommentId=17390206&page=com.atlassian.jira.plugin.system.issuetabpanels:comment-tabpanel#comment-17390206.
13402753,implement non-guava Precondition checkState,Resolved,Major,Fixed,"As part In order to replace Guava Preconditions, we need to implement our own versions of the API. This Jira is to add the implementation {{checkState}} to the existing class {{org.apache.hadoop.util.Preconditions}} +The plan is as follows+ * implement {{org.apache.hadoop.util.Preconditions.checkState}} with the minimum set of interface used in the current hadoop repo. * we can replace {{guava.Preconditions}} by {{org.apache.hadoop.util.Preconditions}} once all the interfaces have been implemented (both this jira and HADOOP-17929 are complete). * We need the change to be easily to be backported in 3.x. previous jiras: * HADOOP-17126 was created to implement CheckNotNull. * HADOOP-17929 implementing checkArgument. CC: [~stevel@apache.org], [~vjasani]"
13402746,implement non-guava Precondition checkArgument,Resolved,Major,Fixed,"As part In order to replace Guava Preconditions, we need to implement our own versions of the API. This Jira is to add the implementation {{checkArgument}} to the existing class {{org.apache.hadoop.util.Preconditions}} +The plan is as follows+ * implement {{org.apache.hadoop.util.Preconditions.checkArgument}} with the minimum set of interface used in the current hadoop repo. * we can replace {{guava.Preconditions}} by {{org.apache.hadoop.util.Preconditions}} once all the interfaces have been implemented. * We need the change to be easily to be backported in 3.x. A previous jira HADOOP-17126 was created to replace CheckNotNull. HADOOP-17930 is created to implement checkState. CC: [~stevel@apache.org], [~vjasani]"
13401290,[JDK 17] TestNetUtils fails,Resolved,Major,Fixed,"TestNetUtils#testInvalidAddress fails. {noformat} [INFO] Running org.apache.hadoop.net.TestNetUtils [ERROR] Tests run: 48, Failures: 1, Errors: 0, Skipped: 0, Time elapsed: 4.469 s <<< FAILURE! - in org.apache.hadoop.net.TestNetUtils [ERROR] testInvalidAddress(org.apache.hadoop.net.TestNetUtils) Time elapsed: 0.386 s <<< FAILURE! java.lang.AssertionError: Expected to find 'invalid-test-host:0' but got unexpected exception: java.net.UnknownHostException: invalid-test-host/<unresolved>:0 at org.apache.hadoop.net.NetUtils.connect(NetUtils.java:592) at org.apache.hadoop.net.NetUtils.connect(NetUtils.java:551) at org.apache.hadoop.net.TestNetUtils.testInvalidAddress(TestNetUtils.java:109) at java.base/jdk.internal.reflect.NativeMethodAccessorImpl.invoke0(Native Method) at java.base/jdk.internal.reflect.NativeMethodAccessorImpl.invoke(NativeMethodAccessorImpl.java:77) at java.base/jdk.internal.reflect.DelegatingMethodAccessorImpl.invoke(DelegatingMethodAccessorImpl.java:43) at java.base/java.lang.reflect.Method.invoke(Method.java:568) at org.junit.runners.model.FrameworkMethod$1.runReflectiveCall(FrameworkMethod.java:59) at org.junit.internal.runners.model.ReflectiveCallable.run(Reflecti"
13391688,Provide fallbacks for identity/cost providers and backoff enable,Resolved,Major,Fixed,"This sub-task is to provide default properties for identity-provider.impl, cost-provider.impl and backoff.enable such that if properties with port is not configured, we can fallback to default property (port-less)."
13403037,TestLocalFSCopyFromLocal.testDestinationFileIsToParentDirectory failure after reverting HADOOP-16878,Resolved,Major,Fixed,"After reverting HADOOP-16878 from branch-3.3, test {{TestLocalFSCopyFromLocal.testDestinationFileIsToParentDirectory}} started to fail because it expects an exception but the copying succeeded."
13397449,Add more test for the BuiltInGzipCompressor,Resolved,Major,Fixed,We added BuiltInGzipCompressor recently. It is better to add more compatibility tests for the compressor.
13403462,Upgrade Kafka to 2.8.1,Resolved,Major,Fixed,Kafka 2.4.0 has the following vulnerability. [https://cve.mitre.org/cgi-bin/cvename.cgi?name=CVE-2021-38153]
13399415,lz4-java and snappy-java should be excluded from relocation in shaded Hadoop libraries,Resolved,Major,Fixed,"lz4-java is a provided dependency. So in the shaded Hadoop libraries, e.g. hadoop-client-api, if we don't exclude lz4 dependency, the downstream will still see the exception even they include lz4 dependency. {code:java} [info] Cause: java.lang.ClassNotFoundException: org.apache.hadoop.shaded.net.jpountz.lz4.LZ4Factory [info] at java.net.URLClassLoader.findClass(URLClassLoader.java:382) [info] at java.lang.ClassLoader.loadClass(ClassLoader.java:418) [info] at sun.misc.Launcher$AppClassLoader.loadClass(Launcher.java:352) [info] at java.lang.ClassLoader.loadClass(ClassLoader.java:351) [info] at org.apache.hadoop.io.compress.lz4.Lz4Compressor.<init>(Lz4Compressor.java:66) [info] at org.apache.hadoop.io.compress.Lz4Codec.createCompressor(Lz4Codec.java:119) [info] at org.apache.hadoop.io.compress.CodecPool.getCompressor(CodecPool.java:152) [info] at org.apache.hadoop.io.compress.CodecPool.getCompressor(CodecPool.java:168) {code} Currently snappy-java is included and relocated in Hadoop shaded client libraries. But as it includes native methods, it should not be relocated too due to JNI method resolution. The downstream will see the exception: {code} [info] Cause: java.lang.UnsatisfiedLin"
13400141,Test Result Not Working In Jenkins Result,Resolved,Major,Fixed,"The jenkins used to show the Test Results, now the list is broken and No PR has that working. eg: [https://ci-hadoop.apache.org/job/hadoop-multibranch/job/PR-3404/1/testReport/] For Daily Build No Test Result as well: https://ci-hadoop.apache.org/job/hadoop-qbt-trunk-java8-linux-x86_64/622/"
13398785,Upgrade ant to 1.10.11,Resolved,Major,Fixed,Vulnerabilities reported in org.apache.ant:ant:1.10.9 * [CVE-2021-36374|https://nvd.nist.gov/vuln/detail/CVE-2021-36374] moderate severity * [CVE-2021-36373|https://nvd.nist.gov/vuln/detail/CVE-2021-36373] moderate severity suggested: org.apache.ant:ant ~> 1.10.11
13394607,Upgrade JSON smart to 2.4.7,Resolved,Major,Fixed,Currently we are using JSON Smart 2.4.2 version which is vulnerable to - CVE-2021-31684. We can upgrade the version to 2.4.7 (2.4.5 or later).
13389310,Upgrade jetty version to 9.4.43,Resolved,Major,Fixed,https://github.com/eclipse/jetty.project/security/advisories/GHSA-m6cp-vxjx-65j6 https://github.com/eclipse/jetty.project/security/advisories/GHSA-gwcr-j4wh-j3cq
13388312,Better token validation,Resolved,Major,Fixed,`MessageDigest.isEqual()` should be used for checking tokens.
13400214,Modify Text.ensureCapacity() to efficiently max out the backing array size,Resolved,Major,Fixed,"This is a continuation of HADOOP-17901. Right now we use a factor of 1.5x to increase the byte array if it's full. However, if the size reaches a certain point, the increment is only (current size + length). This can cause performance issues if the textual data which we intend to store is beyond this point. Instead, let's max out the array to the maximum. Based on different sources, a safe choice seems to be Integer.MAX_VALUE - 8 (see ArrayList, AbstractCollection, HashTable, etc)."
13399949,Move ClusterStorageCapacityExceededException to Public from LimitedPrivate,Resolved,Major,Fixed,"As of now the exception is marked limited private {code:java} @InterfaceAudience.LimitedPrivate({ ""HDFS"", ""MapReduce"", ""Tez"" }) {code} Doesn't allow other projects, Rather than individually adding project, Make it Public itself. This exception can be used to act as a fail-fast marker for different operations."
13399051,Remove GzipOutputStream,Resolved,Major,Fixed,"As we provide built-in gzip compressor, we can use it in compressor stream. The wrapper GzipOutputStream can be removed now."
13396187,Check real user ACLs in addition to proxied user ACLs,Resolved,Major,Fixed,"In a secure cluster, it is possible to configure the services to allow a super-user to proxy to a regular user and perform actions on behalf of the proxied user (see [Proxy user - Superusers Acting On Behalf Of Other Users|https://hadoop.apache.org/docs/current/hadoop-project-dist/hadoop-common/Superusers.html]). This is useful for automating server access for multiple different users in a multi-tenant cluster. For example, this can be used by a super user submitting jobs to a YARN queue, accessing HDFS files, scheduling Oozie workflows, etc, which will then execute the service as the proxied user. Usually when these services check ACLs to determine if the user has access to the requested resources, the service only needs to check the ACLs for the proxied user. However, it is sometimes desirable to allow the proxied user to have access to the resources when only the real user has open ACLs. For instance, let's say the user {{adm}} is the only user with submit ACLs to the {{dataload}} queue, and the {{adm}} user wants to submit apps to the {{dataload}} queue on behalf of users {{headless1}} and {{headless2}}. In addition, we want to be able to bill {{headless1}} and {{headless2}} se"
13386947,"hadoop-aws landsat-pds test bucket will be deleted after Jul 1, 2021",Resolved,Major,Duplicate,"I found an anouncement that landsat-pds buket will be deleted on July 1, 2021 (https://registry.opendata.aws/landsat-8/) and I think this bucket is used in th test of hadoop-aws module use [https://github.com/apache/hadoop/blob/trunk/hadoop-tools/hadoop-aws/src/test/java/org/apache/hadoop/fs/s3a/S3ATestConstants.java#L93] At this time I can access the bucket but we might have to change the test bucket in someday."
13387240,Replace IOUtils#closeQuietly usages,Resolved,Major,Fixed,"IOUtils#closeQuietly is deprecated since 2.6 release of commons-io without any replacement. Since we already have good replacement available in Hadoop's own IOUtils, we should use it."
13388702,Provide fallbacks for callqueue.impl and scheduler.impl,Resolved,Major,Fixed,"As mentioned in parent Jira, we should provide default properties for callqueue.impl and scheduler.impl such that if properties with port is not configured, we can fallback to default property. If ""ipc.8020.callqueue.impl"" is not present, fallback property could be ""ipc.callqueue.impl"" (without port). We can take up rest of the callqueue properties in separate sub-tasks."
13391234,Checkstyle - Allow line length: 100,Resolved,Major,Fixed,Update the checkstyle rule to allow for 100 or 120 characters. Discussion thread: [https://lists.apache.org/thread.html/r69c363fb365d4cfdec44433e7f6ec7d7eb3505067c2fcb793765068f%40%3Ccommon-dev.hadoop.apache.org%3E]
13393429,Use CuratorCache implementation instead of PathChildrenCache / TreeCache,Resolved,Major,Fixed,"As we have moved to Curator 5.2.0 for Hadoop 3.4.0, we should start using new CuratorCache service implementation in place of deprecated PathChildrenCache and TreeCache usecases."
13396628,Avoid possible class loading deadlock with VerifierNone initialization,Resolved,Major,Fixed,"Superclass Verifier has a static initializer VERIFIER_NONE that initializes sub-class VerifierNone. This reference can result in deadlock during class loading as per [https://docs.oracle.com/javase/specs/jls/se8/html/jls-12.html#jls-12.4.2]. As of today, only RpcProgram use this instance and hence it is safe but if more clients start using this (specifically static ones), it has potential to bring deadlock. We should break this referencing before it is late."
13397644,ExceptionsHandler to add terse/suppressed Exceptions in thread-safe manner,Resolved,Major,Fixed,"Even though we have explicit comments stating that we have thread-safe replacement of terseExceptions and suppressedExceptions, in reality we don't have it. As we can't guarantee only non-concurrent addition of Exceptions at a time from any Server implementation, we should make this thread-safe."
13399432,Add Hadoop code formatter in dev-support,Resolved,Major,Fixed,We should add Hadoop code formatter xml to dev-support specifically for new developers to refer to.
13404264,Provide alternative to Guava VisibleForTesting,Resolved,Major,Fixed,"In an attempt to reduce the dependency on Guava, we should remove VisibleForTesting annotation usages as it has very high usage in our codebase. This Jira is to provide Hadoop's own alternative and use it in hadoop-common-project modules."
13401361,ABFS: Support for Encryption Context,Resolved,Major,Fixed,"Support for customer-provided encryption keys at the file level, superceding the global (account-level) key use in HADOOP-17536. ABFS driver will support an ""EncryptionContext"" plugin for retrieving encryption information, the implementation for which should be provided by the client. The keys/context retrieved will be sent via request headers to the server, which will store the encryption context. Subsequent REST calls to server that access data/user metadata of the file will require fetching the encryption context through a GetFileProperties call and retrieving the key from the custom provider, before sending the request."
13389501,Improve the GitHub pull request template,Resolved,Major,Fixed,The current Hadoop pull request template can be improved. - Require some information (e.g. https://github.com/apache/spark/blob/master/.github/PULL_REQUEST_TEMPLATE) - Checklists (e.g. https://github.com/apache/nifi/blob/main/.github/PULL_REQUEST_TEMPLATE.md) - Move current notice to comment (i.e. surround with <!-- and -->)
13396833,improve YARN Registry DNS Server qps,Open,Major,,"There are some points to improve the performance of YARN Registry DNS Server. - Do not print unnecessary logs (It just needs change log4j.properties) -- log4j.logger.org.apache.hadoop.registry.server.dns=WARN - Change some loglevels at points which can affect performance degradation. - Use ""newFixedThreadPool"" instead of ""newCachedThreadPool"" to prevent OOM - Use Blocking on TCP handler. Using non-blocking and sleeping some time(""Thread.sleep(500)"") is meaningless. In our environment, QPS of original yarn dns server is about 5000 (UDP), 100 (TCP). Now, QPS of our improved yarn dns server is about 47000 (UDP), 500 (TCP). I will make a pull request at https://github.com/apache/hadoop soon."
13392716,fs.s3a.acl.default not working after S3A Audit feature added,Resolved,Major,Fixed,"After HADOOP-17511 the fs.s3a.acl.default propperty isn't being passed through to S3 PUT/COPY requests. The new RequestFactory is being given the acl values from the S3A FS instance, but the factory is being created before the acl settings are loaded from the configuration. Fix, and ideally, test (if the getXAttr lets us see this now)"
13399638,ABFS: Stabilize openFile withStatus,Resolved,Major,Duplicate,"Add support for more FileStatus types at OpenFile, and address minor concerns with HADOOP-17682 PR."
13395121,S3AInstrumentation Closing output stream statistics while data is still marked as pending upload in OutputStreamStatistics,Open,Major,,"When using hadoop s3a file upload for spark event Logs, the logs were queued up and not uploaded before the process is shut down: {code:java} // 21/08/13 12:22:39 WARN ExecutorPodsWatchSnapshotSource: Kubernetes client has been closed (this is expected if the application is shutting down.) 21/08/13 12:22:39 WARN S3AInstrumentation: Closing output stream statistics while data is still marked as pending upload in OutputStreamStatistics{blocksSubmitted=1, blocksInQueue=1, blocksActive=0, blockUploadsCompleted=0, blockUploadsFailed=0, bytesPendingUpload=106716, bytesUploaded=0, blocksAllocated=1, blocksReleased=1, blocksActivelyAllocated=0, exceptionsInMultipartFinalize=0, transferDuration=0 ms, queueDuration=0 ms, averageQueueTime=0 ms, totalUploadDuration=0 ms, effectiveBandwidth=0.0 bytes/s}{code} details see logs attached"
13396667,"Upgrade third party protobuf-java-2.5.0.jar to address vulnerabilities #CVE-2015-5237, CVE-2019-15544,",Open,Major,,"Third party jar protobuf-java-2.5.0.jar reports vulnerabilities # CVE-2015-5237, CVE-2019-15544 and need to be upgraded. CVE-2019-15544： Vulnerability Description：An issue was discovered in the protobuf crate before 2.6.0 for Rust. Attackers can exhaust all memory via Vec::reserve calls. CVE-2015-5237： Vulnerability Description：protobuf allows remote authenticated attackers to cause a heap-based buffer overflow. Please review and let me know if you have any concerns or would like to add more details to upgrade."
13403386,Support building on Apple Silicon,Resolved,Major,Fixed,
13398730,distcp to use openFile() with sequential IO; ranges of reads,Resolved,Major,Fixed,"once openFile adds standard options for sequential access, distcp to adopt so as to enforce sequential reads on all uploads/backups"
13389886,Add ListWithIOStats<T> wrapper to return IOStats from a list.,Resolved,Major,Won't Fix,"Just as RemoteIterators now adds the ability to add an IOStats result, it'd be handy to do the same for a java.util.List. This makes it possible to return IO stats from static methods which return them"
13389573,No error message reported when bucket doesn't exist in S3AFS,Resolved,Major,Fixed,"No error message is shown at INFO level, when the bucket trying to access, doesn't exist. While translating the exception when the bucket doesn't exist(error code: NoSuchBucket, status code: 404), we are setting the ""path"" as the error message rather than ""message"", the actual error message. for eg: {code:java} ❯ bin/hadoop fs -ls s3a://mmt-no-bucket/ 2021-07-14 12:58:26,169 WARN util.NativeCodeLoader: Unable to load native-hadoop library for your platform... using builtin-java classes where applicable 2021-07-14 12:58:26,392 INFO impl.MetricsConfig: Loaded properties from hadoop-metrics2.properties 2021-07-14 12:58:26,448 INFO impl.MetricsSystemImpl: Scheduled Metric snapshot period at 10 second(s). 2021-07-14 12:58:26,448 INFO impl.MetricsSystemImpl: s3a-file-system metrics system started ls: s3a://mmt-no-bucket/ 2021-07-14 12:58:27,712 INFO impl.MetricsSystemImpl: Stopping s3a-file-system metrics system... 2021-07-14 12:58:27,713 INFO impl.MetricsSystemImpl: s3a-file-system metrics system stopped. 2021-07-14 12:58:27,713 INFO impl.MetricsSystemImpl: s3a-file-system metrics system shutdown complete. {code}"
13403020,Spark job stuck in S3A StagingCommitter::setupJob,Resolved,Major,Cannot Reproduce,"This is using the S3A directory staging committer, the Spark driver gets stuck in a retry loop inside setupJob. Here's a stack trace: {noformat} org.apache.spark.sql.DataFrameWriter.save(DataFrameWriter.scala:229) org.apache.spark.sql.DataFrameWriter.save(DataFrameWriter.scala:271) org.apache.spark.sql.DataFrameWriter.saveToV1Source(DataFrameWriter.scala:290) org.apache.spark.sql.DataFrameWriter.runCommand(DataFrameWriter.scala:676) org.apache.spark.sql.execution.SQLExecution$.withNewExecutionId(SQLExecution.scala:73) org.apache.spark.sql.execution.SQLExecution$.withSQLConfPropagated(SQLExecution.scala:125) org.apache.spark.sql.execution.SQLExecution$$$Lambda$1753/2105635903.apply(Unknown Source) org.apache.spark.sql.execution.SQLExecution$.$anonfun$withNewExecutionId$1(SQLExecution.scala:78) org.apache.spark.sql.DataFrameWriter$$Lambda$1752/114484787.apply(Unknown Source) org.apache.spark.sql.DataFrameWriter.$anonfun$runCommand$1(DataFrameWriter.scala:676) org.apache.spark.sql.execution.QueryExecution.toRdd(QueryExecution.scala:85) org.apache.spark.sql.execution.QueryExecution.toRdd$lzycompute(QueryExecution.scala:85) => holding Monitor(org.apache.spark.sql.execution.QueryExecutio"
13398732,FsShell to use openFile(sequential) for reads,Resolved,Major,Duplicate,"FsShell commands to use openFile(sequential) for reading data, for better performance in clusters where the default s3a fs policy == random"
13398731,"openFile() to add standard options for read policies, start/end ranges",Resolved,Major,Duplicate,"Define standard openFile() options for read policies, start and end ranges. * document * include in contract tests"
13394500,Support IPV6 with IP for internal and external communication,In Progress,Major,,Support IPV6 with IP for internal and external communication WebAppProxy Service & embedded webapp mode
13394611,Support IPv6 for ChecksumFileSystem,Open,Major,,org.apache.hadoop.fs.ChecksumFileSystem#getChecksumFile() fail to parse on IPv6 URL. This needs to handle conditionally. [~Hemanth Boyina]
13389498,Always use GitHub PR rather than JIRA to review patches,Resolved,Major,Done,"Now there are 2 types of precommit jobs in https://ci-hadoop.apache.org/ (1) Precommit-(HADOOP|HDFS|MAPREDUCE|YARN)-Build jobs that try to download patches from JIRA and test them. (2) hadoop-multibranch job for GitHub PR The problems are: - The build configs are separated. The (2) config is in Jenkinsfile, and the (1) configs are in the Jenkins. When we update Jenkinsfile, I had to manually update the configs of the 4 precommit jobs via Jenkins Web UI. - The (1) build configs are static. We cannot use separate config for each branch. This may cause some build failures. - GitHub Actions cannot be used in the (1) jobs. Therefore I want to disable the (1) jobs and always use GitHub PR to review patches. How to do this: 1. Update the wiki: https://cwiki.apache.org/confluence/display/HADOOP/How+To+Contribute#HowToContribute-Provideapatch 2. Disable the Precommit-(HADOOP|HDFS|MAPREDUCE|YARN)-Build jobs."
13397061,ABFS: Fix unchecked cast compiler warning for AbfsListStatusRemoteIterator,Resolved,Major,Fixed,Hadoop yetus run shows a java compiler warning for unchecked casting of Object to Iterator<FileStatus> in a method of AbfsListStatusRemoteIterator class. This can be resolved by introducing a new class to hold the iterator and exception thrown when applicable. hadoop-tools/hadoop-azure/src/main/java/org/apache/hadoop/fs/azurebfs/services/AbfsListStatusRemoteIterator.java:97:38:[unchecked] unchecked cast This task will also add logging to facilitate better investigation of the transient failure tracked in HADOOP-17797.
13392180,Add extensions to ProtobufRpcEngine RequestHeaderProto,Resolved,Major,Fixed,The header used in ProtobufRpcEngine messages doesn't allow for new properties to be added by child classes. We can add a range of extensions that can be useful for proto classes that need to extend RequestHeaderProto.
13403017,NullPointerException when no HTTP response set on AbfsRestOperation,Resolved,Major,Fixed,"Seen when running HBase 2.2 on top of ABFS with Hadoop 3.1ish: {noformat} Caused by: java.lang.NullPointerException at org.apache.hadoop.fs.azurebfs.services.AbfsClient.renameIdempotencyCheckOp(AbfsClient.java:382) at org.apache.hadoop.fs.azurebfs.services.AbfsClient.renamePath(AbfsClient.java:348) at org.apache.hadoop.fs.azurebfs.AzureBlobFileSystemStore.rename(AzureBlobFileSystemStore.java:722) at org.apache.hadoop.fs.azurebfs.AzureBlobFileSystem.rename(AzureBlobFileSystem.java:327) at org.apache.hadoop.fs.FilterFileSystem.rename(FilterFileSystem.java:249) at org.apache.hadoop.hbase.regionserver.HRegionFileSystem.rename(HRegionFileSystem.java:1115) {noformat} Digging in, it looks like the {{AbfsHttpOperation}} inside of {{AbfsRestOperation}} may sometimes be null, but {{AbfsClient}} will try to unwrap it (and read the status code from the HTTP call). I'm not sure why we sometimes _get_ the null HttpOperation but it seems pretty straightforward to not get the NPE. HBase got wedged after this, but I'm not sure if it's because of this NPE or (perhaps) we weren't getting any responses from ABFS itself (i.e. there was some ABFS outage/unavailability or the node itself couldn't talk to"
13392111,ITestS3AContractDistCp failing IllegalStateException: WFOPENSSL0030 Running handshake with buffered unwrapped data,Resolved,Major,Cannot Reproduce,"Test failure against s3 london with ddb for s3guard.: IllegalStateException: WFOPENSSL0030 Running handshake with buffered unwrapped data This is on a system with openssl (LibreSSL 2.8.3) , wildfly possibly using it"
13398363,Build Hadoop on Centos 7,Resolved,Major,Fixed,"Getting Hadoop to build on Centos 7 will greatly benefit the community. Here, we aim to provide a Dockerfile that builds out the image with all the dependencies needed to build Hadoop on Centos 7."
13402524,s3a: set fs.s3a.downgrade.syncable.exceptions = true by default,Resolved,Major,Fixed,"HADOOP-17597 set policy of reacting to hsync() on an s3 output stream to be one of :Fail, warn, with default == fail. I propose downgrading this to warn. We've done it internally, after having it on fail long enough to identify which processes were doing either of * having unrealistic expectations about the output stream (fix: move off s3) * were using hflush() as a variant of flush(), with the failure being an over-reaction"
13395792,Run junit in Jenkins only if surefire reports exist,Resolved,Major,Fixed,We need to check if some xml files exist under surefire-reports before running junit in Jenkins. !image-2021-08-18-08-59-14-022.png|thumbnail!
13387080,Refactor fetching of credentials in Jenkins,Resolved,Major,Fixed,Need to refactor fetching of credentials in Jenkinsfile.
13402150,Lookup old S3 encryption configs for JCEKS,Resolved,Major,Fixed,HADOOP-17871 introduces new set of S3 encryption configs which are replaced by old property names during look-up. We need to look-up for both the properties since either could be set in a JCEKS file.
13404043,JsonSerialization raises EOFException reading JSON data stored on google GCS,Resolved,Major,Fixed,"The JsonSerialization<> load code doesn't work on gcs as it uses ""stream.available()"" to fail with a meaningful message if the stream is empty. But that method is meant to say how much data is available without blocking, something we actually get wrong ourselves. Google GCS team didn't get it wrong, so on a read(), if there's no local buffer, an EOFException is raised"
13392085,HADOOP-17817. S3A to raise IOE if both S3-CSE and S3Guard enabled,Resolved,Major,Fixed,Throw an exception if S3Guard and S3 Client-side encryption are enabled on a bucket. Follow-up to HADOOP-13887.
13392748,S3A Tests to skip if S3Guard and S3-CSE are enabled.,Resolved,Major,Fixed,Skip S3A tests when S3Guard and S3-CSE are enabled since it causes PathIOE otherwise.
13402856,Distcp file length comparison have no effect,Resolved,Major,Fixed,"the params for compareFileLengthsAndChecksums in RetriableFileCopyCommand have no effect current is {code:java} DistCpUtils.compareFileLengthsAndChecksums(source.getLen(), sourceFS, sourcePath, sourceChecksum, targetFS, targetPath, skipCrc, source.getLen());{code} {code:java} public static void compareFileLengthsAndChecksums(long srcLen, FileSystem sourceFS, Path source, FileChecksum sourceChecksum, FileSystem targetFS, Path target, boolean skipCrc, long targetLen) throws IOException { if (srcLen != targetLen) { throw new IOException( DistCpConstants.LENGTH_MISMATCH_ERROR_MSG + source + "" ("" + srcLen + "") and target:"" + target + "" ("" + targetLen + "")""); } {code} so, compare source.getLen() with source.getLen()... It should be like below in history view {code:java} DistCpUtils.compareFileLengthsAndChecksums(source.getLen(), sourceFS, sourcePath, sourceChecksum, targetFS, targetPath, skipCrc, offset + bytesRead); {code}"
13398783,Upgrade JSON smart to 1.3.3 on branch-2.10,Resolved,Major,Fixed,"Currently branch-2.10 is using JSON Smart 1.3.1 version which is vulnerable to [link CVE-2021-27568|https://nvd.nist.gov/vuln/detail/CVE-2021-27568]. We can upgrade the version to 1.3.1. +Description of the vulnerability:+ {quote}An issue was discovered in netplex json-smart-v1 through 2015-10-23 and json-smart-v2 through 2.4. An exception is thrown from a function, but it is not caught, as demonstrated by NumberFormatException. When it is not caught, it may cause programs using the library to crash or expose sensitive information.{quote}"
13402138,DistCp derives if XAttr is supported wrongly,Patch Available,Major,,"{color:#0033b3}public static void {color}{color:#00627a}checkFileSystemXAttrSupport{color}({color:#000000}FileSystem {color}fs) {color:#0033b3}throws {color}{color:#000000}XAttrsNotSupportedException {color}{ {color:#0033b3}try {color}{ fs.getXAttrs({color:#0033b3}new {color}Path({color:#000000}Path{color}.{color:#871094}SEPARATOR{color})); } {color:#0033b3}catch {color}({color:#000000}Exception {color}e) { {color:#0033b3}throw new {color}XAttrsNotSupportedException({color:#067d17}""XAttrs not supported for file system: "" {color} + fs.getUri()); } } IOExecption will also be treated as if Xattr is not supported, which would be wrong."
13404003,Some Hadoop 3.3.1 jdiff files are missing,Open,Major,,"When releasing 3.3.1, HDFS jdiff file is added by https://github.com/apache/hadoop/commit/a77bf7cf07189911da99e305e3b80c589edbbfb5, but the other jdiff files are missing. In addition, the base version is still 2.7.2 in hadoop-yarn and hadoop-mapreduce when running jdiff. The version should be upgraded."
13401679,Backport HADOOP-15993 to branch-3.2 which address CVE-2014-4611,Resolved,Major,Fixed,"Now the version is 0.8.2.1 and it has net.jpountz.lz4:lz4:1.2.0 dependency, which is vulnerable. ([https://cve.mitre.org/cgi-bin/cvename.cgi?name=CVE-2014-4611]) cc./ [~aajisaka]"
13402206,Upgrade OpenSSL to 1.1.1l for vulnerability fix,Open,Major,,A vulnerability scan reported the following CVEs in openSSL 1.1.1k in Hadoop: CVE-2021-3711 CVE-2021-3712 Affects jars : libssl.so.1.1 libcrypto.so.1.1 libcrypto.a libssl.a
13399445,Improve PrometheusSink for Namenode TopMetrics,Resolved,Major,Fixed,"HADOOP-16398 added exporter for hadoop metrics to prometheus. But some of metrics can't be exported validly. For example like these metrics, 1. -queue metrics for ResourceManager- {code:java} queue_metrics_max_capacity{queue=""root.queue1"",context=""yarn"",hostname=""rm_host1""} 1 // queue2's metric can't be exported queue_metrics_max_capacity{queue=""root.queue2"",context=""yarn"",hostname=""rm_host1""} 2 {code} -It always exported only one queue's metric because PrometheusMetricsSink$metricLines only cache one metric if theses metrics have the same name no matter these metrics has different metric tags.- 2. -rpc metrics for Namenode- -Namenode may have rpc metrics with multi port like service-rpc. But because the same reason as Issue 1, it wiil lost some rpc metrics if we use PrometheusSink.- {code:java} rpc_rpc_queue_time300s90th_percentile_latency{port=""9000"",servername=""ClientNamenodeProtocol"",context=""rpc"",hostname=""nnhost""} 0 // rpc port=9005 metric can't be exported rpc_rpc_queue_time300s90th_percentile_latency{port=""9005"",servername=""ClientNamenodeProtocol"",context=""rpc"",hostname=""nnhost""} 0 {code} 3. TopMetrics for Namenode org.apache.hadoop.hdfs.server.namenode.top.metrics.TopMetri"
13401763,memory field in SequenceFile.Sorter java int overflow,Open,Major,,"memory field in SequenceFile.Sorter, can cause run method in SequenceFile.Sorter.SortPass enter an endless loop. If you set the ""io.sort.mb"" attribute to a value greater than 2050, as a result of {code:java} this.memory = conf.getInt(CommonConfigurationKeys.IO_SORT_MB_KEY, CommonConfigurationKeys.SEQ_IO_SORT_MB_DEFAULT) * 1024 * 1024;{code} , memory field java int overflow, may become negative, so memoryLimit field in SequenceFile.Sorter.SortPass will be negative too, lead to run method in SequenceFile.Sorter.SortPass enter an endless loop."
13397455,fs.s3a.connection.maximum should be bigger than fs.s3a.threads.max,Resolved,Major,Fixed,
13401782,Refactor pkg-resolver installation,Open,Major,,"In the view of keeping the Dockerfiles free from installation logic, we need to move the code for installing pkg-resolver to a script file and only run this script file from Dockerfile. Right now, we're installing the dependencies of pkg-resolver directly in the Dockerfile itself."
13401591,Fix compilation error of ITUseHadoopCodecs with -DskipShade,Resolved,Major,Duplicate,"{noformat} [ERROR] Failed to execute goal org.apache.maven.plugins:maven-compiler-plugin:3.1:testCompile (default-testCompile) on project hadoop-client-integration-tests: Compilation failure: Compilation failure: [ERROR] /home/centos/srcs/hadoop/hadoop-client-modules/hadoop-client-integration-tests/src/test/java/org/apache/hadoop/example/ITUseHadoopCodecs.java:[34,28] cannot find symbol [ERROR] symbol: class RandomDatum [ERROR] location: package org.apache.hadoop.io [ERROR] /home/centos/srcs/hadoop/hadoop-client-modules/hadoop-client-integration-tests/src/test/java/org/apache/hadoop/example/ITUseHadoopCodecs.java:[100,16] package RandomDatum does not exist [ERROR] /home/centos/srcs/hadoop/hadoop-client-modules/hadoop-client-integration-tests/src/test/java/org/apache/hadoop/example/ITUseHadoopCodecs.java:[100,54] package RandomDatum does not exist [ERROR] /home/centos/srcs/hadoop/hadoop-client-modules/hadoop-client-integration-tests/src/test/java/org/apache/hadoop/example/ITUseHadoopCodecs.java:[103,7] cannot find symbol [ERROR] symbol: class RandomDatum [ERROR] location: class org.apache.hadoop.example.ITUseHadoopCodecs [ERROR] /home/centos/srcs/hadoop/hadoop-client-modules/hadoop-"
13400907,FileUtil#fullyDelete deletes contents of sym-linked directory when symlink cannot be deleted because of local fs fault,Resolved,Major,Fixed,"As discussed in HADOOP-6536, FileUtil#fullyDelete should not delete the contents of the sym-linked directory when we pass a symlink parameter. Currently we try to delete the resource first by calling deleteImpl, and if deleteImpl is failed, we regard it as non-empty directory and remove all its contents and then itself. This logic behaves wrong when local file system cannot delete symlink to a directory because of faulty disk, local system's error, etc. When we cannot delete it in the first time, hadoop will try to remove all the contents of the directory it pointed to and leave an empty dir. So, we should add an isSymlink checking before we call fullyDeleteContents to prevent such behavior."
13399896,Avoid using implicit dependency on junit-jupiter-api,Resolved,Major,Fixed,"Compilation of branch-3.3 fails due to lack of transitive dependency existing in trunk. {noformat} [ERROR] /home/centos/srcs/hadoop/hadoop-common-project/hadoop-common/src/test/java/org/apache/hadoop/fs/http/TestHttpFileSystem.java:[29,29] package org.junit.jupiter.api does not exist [ERROR] /home/centos/srcs/hadoop/hadoop-common-project/hadoop-common/src/test/java/org/apache/hadoop/fs/http/TestHttpFileSystem.java:[47,4] cannot find symbol symbol: class BeforeEach location: class org.apache.hadoop.fs.http.TestHttpFileSystem [INFO] 2 errors {noformat}"
13399586,CredentialProviderFactory.getProviders() recursion loading JCEKS file from s3a,Resolved,Major,Fixed,"{{CredentialProviderFactory.getProviders()}} will be called recursively if the FS being instantiated as a source of a JCECKs file calls {{Configuration.getPassword()}}. S3A FileSystem does this when looking at encryption settings, even when authentication is not being done by hadoop config options. Recursion is straightforward to detect, leaving a choice of actions # Fail # Fix by having getPassword() return null; this implicitly skips use of the credential providers for the nested FS instance. # fix by skipping the specific credential provider factory with the problem (warn first?) My preference is for #3."
13389868,Prometheus metrics only include the last set of labels,Resolved,Major,Fixed,"A prometheus endpoint was added in https://issues.apache.org/jira/browse/HADOOP-16398, but the logic that puts them into a map based on the ""key"" incorrectly hides any metrics with the same key but different labels. The relevant code is here: [https://github.com/apache/hadoop/blob/trunk/hadoop-common-project/hadoop-common/src/main/java/org/apache/hadoop/metrics2/sink/PrometheusMetricsSink.java#L55|https://github.com/apache/hadoop/blob/trunk/hadoop-common-project/hadoop-common/src/main/java/org/apache/hadoop/metrics2/sink/PrometheusMetricsSink.java#L55.] The labels/tags need to be taken into account, as different tags mean different metrics. For example, I came across this while trying to scrape metrics for all the queues in our scheduler. Only the last queue is included because all the metrics have the same ""key"" but a different ""queue"" label/tag."
13392845,Add BuiltInGzipCompressor,Resolved,Major,Fixed,"Currently, GzipCodec only supports BuiltInGzipDecompressor, if native zlib is not loaded. So, without Hadoop native codec installed, saving SequenceFile using GzipCodec will throw exception like ""SequenceFile doesn't work with GzipCodec without native-hadoop code!"" Same as other codecs which we migrated to using prepared packages (lz4, snappy), it will be better if we support GzipCodec generally without Hadoop native codec installed. Similar to BuiltInGzipDecompressor, we can use Java Deflater to support BuiltInGzipCompressor."
13400079,javadoc broken in branch-2.10 root,Open,Major,,I went through some of the qbt-reports email reports. I noticed that javadoc root was failing for quite sometime. {code:bash} [INFO] --- maven-javadoc-plugin:3.3.0:javadoc (default-cli) @ hadoop-main --- [WARNING] Error injecting: org.apache.maven.plugins.javadoc.JavadocReport java.lang.TypeNotPresentException: Type org.apache.maven.plugins.javadoc.JavadocReport not present at org.eclipse.sisu.space.URLClassSpace.loadClass(URLClassSpace.java:147) at org.eclipse.sisu.space.NamedClass.load(NamedClass.java:46) at org.eclipse.sisu.space.AbstractDeferredClass.get(AbstractDeferredClass.java:48) at com.google.inject.internal.ProviderInternalFactory.provision(ProviderInternalFactory.java:81) at com.google.inject.internal.InternalFactoryToInitializableAdapter.provision(InternalFactoryToInitializableAdapter.java:53) at com.google.inject.internal.ProviderInternalFactory$1.call(ProviderInternalFactory.java:65) at com.google.inject.internal.ProvisionListenerStackCallback$Provision.provision(ProvisionListenerStackCallback.java:115) at org.eclipse.sisu.bean.BeanScheduler$Activator.onProvision(BeanScheduler.java:176) at com.google.inject.internal.ProvisionListenerStackCallback$Provision.provision(
13399825,Upgrade BouncyCastle to 1.69,Resolved,Major,Duplicate,Vulnerabilities reported in BouncyCastle: [CVE-2020-26939|https://nvd.nist.gov/vuln/detail/CVE-2020-26939] moderate severity [CVE-2020-15522|https://nvd.nist.gov/vuln/detail/CVE-2020-15522] moderate severity Affecting releases before 1.66. Upgrade to latest 1.69.
13397747,Add config for Aliyun OSS cnam support,Open,Major,,"Add new config for Aliyun OSS cname support, enable user to close cname"
13398150,Unable to use custom SAS tokens for accessing files from ADLS gen2 storage accounts with hierarchical namespace enabled.,Open,Major,,"I have some parquet files in abfss://con@sa1.dfs.core.windows.net/folder1/. I generated the User Delegation SAS token with the following permission on 'folder1' SAS_SIGNED_PERMISSIONS -> ""racwdxltmeop"" But when I read from ""abfss://con@sa1.dfs.core.windows.net/folder1/"" I get a *HTTP 403 error*, I believe this happens when ABFSS driver makes use of `*getACLStatus*` API call to determine whether the storage service has hierarchical namespace enabled or not. I found a workaround, ie to set *fs.azure.account.hns.enabled* to *true* which would skip get ACL API call and as folder level SAS only works for HNS enabled accounts. May I know if this behavior is expected and the workaround I am using is stable for production use and if there are any hidden implications? Thank you in advance."
13397689,[KMS] FileNotFoundException due to inability to access zookeeper znode,Open,Major,,"A mysterious FileNotFoundException was thrown by KMS client. The KMS server did not log anything related to it. After extensive investigation it was realized it could be caused by either of the two Zookeeper errors: (1) unable to access the znode /zkdtsm due to Zookeeper ACL or other problems. (2) if there's a runtime dependency mismatch. In in case, our RangerKMS (where the HadoopKMS runtime is embedded), threw a NoSuchMethodError during curator initialization (the RangerKMS used an incompatible curator-recipes version at runtime). Curator was not initialized successfully and therefore unable to access the znode. In any case, it would be great to surface up the zookeeper issue to make troubleshooting easier."
13397407,[KMS] Some error messages are not logged in the KMS server,Open,Major,,"While troubleshooting a recent KMS issue, it was found a certain exceptions are not logged in the server side. When client got an error, for example, ""token xxx not found in the cache"", we wanted to find out more details from the server side (stack trace, exact exception...etc) but it was not found."
13395325,Hadoop NativeAzureFileSystem append removes ownership set on the file,Open,Major,,"*Repro:* Create Operation sets ownership whereas append operation removes the same. Create: *// -rw-r--r-- 1 root supergroup 1 2021-08-15 11:02 /tmp/dummyfile* Append: *// -rwxrwxrwx 1 <NULL> <NULL> 2 2021-08-15 11:04 /tmp/dummyfile* {code:java} import org.apache.hadoop.conf.Configuration; import org.apache.hadoop.fs.FSDataOutputStream; import org.apache.hadoop.fs.FileSystem; import org.apache.hadoop.fs.Path; import org.apache.hadoop.fs.permission.FsPermission; public class Wasb { private static final short FILE_LOG_PERMISSIONS = 0640; public static void main(String[] args) throws Exception { Configuration fsConf = new Configuration(); fsConf.set(""fs.azure.enable.append.support"", ""true""); Path filePath = new Path(""/tmp/dummyfile""); FileSystem fs = FileSystem.newInstance(filePath.toUri(), fsConf); FSDataOutputStream stream = fs.create(filePath, false); stream.write(12345); stream.close(); stream = fs.append(filePath); stream.write(888); stream.close(); fs.close(); } } {code}"
13392647,Move Ozone to related projects section,Resolved,Major,Fixed,"Hi all, as Ozone was spun to TLP, it has individual web site. Now on Modules part of Hadoop [website|https://hadoop.apache.org/], the link of Ozone website is old page. IMHO there are two ways to fix it : 1. update it to new page. 2. move Ozone to Related projects part on Hadoop website Please feel free to give me some feedback, thanks"
13391226,NPE in S3AInputStream read() after failure to reconnect to store,Resolved,Major,Fixed,"when [reading from S3a storage|https://github.com/apache/hadoop/blob/rel/release-3.2.0/hadoop-tools/hadoop-aws/src/main/java/org/apache/hadoop/fs/s3a/S3AInputStream.java#L450], SSLException (which extends IOException) happens, which will trigger [onReadFailure|https://github.com/apache/hadoop/blob/rel/release-3.2.0/hadoop-tools/hadoop-aws/src/main/java/org/apache/hadoop/fs/s3a/S3AInputStream.java#L458]. onReadFailure calls ""reopen"". it will first close the original *wrappedStream* and set *wrappedStream = null*, and then it will try to [re-get *wrappedStream*|https://github.com/apache/hadoop/blob/rel/release-3.2.0/hadoop-tools/hadoop-aws/src/main/java/org/apache/hadoop/fs/s3a/S3AInputStream.java#L184]. But what if the previous code [obtaining S3Object|https://github.com/apache/hadoop/blob/rel/release-3.2.0/hadoop-tools/hadoop-aws/src/main/java/org/apache/hadoop/fs/s3a/S3AInputStream.java#L183] throw exception, then ""wrappedStream"" will be null. And the [retry|https://github.com/apache/hadoop/blob/rel/release-3.2.0/hadoop-tools/hadoop-aws/src/main/java/org/apache/hadoop/fs/s3a/S3AInputStream.java#L446] mechanism may re-execute the [wrappedStream.read|https://github.com/apache/hadoop"
13395454,Upgrade ZooKeeper to 3.4.14 in branch-3.2,Resolved,Major,Fixed,Upgrade ZooKeeper 3.4.14 to fix CVE-2019-0201 (https://zookeeper.apache.org/security.html). That way the ZooKeeper version will be consistent with BigTop 3.0.0 (BIGTOP-3471).
13395417,Exclude spotbugs-annotations from transitive dependencies on branch-3.2,Resolved,Major,Fixed,"Building Hadoop in dist profile with ZooKeeper 3.4.14 fails on hadoop-client-check-test-invariants. Excluding com.github.spotbugs:spotbugs-annotation from transitive dependencies should fix this for users needing zookeeer-3.4.14. Since the dependency is provided/optional on ZooKeeper 3.5.x, branch-3.3 and above are not affected."
13393877,LocalFS to support ability to disable permission get/set; remove need for winutils,Open,Major,,"Setting FS permissions on windows has always been a paint point for people running spark standalone, creating files through localFS required WINUTILS.EX To do this I'm seeing some other demand for disabling setting permissions, primarily because if you mount storage (including azure storage) to a VM, you cant call setPermissions; things fail. Proposed: 1. we add an option to disable permission setting 2. we add a path capability, which for hdfs, abfs is always true (not sure about wasb as it varies on file vs dir) 3. we add the option to turn off permission get/set for RawLocalFileSystem and downgrade to a no-op on write, ug+rw on read (or even make configurable?) (Distcp should maybe probe the path and downgrade -p options if the dest store doesn't do perms properly, which argues for wasb to return true, so file perms are set)"
13392588,Remove dependency on jdom,Resolved,Major,Won't Do,"It doesn't seem that jdom is referenced anywhere in the code base now, yet it exists in the distribution. {code} $ find . -name ""*jdom*.jar"" ./hadoop-3.4.0-SNAPSHOT/share/hadoop/tools/lib/jdom-1.1.jar {code} There is recently [CVE-2021-33813|https://github.com/advisories/GHSA-2363-cqg2-863c] issued for jdom. Let's remove the binary from the dist if not useful."
13393148,Replacing native lib with their Java wrappers,Resolved,Major,Later,This is umbrella ticker covering all works for replacing native lib with their Java wrappers.
13387022,Parallelize stages in Jenkins,Open,Major,,Jenkins now builds for multiple environments as different stages. Need to parallelize them.
13393040,Upgrade log4j to fix critical vulnerability,Resolved,Major,Duplicate,CVE-2019-17571 - log4j-1.2.17 - (Fix available in log4j-2.8.2) Please upgrade to log4j-2.8.2 to fix vulnerability
13392999,Add Dockerfile for Ubuntu 18.04,Open,Major,,Adding a Dockerfile for building on Ubuntu 18.04 since there are a lot of users in the community using this distro.
13392997,Add Dockerfile for Fedora 33,Open,Major,,Adding a Dockerfile for building on Fedora 33 since there are a lot of users in the community using this distro.
13391077,WARN security.LdapGroupsMapping: Failed to get groups for user,Open,Major,,"I run hadoop with ldap hadoop.security.group.mapping=org.apache.hadoop.security.LdapGroupsMapping hadoop.security.group.mapping.ldap.bind.user=uid=ldapadmin,ou=people,dc=join,dc=com hadoop.security.group.mapping.ldap.bind.password=00000 hadoop.security.group.mapping.ldap.base=dc=join,dc=com hadoop.security.group.mapping.ldap.search.filter.user=(&(objectClass=posixAccount)(uid=\{0})) hadoop.security.group.mapping.ldap.search.filter.group=(objectClass=posixGroup) hadoop.security.group.mapping.ldap.search.attr.member=memberUid hadoop.security.group.mapping.ldap.search.attr.group.name=cn but I run spark,I get a WARN *(LdapGroupsMapping:290)2021-07-13 13:02:45,523 WARN - [pool-2-thread-4:] ~ Failed to get groups for user jztwk (retry=0) by javax.naming.OperationNotSupportedException: [LDAP: error code 53 - unauthenticated bind (DN with no password) disallowed]* and I *ldapsearch -x -D ""uid=ldapadmin,ou=people,dc=join,dc=com"" -W -b ""dc=join,dc=com""* can get result *hdfs groups yarn* *yarn : hadoop spark yarn* so How can I fix it CDH 6.3.2"
13389816,Remove WARN logging from LoggingAuditor when executing a request outside an audit span,Resolved,Major,Fixed,"Removing WARN logging when executing a request outside an audit span, since it would be present in DEBUG level."
13389522,CLONE - Uber-JIRA: Hadoop should support IPv6,Open,Major,,"Hadoop currently treats IPv6 as unsupported. Track related smaller issues to support IPv6. (Current case here is mainly HBase on HDFS, so any suggestions about other test cases/workload are really appreciated.) Please see [Here | https://issues.apache.org/jira/browse/HADOOP-11890?focusedCommentId=17379845&page=com.atlassian.jira.plugin.system.issuetabpanels%3Acomment-tabpanel#comment-17379845] for more details."
13388337,Add a sample configuration to use ZKDelegationTokenSecretManager in Hadoop KMS,Resolved,Major,Fixed,The following parameters should be documented in https://hadoop.apache.org/docs/stable/hadoop-kms/index.html#Delegation_Tokens * hadoop.kms.authentication.zk-dt-secret-manager.enable * hadoop.kms.authentication.zk-dt-secret-manager.kerberos.keytab * hadoop.kms.authentication.zk-dt-secret-manager.kerberos.principal * hadoop.kms.authentication.zk-dt-secret-manager.zkConnectionString * hadoop.kms.authentication.zk-dt-secret-manager.znodeWorkingPath * hadoop.kms.authentication.zk-dt-secret-manager.zkAuthType
13388168,"""hadoop.security.token.service.use_ip"" should be documented",Resolved,Major,Duplicate,hadoop.security.token.service.use_ip is not documented in core-default.xml. It should be documented.
13389614,S3A Xattr/getXAttr to handle directories without markers,Open,Minor,,"The XAttr support in S3 raises FNFE if given a directory as a path when that directory has children but no marker. It should somehow downgrade (e.g. FNFE -> probe for a dir, and if found return an empty set of headers)"
13395707,ABFS: Test with 100MB buffer size in ITestAbfsReadWriteAndSeek times out,Open,Minor,,"testReadAndWriteWithDifferentBufferSizesAndSeek with buffer size above 100 MB is failing with timeout. It is delaying the whole test run by 15-30 mins. [ERROR] testReadAndWriteWithDifferentBufferSizesAndSeek[Size=104,857,600](org.apache.hadoop.fs.azurebfs.ITestAbfsReadWriteAndSeek) Time elapsed: 1,800.041 s <<< ERROR! org.junit.runners.model.TestTimedOutException: test timed out after 1800000 milliseconds at sun.misc.Unsafe.park(Native Method) at java.util.concurrent.locks.LockSupport.park(LockSupport.java:175) at java.util.concurrent.FutureTask.awaitDone(FutureTask.java:429) at java.util.concurrent.FutureTask.get(FutureTask.java:191) at org.apache.hadoop.fs.azurebfs.services.AbfsOutputStream.waitForAppendsToComplete(AbfsOutputStream.java:515) at org.apache.hadoop.fs.azurebfs.services.AbfsOutputStream.flushWrittenBytesToService(AbfsOutputStream.java:533) at org.apache.hadoop.fs.azurebfs.services.AbfsOutputStream.flushInternal(AbfsOutputStream.java:377) at org.apache.hadoop.fs.azurebfs.services.AbfsOutputStream.close(AbfsOutputStream.java:337) at org.apache.hadoop.fs.FSDataOutputStream$PositionCache.close(FSDataOutputStream.java:77) at org.apache.hadoop.fs.FSDataOutputStream.close(F"
13397810,ABFS to log @ debug each config option *And where it comes from*,Open,Minor,,"as with the other stores, there's a lot of options in abfs related to authentication, and when they are misconfigured, nothing works. cloudstore's storediag can print out the options and their origins, but it's a command line tool, so cannot debug what applications like spark or hive are getting. Proposed: as each config option is resolved, print out where it came from, including which jcecks credential provider."
13400246,AbstractAbfsIntegrationTest.createFilesystemForSASTests() leaks FS instances,Open,Minor,,"I've noticed in MAPREDUCE-7341 that ABFS ITests had a lot of FS instances closed in the shutdown hook. Tracked down to the fact that {{AbstractAbfsIntegrationTest.createFilesystemForSASTests()}} creates a temp FS via newInstance(), and doesn't close it...the instance is kept in the cache until shutdown. I'm going to fix it in MAPREDUCE-7341, though it's something minor which could be pulled out for backporting"
13389406,transient failure of ITestAbfsListStatusRemoteIterator.testWithAbfsIteratorDisabledWithoutHasNext,Open,Minor,,"assert failure of {{ITestAbfsListStatusRemoteIterator.estWithAbfsIteratorDisabledWithoutHasNext}} on a (probably) overloaded parallel test run. Did not occur standalone. Before identifying/fixing causes, the test case could be improved for more informative error reporting * report when the fileNames.remove(pathStr) call returned false: the listing had found an unexpected value * tune the assert which did fail to include the unknown element. This may just be a bug from duplicate filenames, in which case the patch in progress for that should make it ""go away"""
13404150,Update commons-lang to 3.12.0,Resolved,Minor,Fixed,"our commons-lang3 dependency is currently 3.7, which is nearly 4 years old. latest right now is 3.12 and there are at least some fixes that would make us more robust on JDKs newer than openjdk8 (e.g. LANG-1384. [release notes indicate 3.9 is the first to support jdk11|https://commons.apache.org/proper/commons-lang/changes-report.html])."
13402809,Fix typos in usage message in winutils.exe,Resolved,Minor,Fixed,The usage message for task creation in winutils.exe has a few typos: * OPTOINS * cup rate
13398869,The error of Constant annotation in AzureNativeFileSystemStore.java,Resolved,Minor,Fixed,
13403646,Update xerces to 2.12.1,Resolved,Minor,Fixed,Update xerces due to CVE-2012-0881
13401370,Print RPC response length in the exception message,Resolved,Minor,Fixed,"To facilitate problem tracking, we can print RPC Response Length in the exception message."
13393766,Make it easier to debug UnknownHostExceptions from NetUtils.connect,Resolved,Minor,Fixed,"Most UnknownHostExceptions thrown throughout hadoop include a useful message, either the hostname that was not found or some other descriptor of the problem. The UnknownHostException thrown from NetUtils.connect only includes the [message of the underlying UnresolvedAddressException|https://github.com/apache/hadoop/blob/trunk/hadoop-common-project/hadoop-common/src/main/java/org/apache/hadoop/net/NetUtils.java#L592]. If you take a look at the source for UnresolvedAddressException, [it only has a no-args constructor|https://docs.oracle.com/en/java/javase/11/docs/api/java.base/java/nio/channels/UnresolvedAddressException.html] (java11, but same is true in other versions). So it never has a message, meaning the UnknownHostException message is empty. We should include the endpoint.toString() in the UnknownHostException thrown by NetUtils.connect"
13390918,ipc.Client not setting interrupt flag after catching InterruptedException,Resolved,Minor,Fixed,ipc.Client is swallowing InterruptedException at a couple of places: # While waiting on all connections to be closed # While waiting to retrieve some RPC response We should at least set the interrupt signal and also log the InterruptedException caught.
13394094,Remove ListenerHandle from Hadoop registry,Resolved,Minor,Fixed,"As part of HADOOP-17835 (replacing PathChildrenCache/TreeCache by CuratorCache), realized that although registerPathListener() of CuratorService returns ListenerHandle, it is not used by RegistryDNSServer. We can remove ListenerHandle from hadoop-registry as it is not Public/LP interface."
13401775,Fix command line example in Hadoop Cluster Setup documentation,Resolved,Minor,Fixed,"About Hadoop cluster setup documentation ([https://hadoop.apache.org/docs/stable/hadoop-project-dist/hadoop-common/ClusterSetup.html]) The option <cluster_name> is specified in the following example, but HDFS command ignores it. {noformat} `[hdfs]$ $HADOOP_HOME/bin/hdfs namenode -format <cluster_name>` {noformat}"
13392813,ITestCustomSigner fails with NPE against private endpoint,Resolved,Minor,Cannot Reproduce,ITestCustomSigner fails when the tester is pointed at a private endpoint
13393249,Improve Magic Committer Performance,Resolved,Minor,Fixed,"Magic committer tasks can be slow because every file created with overwrite=false triggers a HEAD (verify there's no file) and a LIST (that there's no dir). And because of delayed manifestations, it may not behave as expected. ParquetOutputFormat is one example of a library which does this. we could fix parquet to use overwrite=true, but (a) there may be surprises in other uses (b) it'd still leave the list and (c) do nothing for other formats call Proposed: createFile() under a magic path to skip all probes for file/dir at end of path Only a single task attempt Will be writing to that directory and it should know what it is doing. If there is conflicting file names and parts across tasks that won't even get picked up at this point. Oh and none of the committers ever check for this: you'll get the last file manifested (s3a) or renamed (file) If we skip the checks we will save 2 HTTP requests/file."
13394128,S3a parquet reads slow with Spark on Kubernetes (EKS),Resolved,Minor,Works for Me,"I am trying to read parquet saved in S3 via Spark on EKS using hadoop-AWS 3.2.0. There are 112 partitions (each around 130MB) for a particular month. The data is being read but very very slowly. I just keep seeing below and very small dataset actually being fetched. 21/08/09 05:07:05 DEBUG Executor task launch worker for task 60.0 in stage 3.0 (TID 63) Invoker: Values passed - text: read on s3a://uat1-prp-rftu-25-045552507264-us-east-1/xxxx/yyyy/zzzz/table_fact_mtd_c/ptn_val_txt=20200229/part-00012-32dbfb10-b43c-4066-a70e-d3575ea530d5-c000.snappy.parquet, idempotent: true, Retried: org.apache.hadoop.fs.s3a.S3AFileSystem$$Lambda$1199/2130521693@5259f9d0, Operation:org.apache.hadoop.fs.s3a.Invoker$$Lambda$1239/37396157@454de3d3 21/08/09 05:07:05 DEBUG Executor task launch worker for task 60.0 in stage 3.0 (TID 63) Invoker: retryUntranslated begin 21/08/09 05:07:05 DEBUG Executor task launch worker for task 60.0 in stage 3.0 (TID 63) Invoker: Values passed - text: lazySeek on s3a://uat1-prp-rftu-25-045552507264-us-east-1/xxxx/yyyy/zzzz/table_fact_mtd_c/ptn_val_txt=20200229/part-00012-32dbfb10-b43c-4066-a70e-d3575ea530d5-c000.snappy.parquet, idempotent: true, Retried: org.apache.hadoop"
13393431,Improve logging on ABFS error reporting,Resolved,Minor,Fixed,"Large 10GB download from abfs failing after 50 minutes, connection reset Assumptions * Azure storage/routers etc get bored of long-lived HTTP connections * ABFS client doesn't recover from socket exceptions"
13395549,S3A to support user-specified content encoding,Resolved,Minor,Fixed,User-specified object content-encoding (part of the object metadata) is important for allowing compressed files to be processed in the AWS ecosystem. We should allow the user to specify the content encoding of the files being written. metadata can not be changed after a file is written without a rewrite.
13403847,abfs & s3a FS instantiate triggers warning about deprecated io.bytes.per.checksum,Resolved,Minor,Duplicate,"If you don't turn off the deprecation log, you get told off about dfs.bytes-per-checksum {code} 2021-09-28 15:40:26,551 INFO Configuration.deprecation: io.bytes.per.checksum is deprecated. Instead, use dfs.bytes-per-checksum {code} proposed * find out where it's used/set * stop it"
13403189,ITestS3ADeleteFilesOneByOne. testBulkRenameAndDelete OOM: Direct buffer memory,Open,Minor,,"on a test setup with bytebuffer, the parallel zero-byte file create phase OOMed fs.s3a.fast.upload.buffer = ""bytebuffer"" [core-site.xml] fs.s3a.fast.upload.active.blocks = ""8"" [core-site.xml] fs.s3a.multipart.size = ""32M"" [core-site.xml] Root cause: bytebuffer is being allocated on block creation, so every empty file took up 32MB of off-heap storage only for this to be released unused in close() If this allocation was postponed until the first write(), then empty files wouldn't need any memory allocation. Do the same on-demand creation for byte arrays and filesystem would also have benefits. this has implications for HADOOP-17195, which has abfs using a fork of the buffering code changing the code there to be on-demand would be a good incentive for s3a to adopt"
13396146,JsonSerDeser to collect IOStatistics,Resolved,Minor,Won't Fix,"json deserializer to build stats on reading costs, which can then be collected too to measure cost of ser/deser and of file IO from the input/output streams, if they provide it. Allows for committers to report costs better here."
13397139,ABFS: Fix compiler deprecation warning in TextFileBasedIdentityHandler,Resolved,Minor,Fixed,"TextFileBasedIdentityHandler uses an instance of LineIterator whose closeQuietly method has been deprecated, resulting in compiler warnings during yetus runs. Fix by leveraging a try-with-resources block to avoid the explicit call to closeQuietly by the LineIterator instance. hadoop-tools/hadoop-azure/src/main/java/org/apache/hadoop/fs/azurebfs/utils/TextFileBasedIdentityHandler.java:192:18:[deprecation] closeQuietly(LineIterator) in LineIterator has been deprecated"
13402862,"Document of ""DistCp Guide"" is wrong",Open,Minor,,"In [https://hadoop.apache.org/docs/stable/hadoop-distcp/DistCp.html] ,it says {quote}Now, consider the following copy operation: distcp hdfs://nn1:8020/source/first hdfs://nn1:8020/source/second hdfs://nn2:8020/target With sources/sizes: hdfs://nn1:8020/source/first/1 32 hdfs://nn1:8020/source/first/2 32 hdfs://nn1:8020/source/second/10 64 hdfs://nn1:8020/source/second/20 32 And destination/sizes: hdfs://nn2:8020/target/1 32 hdfs://nn2:8020/target/10 32 hdfs://nn2:8020/target/20 64 Will effect: hdfs://nn2:8020/target/1 32 hdfs://nn2:8020/target/2 32 hdfs://nn2:8020/target/10 64 hdfs://nn2:8020/target/20 32 {quote} However, since neither _{{-update}}_ or _-overwrite_ is used, _*first*_ and _*second*_ directories will be created"
13400921,Add missing RELEASENOTES and CHANGELOG to upstream,Resolved,Minor,Fixed,"RELEASENOTES and CHANGELOG of 2.10.1, 3.1.4 and 3.3.0 are missing in trunk."
13397521,S3A CSE: minor tuning,Resolved,Minor,Fixed,"Some minor tuning to the CSE encryption support before backporting to 3.3.x and so shipping this year * LogExactlyOnce an ""please ignore the warning"" message to a new log (""org.apache.hadoop.fs.s3a.encryption"") which can be set to ERROR if you get bored of the message. * Extend testing_s3a.md and the SDK upgrade runbook: test CSE always * change property name of encryption key (maybe: fs.s3a.encryption) and add mapping in S3AFileSystem.addDeprecatedKeys ... docs will need updating too."
13402349,BUILDING.txt should not encourage to activate docs profile on building binary artifacts,Resolved,Minor,Fixed,"BUILDING.txt in trunk([https://github.com/apache/hadoop/blob/4d21655d04d1b488fe37e908d75f833c1aa66b01/BUILDING.txt#L350]) explains how to create binary distribution with documentation and shows the following command line examples. {noformat} `$ mvn package -Pdist,native,docs -DskipTests -Dtar` `$ mvn package -Pdist,native,docs,src -DskipTests -Dtar` {noformat} But, they output errors as follows. Class duplication causes this problem. Results: {noformat} [INFO] -------< org.apache.hadoop:hadoop-client-check-test-invariants >-------- [INFO] Building Apache Hadoop Client Packaging Invariants for Test 3.4.0-SNAPSHOT [105/112] [INFO] --------------------------------[ pom ]--------------------------------- ... [INFO] --- maven-enforcer-plugin:3.0.0-M1:enforce (enforce-banned-dependencies) @ hadoop-client-check-test-invariants --- [INFO] Adding ignorable dependency: org.apache.hadoop:hadoop-annotations:null [INFO] Adding ignore: * [WARNING] Rule 1: org.apache.maven.plugins.enforcer.BanDuplicateClasses failed with message: Duplicate classes found: Found in: org.apache.hadoop:hadoop-client-minicluster:jar:3.4.0-SNAPSHOT:compile org.apache.hadoop:hadoop-client-runtime:jar:3.4.0-SNAPSHOT:comp"
13400952,cleanupTempFiles in CopyCommitter can work with directWrite option,Open,Minor,,"If directWrite is true, then cleanupTempFiles is unnecessary."
13402393,Maven-eclipse-plugin is no longer needed since Eclipse can import Maven projects by itself.,Resolved,Minor,Fixed,"BUILDING.txt explains the way to import projects to eclipse. However, when you follow the instruction, you can't import the entire source tree (e.g., hadoop-project directory). In addition to this, maven-eclipse-plugin has already retired. There is a simpler way to import it without maven-eclipse-plugin. {noformat} Importing projects to eclipse When you import the project to eclipse, install hadoop-maven-plugins at first. $ cd hadoop-maven-plugins $ mvn install Then, generate eclipse project files. $ mvn eclipse:eclipse -DskipTests At last, import to eclipse by specifying the root directory of the project via [File] > [Import] > [Existing Projects into Workspace]. {noformat}"
13399734,Allow nested blocks in switch case in checkstyle settings,Resolved,Minor,Fixed,Nested blocks in switch case are used in existing code and checkstyle warning are just ignored. It should be allowed in project checkstyle settings.
13397460,HTTP Filesystem to qualify paths in open()/getFileStatus(),Resolved,Minor,Fixed,"HTTP filesystem is inconsistent with other filesystem (eg: S3AFilesystem) in that they don't accept Path which is relative to the URL that the filesystem is instantiated with. As in {code:java} FileSystem.get(""http://www.example.com"").open(new Path(""/test"")){code} will fail with URI not absolute. But it should infact fetch {{http://www.example.com/test}}"
13390158,YarnClient Caching Addresses,Open,Minor,,"We have noticed that when the YarnClient is initialized and used, it is not very resilient when dns or /etc/hosts is modified in the following scenario: Take for instance the following (and reproducable) sequence of events that can occur on a service that instantiates and uses YarnClient. - Yarn has rm HA enabled (*yarn.resourcemanager.ha.enabled* is *true*) and there are two rms (rm1 and rm2). - *yarn.client.failover-proxy-provider* is set to *org.apache.hadoop.yarn.client.RequestHedgingRMFailoverProxyProvider* 1) rm2 is currently the active rm 2) /etc/hosts (or dns) is missing host information for rm2 3) A service is started and it initializes the YarnClient at startup. 4) At some point in time after YarnClient is done initializing, /etc/hosts is updated and contains host information for rm2 5) Yarn is queried, for instance calling *yarnclient.getApplications()* 6) All YarnClient attempts to communicate with rm2 fail with UnknownHostExceptions, even though /etc/hosts now contains host information for it."
13396633,DNS Query on DNS Registry got connection timed out at times.,Open,Minor,,"DNS query on YARN Registry DNS got connection timed out at times. After checking logs on registry dns, we found the cause that size of UDP Response is greater than Preallocated Byte buffer(4096) We added failsafe case by returning input query with TC flag so that client can know they should retried using TCP protocol. We found the problem and patched our cluster on 3.1.2 but it seems trunk still has the same problem. I attached patch based on the trunk. Thanks!"
13394820,Update link of wiki on README,Resolved,Minor,Not A Problem,The [README|https://github.com/apache/hadoop#readme] on [github repo|https://github.com/apache/hadoop] is deprecated now. Let's update it to [HADOOP2|https://cwiki.apache.org/confluence/display/HADOOP2]
13393864,Update link of PoweredBy wiki page,Resolved,Minor,Fixed,The [PoweredBy wiki page|https://cwiki.apache.org/confluence/display/hadoop/PoweredBy] on [main page|https://hadoop.apache.org/] is not found. IMHO update it to [here|https://cwiki.apache.org/confluence/display/HADOOP2/PoweredBy]
13393879,Backport HADOOP-17837 to branch-3.2,Resolved,Minor,Fixed,
13391199,ABFS ExponentialRetryPolicy doesn't pick up configuration values,Resolved,Minor,Fixed,"The ABFS driver uses ExponentialRetryPolicy to handle throttling by the ADLS Gen 2 API. The number of retries can already be configured by setting the property fs.azure.io.retry.max.retries. However, none of the other properties on ExponentialRetryPolicy can be set even though configuration properties have already been defined for them. Allow the additional properties (min/max retry wait, default wait) to be configured."
13387361,S3 CSV read performance with Spark with Hadoop 3.3.1 is slower than older Hadoop,Resolved,Minor,Works for Me,"This is issue is continuation to https://issues.apache.org/jira/browse/HADOOP-17755 The input data reported by Spark(Hadoop 3.3.1) was almost double and read runtime also increased (around 20%) compared to Spark(Hadoop 3.2.0) with same exact amount of resource and same configuration. And this is happening with other jobs as well which was not impacted by read fully error as stated above. *I was having the same exact issue when I was using the workaround fs.s3a.readahead.range = 1G with Hadoop 3.2.0* Below is further details : |Hadoop Version|Actual size of the files(in SQL Tab)|Reported size of the file(In Stages)|Time to complete the Stage|fs.s3a.readahead.range| |Hadoop 3.2.0|29.3 GiB|29.3 GiB|23 min|64K| |Hadoop 3.3.1|29.3 GiB|*{color:#ff0000}58.7 GiB{color}*|*{color:#ff0000}27 min{color}*|{color:#172b4d}64K{color}| |Hadoop 3.2.0|29.3 GiB|*{color:#ff0000}58.7 GiB{color}*|*{color:#ff0000}~27 min{color}*|{color:#172b4d}1G{color}| * *Shuffle Write* is same (95.9 GiB) for all the above three cases I was expecting some improvement(or same as 3.2.0) with Hadoop 3.3.1 with read operations, please suggest how to approach this and resolve this. I have used the default s3a config along wi"
13391082,[KMS] LoadBalancingKMSClientProvider should implement toString(),Open,Minor,,"KMSClientProvider implements toString() but LoadBalancingKMSClientProvider does not inherit from KMSClientProvider, nor does it implement toString(). So running hadoop key command does not show key provider URL: {noformat} bin/hadoop key list -metadata 2021-07-21 15:26:43,856 WARN util.NativeCodeLoader: Unable to load native-hadoop library for your platform... using builtin-java classes where applicable Listing keys for KeyProvider: org.apache.hadoop.crypto.key.kms.LoadBalancingKMSClientProvider@394a2528{noformat}"
13389884,IOStatistisSource to add new adder methods,Open,Minor,,"Based on experience of Manifest committer of MAPREDUCE-7341: * operation to take a key and a count and a mean entry, min, max and count: addStatsSample(String key, long count) * operation to add a mean and sample count to a mean value."
13337003,mvn verify fails due to duplicate entry in the shaded jar,Resolved,Blocker,Cannot Reproduce,Found this when I was chasing a separate shading error with [~smeng]. In trunk: run mvn verify under hadoop-client-module/ {noformat} [INFO] ------------------------------------------------------------------------ [INFO] Reactor Summary for Apache Hadoop Client Modules 3.4.0-SNAPSHOT: [INFO] [INFO] Apache Hadoop Client Aggregator .................... SUCCESS [ 2.607 s] [INFO] Apache Hadoop Client API ........................... SUCCESS [03:16 min] [INFO] Apache Hadoop Client Runtime ....................... SUCCESS [01:30 min] [INFO] Apache Hadoop Client Test Minicluster .............. FAILURE [04:44 min] [INFO] Apache Hadoop Client Packaging Invariants .......... SKIPPED [INFO] Apache Hadoop Client Packaging Invariants for Test . SKIPPED [INFO] Apache Hadoop Client Packaging Integration Tests ... SKIPPED [INFO] Apache Hadoop Client Modules ....................... SKIPPED [INFO] ------------------------------------------------------------------------ [INFO] BUILD FAILURE [INFO] ------------------------------------------------------------------------ [INFO] Total time: 09:34 min [INFO] Finished at: 2020-10-23T16:38:53-07:00 [INFO] -----------------------------------------------------
13338141,S3A NetworkBinding has a runtime class dependency on a third-party shaded class,Resolved,Blocker,Fixed,"The hadoop-aws library has a dependency on 'com.amazonaws':aws-java-sdk-bundle' which in turn is a fat jar of all AWS SDK libraries and shaded dependencies. This dependency is 181MB. Some applications using the S3AFilesystem may be sensitive to having a large footprint. For example, building an application using Parquet and bundled with Docker. Typically, in prior Hadoop versions, the bundle was replaced by the specific AWS SDK dependencies, dropping the overall footprint. In 3.3 (and maybe prior versions) this strategy does not work because of the following exception: {{java.lang.NoClassDefFoundError: com/amazonaws/thirdparty/apache/http/conn/socket/ConnectionSocketFactory}} {{ at org.apache.hadoop.fs.s3a.S3AUtils.initProtocolSettings(S3AUtils.java:1335)}} {{ at org.apache.hadoop.fs.s3a.S3AUtils.initConnectionSettings(S3AUtils.java:1290)}} {{ at org.apache.hadoop.fs.s3a.S3AUtils.createAwsConf(S3AUtils.java:1247)}} {{ at org.apache.hadoop.fs.s3a.DefaultS3ClientFactory.createS3Client(DefaultS3ClientFactory.java:61)}} {{ at org.apache.hadoop.fs.s3a.S3AFileSystem.bindAWSClient(S3AFileSystem.java:644)}} {{ at org.apache.hadoop.fs.s3a.S3AFileSystem.initialize(S3AFileSystem.java:390)}} {"
13339470,Hadoop GPG key is not valid,Resolved,Blocker,Done,"Hi, I build regular hadoop images. At the moment the KEYS file ([https://dist.apache.org/repos/dist/release/hadoop/common/KEYS]) is invalid. Error-Message: {code:java} gpg: key FC8D04357BB49FF0: public key ""Sammi Chen (CODE SIGNING KEY) <sammichen@apache.org>"" imported gpg: invalid armor header: mQINBF9U5ZcBEADJS2a8ihhZtN1wXOJfyLZreuHL9HJxRvogQbhrhpFQrKAusdf2\n gpg: CRC error; 95D523 - 51AC03 gpg: packet(7) with unknown version 103 gpg: read_block: read error: Unknown version in packet gpg: import from '/tmp/KEYS' failed: Invalid keyring gpg: Total number processed: 60 gpg: imported: 60 gpg: no ultimately trusted keys found {code} Steps to reproduce: * Install Docker * Create a Dockerfile with the following Content ** {code:java} FROM alpine:3.12 RUN set -ex && \ /sbin/apk add --no-cache wget gnupg tar && \ # Install Hadoop /usr/bin/wget -nv https://dist.apache.org/repos/dist/release/hadoop/common/KEYS -O /tmp/KEYS && \ /usr/bin/gpg --import /tmp/KEYS {code} * Run docker build ** {code:java} docker build -t hadoop-test -f Dockerfile . {code} Other users complaining about this error: - [https://askubuntu.com/questions/1290190/hadoop-gpg-key-is-not-valid-no-ultimately-trusted-keys-fo"
13336805,Don't relocate org.bouncycastle in shaded client jars,Resolved,Critical,Fixed,"When downstream apps depend on {{hadoop-client-api}}, {{hadoop-client-runtime}} and {{hadoop-client-minicluster}}, it seems the {{MiniYARNCluster}} could have issue because {{org.apache.hadoop.shaded.org.bouncycastle.operator.OperatorCreationException}} is not in any of the above jars. {code} Error: Caused by: sbt.ForkMain$ForkError: java.lang.ClassNotFoundException: org.apache.hadoop.shaded.org.bouncycastle.operator.OperatorCreationException Error: at java.net.URLClassLoader.findClass(URLClassLoader.java:382) Error: at java.lang.ClassLoader.loadClass(ClassLoader.java:419) Error: at sun.misc.Launcher$AppClassLoader.loadClass(Launcher.java:352) Error: at java.lang.ClassLoader.loadClass(ClassLoader.java:352) Error: at org.apache.hadoop.yarn.server.resourcemanager.ResourceManager$RMActiveServices.serviceInit(ResourceManager.java:862) Error: at org.apache.hadoop.service.AbstractService.init(AbstractService.java:164) Error: at org.apache.hadoop.yarn.server.resourcemanager.ResourceManager.createAndInitActiveServices(ResourceManager.java:1296) Error: at org.apache.hadoop.yarn.server.resourcemanager.ResourceManager.serviceInit(ResourceManager.java:339) Error: at org.apache.hadoop.service.A"
13337005,NPE when starting MiniYARNCluster from hadoop-client-minicluster,Resolved,Critical,Fixed,"When starting MiniYARNCluster one could get the following exception: {code} java.lang.NullPointerException: at org.apache.hadoop.yarn.server.nodemanager.webapp.WebServer.serviceStart(WebServer.java:72) at org.apache.hadoop.service.AbstractService.start(AbstractService.java:194) at org.apache.hadoop.service.CompositeService.serviceStart(CompositeService.java:122) at org.apache.hadoop.service.AbstractService.start(AbstractService.java:194) at org.apache.hadoop.yarn.server.MiniYARNCluster$NodeManagerWrapper.serviceStart(MiniYARNCluster.java:616) at org.apache.hadoop.service.AbstractService.start(AbstractService.java:194) at org.apache.hadoop.service.CompositeService.serviceStart(CompositeService.java:122) at org.apache.hadoop.yarn.server.MiniYARNCluster.serviceStart(MiniYARNCluster.java:327) at org.apache.hadoop.service.AbstractService.start(AbstractService.java:194) at org.apache.spark.deploy.yarn.BaseYarnClusterSuite.beforeAll(BaseYarnClusterSuite.scala:96) ... {code} Looking into the code, this is because we explicitly exclude resource files under {{hadoop-yarn-project/hadoop-yarn/hadoop-yarn-server/hadoop-yarn-server-nodemanager/src/main/resources/TERMINAL}}, and therefore this co"
13335750,WASB : PageBlobOutputStream succeeding hflush even when underlying flush to storage failed,Resolved,Critical,Fixed,"In PageBlobOutputStream, write() APIs will fill the buffer and hflush/hsync/flush call will flush the buffer to underlying storage. Here the Azure calls are handled in another thread {code} private synchronized void flushIOBuffers() { ... lastQueuedTask = new WriteRequest(outBuffer.toByteArray()); ioThreadPool.execute(lastQueuedTask); .... } private class WriteRequest implements Runnable { private final byte[] dataPayload; private final CountDownLatch doneSignal = new CountDownLatch(1); public WriteRequest(byte[] dataPayload) { this.dataPayload = dataPayload; } public void waitTillDone() throws InterruptedException { doneSignal.await(); } @Override public void run() { try { LOG.debug(""before runInternal()""); runInternal(); LOG.debug(""after runInternal()""); } finally { doneSignal.countDown(); } } private void runInternal() { ...... writePayloadToServer(rawPayload); ........... } private void writePayloadToServer(byte[] rawPayload) { ...... try { blob.uploadPages(wrapperStream, currentBlobOffset, rawPayload.length, withMD5Checking(), PageBlobOutputStream.this.opContext); } catch (IOException ex) { lastError = ex; } catch (StorageException ex) { lastError = new IOException(ex); } if ("
13334306,ABFS: read-ahead error reporting breaks buffer management,Resolved,Critical,Fixed,"When reads done by readahead buffers failed, the exceptions where dropped and the failure was not getting reported to the calling app. Jira HADOOP-16852: Report read-ahead error back tried to handle the scenario by reporting the error back to calling app. But the commit has introduced a bug which can lead to ReadBuffer being injected into read completed queue twice."
13344113,GCS to support per-bucket configuration,Open,Major,,S3 (HADOOP-13336) and Azure (HADOOP-13972) support setting different configs per bucket. Need the same feature for Google Storage
13344830,Use S3 content-range header to update length of an object during reads,Open,Major,,"As part of all the openFile work, knowing full length of an object allows for a HEAD to be skipped. But: code knowing only the splits don't know the final length of the file. If the content-range header is used, then as soon as a single GET is initiated against an object, if the field is returned then we can update the length of the S3A stream to its real/final length Also: when any input stream fails with an EOF exception, we can distinguish stream-interrupted from ""no, too far"""
13336272,[JDK 11] Upgrade dnsjava to remove illegal access warnings,Resolved,Major,Fixed,"Originally reported by [~kihwal] in https://issues.apache.org/jira/browse/HADOOP-15338?focusedCommentId=17129854&page=com.atlassian.jira.plugin.system.issuetabpanels:comment-tabpanel#comment-17129854 When running FsShell commands, there are some warning messages as follows: {noformat} WARNING: An illegal reflective access operation has occurred WARNING: Illegal reflective access by org.xbill.DNS.ResolverConfig to method sun.net.dns.ResolverConfiguration.open() WARNING: Please consider reporting this to the maintainers of org.xbill.DNS.ResolverConfig WARNING: Use --illegal-access=warn to enable warnings of further illegal reflective access operations WARNING: All illegal access operations will be denied in a future release {noformat}"
13334939,Upgrade to jQuery 3.5.1 in hadoop-sls,Resolved,Major,Fixed,jQuery is upgraded from 3.3.1 to 3.5.1 at hadoop/hadoop-tools/hadoop-sls/src/main/html/js/thirdparty
13345435,ABFS: Implementation for getContentSummary,Open,Major,,"Adds implementation for HDFS method getContentSummary, which takes in a Path argument and returns details such as file/directory count and space utilized under that path."
13337399,[JDK 15] TestDNS fails by UncheckedIOException,Resolved,Major,Fixed,"After [JDK-8235783|https://bugs.openjdk.java.net/browse/JDK-8235783], DatagramSocket::connect throws UncheckedIOException if connect fails. {noformat} [INFO] Running org.apache.hadoop.net.TestDNS [ERROR] Tests run: 12, Failures: 0, Errors: 5, Skipped: 0, Time elapsed: 0.403 s <<< FAILURE! - in org.apache.hadoop.net.TestDNS [ERROR] testNullDnsServer(org.apache.hadoop.net.TestDNS) Time elapsed: 0.134 s <<< ERROR! java.io.UncheckedIOException: java.net.SocketException: Unsupported address type at java.base/sun.nio.ch.DatagramSocketAdaptor.connect(DatagramSocketAdaptor.java:120) at java.base/java.net.DatagramSocket.connect(DatagramSocket.java:341) {noformat} Full error log: https://gist.github.com/aajisaka/2a24cb2b110cc3d19f7dec6256db6844"
13339861,hadoop-client-integration-tests doesn't work when building with skipShade,Resolved,Major,Fixed,"Compiling with skipShade: {code} mvn clean install -Pdist -DskipShade -DskipTests -Dtar -Danimal.sniffer.skip -Dmaven.javadoc.skip=true {code} fails with {code} [ERROR] /Users/chao/git/hadoop/hadoop-client-modules/hadoop-client-integration-tests/src/test/java/org/apache/hadoop/example/ITUseMiniCluster.java:[47,37] package org.apache.hadoop.yarn.server does not exist [ERROR] /Users/chao/git/hadoop/hadoop-client-modules/hadoop-client-integration-tests/src/test/java/org/apache/hadoop/example/ITUseMiniCluster.java:[59,11] cannot find symbol [ERROR] symbol: class MiniYARNCluster [ERROR] location: class org.apache.hadoop.example.ITUseMiniCluster [ERROR] /Users/chao/git/hadoop/hadoop-client-modules/hadoop-client-integration-tests/src/test/java/org/apache/hadoop/example/ITUseMiniCluster.java:[82,23] cannot find symbol [ERROR] symbol: class MiniYARNCluster [ERROR] location: class org.apache.hadoop.example.ITUseMiniCluster [ERROR] -> [Help 1] [ERROR] [ERROR] To see the full stack trace of the errors, re-run Maven with the -e switch. [ERROR] Re-run Maven using the -X switch to enable full debug logging. [ERROR] [ERROR] For more information about the errors and possible solutions, please read "
13337048,LazyPersist Overwrite fails in direct write mode,Resolved,Major,Fixed,{noformat} hadoop fs -put -f -d -l Dockerfile /vol/buck/key/file1{noformat} fails with {{File exists}} if the file is already there despite of the overwrite flag The overwrite flag is missing in create in case of {{LazyPersist}}
13335817,Touch command with -c option is broken,Resolved,Major,Fixed,"The touch command has an option -c : {noformat} touch Usage: hadoop fs -touch [-a] [-m] [-t TIMESTAMP] [-c] URI [URI ...]{noformat} Ref : [https://hadoop.apache.org/docs/current/hadoop-project-dist/hadoop-common/FileSystemShell.html#touch] But on using it, it gives error as : {noformat} -touch: Illegal option -c Usage: hadoop fs [generic options]{noformat}"
13339673,Bump Jetty to the latest version 9.4.35,Resolved,Major,Fixed,The Hadoop 3 branches are on 9.4.20. We should update to the latest version: 9.4.34
13341670,KMS should log full UGI principal,Resolved,Major,Fixed,"[~daryn] reported that the kms-audit log only logs the short username: {{OK[op=GENERATE_EEK, key=key1, user=hdfs, accessCount=4206, interval=10427ms]}} In this example, it's impossible to tell which NN(s) requested EDEKs when they are all lumped together."
13335072,KMS ACL: Allow DeleteKey Operation to Invalidate Cache,Resolved,Major,Fixed,HADOOP-17208 send invalidate cache for key being deleted. The invalidate cache operation itself requires ROLLOVER permission on the key. This ticket is opened to fix the issue caught by TestKMS.testACLs.
13333638,Use Yetus before YETUS-994 to enable adding comments to GitHub,Resolved,Major,Fixed,"After YETUS-994, test-patch updates the commit status instead of adding a comment in GitHub. Use the commit hash before YETUS-994 because of the following reasons: * The Yetus feature seems to be broken for now (Trying and debugging in https://github.com/apache/hadoop/pull/2348) * Use the fixed version to avoid surprising the developers * The latest Yetus version is 0.12.0 but it does not support YETUS-972, which is required to run javadoc with Java 11."
13336425,Update the checkstyle config to ban some guava functions,Resolved,Major,Fixed,"Some guava functions are banned in HADOOP-17111, HADOOP-17099, and HADOOP-17101 via checkstyle, however, the checkstyle configuration does not work after HADOOP-17288 because the package names have been changed. Originally reported by [~ahussein] in HADOOP-17315."
13337097,mvn site commands fails due to MetricsSystemImpl changes,Resolved,Major,Fixed,"When prepare for branch-3.2.2 release, i found there is one issue while create release. And it also exist in trunk. command line: mvn install site site:stage -DskipTests -DskipShade -Pdist,src -Preleasedocs,docs failed log show as the following: {quote}[ERROR] Failed to execute goal org.apache.maven.plugins:maven-site-plugin:3.6:site (default-site) on project hadoop-common: failed to get report for org.apache.maven.plugins:maven-dependency-plugin: Failed to execute goal org.apache.maven.plugins:maven-compiler-plugin:3.1:compile (default-compile) on project hadoop-common: Compilation failure [ERROR] /Users/hexiaoqiao/Source/hadoop-common/hadoop-common-project/hadoop-common/src/main/java/org/apache/hadoop/metrics2/impl/MetricsSystemImpl.java:[298,5] method <T>register(java.lang.String,java.lang.String,T) is already defined in class org.apache.hadoop.metrics2.impl.MetricsSystemImpl{quote} I am not sure why source code of class MetricsSystemImpl will be changed while building, I try to revert HADOOP-17081 everything seems OK."
13338699,Harmonize guava version and shade guava in yarn-csi,Resolved,Major,Fixed,yarn-csi defines a separate guava version [https://github.com/apache/hadoop/blob/trunk/hadoop-yarn-project/hadoop-yarn/hadoop-yarn-csi/pom.xml#L30]. We should harmonize the guava version (pull it from hadoop-project/pom.xml) and use the shaded guava classes.
13338773,Move Jenkinsfile outside of the root directory,Resolved,Major,Fixed,"The Jenkinsfile is placed under the project root directory, so when the Jenkinsfile is changed, all the Hadoop unit tests will run and it wastes a lot of time and resources. Let's move the file outside of the root directory."
13345117,Replace HTrace with No-Op tracer,Resolved,Major,Fixed,Remove HTrace dependency as it is depending on old jackson jars. Use a no-op tracer for now to eliminate potential security issues. The plan is to move part of the code in [PR#1846|https://github.com/apache/hadoop/pull/1846] out here for faster review.
13345164,Upgrade to hadoop-thirdparty-1.1.0,Resolved,Major,Fixed,As of now we are using the snapshot version.(1.1.0-SNAPSHOT) Make sure to change to the released version before release.
13345764,[JDK 16] KerberosUtil#getOidInstance is broken by JEP 396,Resolved,Major,Fixed,"JEP 396 (Strongly Encapsulate JDK Internals by Default) has been migrated since Java 16 EA Build 28. Calling the internal APIs (except the critical APIs such as sun.misc.Unsafe) are banned by default. {noformat} [INFO] Running org.apache.hadoop.security.authentication.server.TestAltKerberosAuthenticationHandler [ERROR] Tests run: 16, Failures: 0, Errors: 2, Skipped: 0, Time elapsed: 17.323 s <<< FAILURE! - in org.apache.hadoop.security.authentication.server.TestAltKerberosAuthenticationHandler [ERROR] testNonDefaultNonBrowserUserAgentAsNonBrowser(org.apache.hadoop.security.authentication.server.TestAltKerberosAuthenticationHandler) Time elapsed: 1.272 s <<< ERROR! java.lang.IllegalAccessException: class org.apache.hadoop.security.authentication.util.KerberosUtil cannot access class sun.security.jgss.GSSUtil (in module java.security.jgss) because module java.security.jgss does not export sun.security.jgss to unnamed module @48967c8b at java.base/jdk.internal.reflect.Reflection.newIllegalAccessException(Reflection.java:385) at java.base/java.lang.reflect.AccessibleObject.checkAccess(AccessibleObject.java:687) at java.base/java.lang.reflect.Field.checkAccess(Field.java:1096) at java.b"
13347704,Update the year to 2021,Resolved,Major,Fixed,Update the year to 2021.
13341393,fs.s3a.buffer.dir to be under Yarn container path on yarn applications,Resolved,Major,Fixed,"# fs.s3a.buffer.dir defaults to hadoop.tmp.dir which is /tmp or similar # we use this for storing file blocks during upload # staging committers use it for all files in a task, which can be a lot more # a lot of systems don't clean up /tmp until reboot -and if they stay up for a long time then they accrue files written through s3a staging committer from spark containers which fail Fix: use ${env.LOCAL_DIRS:-${hadoop.tmp.dir}}/s3a as the option so that if env.LOCAL_DIRS is set is used over hadoop.tmp.dir. YARN-deployed apps will use that for the buffer dir. When the app container is destroyed, so is the directory."
13336783,TestZKFailoverController#testNoZK is flaky,Open,Major,,TestZKFailoverController#testNoZK failed in https://ci-hadoop.apache.org/job/hadoop-multibranch/job/PR-2397/4/artifact/out/patch-unit-hadoop-common-project_hadoop-common.txt {noformat} [ERROR] testNoZK(org.apache.hadoop.ha.TestZKFailoverController) Time elapsed: 0.114 s <<< ERROR! java.lang.IllegalStateException at org.apache.hadoop.thirdparty.com.google.common.base.Preconditions.checkState(Preconditions.java:492) at org.apache.hadoop.ha.ActiveStandbyElector.parentZNodeExists(ActiveStandbyElector.java:318) at org.apache.hadoop.ha.ZKFailoverController.doRun(ZKFailoverController.java:230) at org.apache.hadoop.ha.ZKFailoverController.access$000(ZKFailoverController.java:60) at org.apache.hadoop.ha.ZKFailoverController$1.run(ZKFailoverController.java:178) at org.apache.hadoop.ha.ZKFailoverController$1.run(ZKFailoverController.java:174) at org.apache.hadoop.security.SecurityUtil.doAsLoginUserOrFatal(SecurityUtil.java:485) at org.apache.hadoop.ha.ZKFailoverController.run(ZKFailoverController.java:174) at org.apache.hadoop.ha.TestZKFailoverController.runFC(TestZKFailoverController.java:700) at org.apache.hadoop.ha.TestZKFailoverController.testNoZK(TestZKFailoverController.java:135) at sun
13338772,ABFS: read/cache footer with fs.azure.footer.read.request.size,Resolved,Major,Fixed,"Optimize read performance for the following scenarios # Read small files completely Files that are of size smaller than the read buffer size can be considered as small files. In case of such files it would be better to read the full file into the AbfsInputStream buffer. # Read last block if the read is for footer If the read is for the last 8 bytes, read the full file. This will optimize reads for parquet files. [Parquet file format|https://www.ellicium.com/parquet-file-format-structure/] Both these optimizations will be present under configs as follows # fs.azure.read.smallfilescompletely # fs.azure.read.optimizefooterread"
13340414,ABFS: MsiTokenProvider doesn't retry HTTP 429 from the Instance Metadata Service,Open,Major,,"*Summary* The instance metadata service has its own guidance for error handling and retry which are different from the Blob store. [https://docs.microsoft.com/en-us/azure/active-directory/managed-identities-azure-resources/how-to-use-vm-token#error-handling] In particular, it responds with HTTP 429 if request rate is too high. Whereas Blob store will respond with HTTP 503. The retry policy used only accounts for the latter as it will retry any status >=500. This can result in job instability when running multiple processes on the same host. *Environment* * Spark talking to an ABFS store * Hadoop 3.2.1 * Running on an Azure VM with user-assigned identity, ABFS configured to use MsiTokenProvider * 6 executor processes on each VM *Example* Here's an example error message and stack trace. It's always the same stack trace. This appears in logs a few hundred to low thousands of times a day. It's luckily skating by since the download operation is wrapped in 3 retries. {noformat} AADToken: HTTP connection failed for getting token from AzureAD. Http response: 429 null Content-Type: application/json; charset=utf-8 Content-Length: 90 Request ID: Proxies: none First 1K of Body: {""error"":""inval"
13339776,S3A AWS Credential provider loading gets confused with isolated classloaders,Resolved,Major,Duplicate,"Problem: exception in loading S3A credentials for an FS, ""Class class com.amazonaws.auth.EnvironmentVariableCredentialsProvider does not implement AWSCredentialsProvider"" Location: S3A + Spark dataframes test Hypothesised cause: Configuration.getClasses() uses the context classloader, and with the spark isolated CL that's different from the one the s3a FS uses, so it can't load AWS credential providers."
13346285,envtoconf broken for .conf and few other formats,Open,Major,,"{{envtoconf}} does not work for some output formats: * {{.env}} * {{.sh}} * {{.cfg}} * {{.conf}} To reproduce: {code:title=docker run -it --rm -e DUMMY.CONF_key=value apache/hadoop:3} Traceback (most recent call last): File ""/opt/envtoconf.py"", line 117, in <module> Simple(sys.argv[1:]).main() File ""/opt/envtoconf.py"", line 108, in main self.transform() File ""/opt/envtoconf.py"", line 96, in transform content = transformer_func(content) File ""/opt/transformation.py"", line 121, in to_conf for key, val in props: ValueError: too many values to unpack {code}"
13343281,Optimize S3A for maximum performance in directory listings,Resolved,Major,Fixed,"Make listing in applications as fast as we can get it especially for query planning. * All operations used in listing directories for query planning etc to be optimized for their primary use: being passed directories (not files) and so make that faster even at the expense of more remote IO when handed files or empty directories. * remove needless calls to S3 wherever possible (e.g. {{getFileStatus(""/"")}}, making bucket existence probes optional) * Support/enable Asynchronous IO where possible. Review higher level APIs (glob status) and uses on the FsShell and optimize their use by minimising invocations or FS API calls, with bonus goal of reduce/minimize risk of 404 caching. Work with downstream projects to move to FS APIs which work best in this world -primarily the recursive listing operations and those which return RemoteIterator<FileStatus> -and so make any asynchronous page fetching operations useful."
13348453,hadoop-common to add IOStatistics API,Resolved,Major,Fixed,Add the iostatistics API to hadoop-common with * public interfaces for querying statistics * serializable snapshot * logging support and implementation support for filesystems
13336082,FileSystem.get to support slow-to-instantiate FS clients,Resolved,Major,Fixed,"A recurrent problem in processes with many worker threads (hive, spark etc) is that calling `FileSystem.get(URI-to-object-store)` triggers the creation and then discard of many FS clients -all but one for the same URL. As well as the direct performance hit, this can exacerbate locking problems and make instantiation a lot slower than it would otherwise be. This has been observed with the S3A and ABFS connectors. The ultimate solution here would probably be something more complicated to ensure that only one thread was ever creating a connector for a given URL -the rest would wait for it to be initialized. This would (a) reduce contention & CPU, IO network load, and (b) reduce the time for all but the first thread to resume processing to that of the remaining time in .initialize(). This would also benefit the S3A connector. We'd need something like # A (per-user) map of filesystems being created <URI, FileSystem> # split createFileSystem into two: instantiateFileSystem and initializeFileSystem # each thread to instantiate the FS, put() it into the new map # If there was one already, discard the old one and wait for the new one to be ready via a call to Object.wait() # If there wasn't"
13338896,Improve excessive reloading of Configurations,Resolved,Major,Fixed,[~daryn] reported that adding a new resource to a conf forces a complete reload of the conf instead of just loading the new resource. Instantiating a {{SSLFactory}} adds a new resource for the ssl client/server file. Formerly only the KMS client used the SSLFactory but now TLS/RPC uses it too. The reload is so costly that RM token cancellation falls behind by hours or days. The accumulation of uncancelled tokens in the KMS rose from a few thousand to hundreds of thousands which risks ZK scalability issues causing a KMS outage.
13348624,Intermittent failure of S3A tests which make assertions on statistics/IOStatistics,Resolved,Major,Fixed,"Intermittent failure of ITestHuge* upload tests, when doing parallel test runs. The count of bytes uploaded through StorageStatistics isn't updated. Maybe the expected counter isn't updated, and somehow in a parallel run with recycled FS instances/set up directory structure this surfaces the way it doesn't in a single test run."
13347803,Print the thread parker and lock information in stacks page,Open,Major,,"Sometimes, our service stuck because of some lock held by other thread, but we can get nothing from ""stacks"" for ReadWriteLock, and it is widely used in our services, like the fslock, cplock, dirlock of namenode. Luckily, we can get thread parker from Thread object, it can help us see the thread parker clearly. !image-2020-12-25-08-32-32-982.png!"
13343685,Upgrade Yetus to 0.13.0,Resolved,Major,Duplicate,"After HADOOP-17262 and HADOOP-17297, Hadoop is using a non-release version of Apache Yetus. It should be upgraded to 0.13.0 when released."
13344074,Remove S3Guard - no longer needed,Resolved,Major,Fixed,"With Consistent S3, S3Guard is superfluous. stop developing it and wean people off it as soon as they can. Then we can worry about what to do in the code. It has gradually insinuated its way through the layers, especially things like multi-object delete handling (see HADOOP-17244). Things would be a lot simpler without it This work is being done in the feature branch HADOOP-17409-remove-s3guard"
13340100,AliyunOSS: support ListObjectsV2,Resolved,Major,Fixed,OSS supports ListObjectsV2([https://help.aliyun.com/document_detail/187544.html?spm=a2c4g.11186623.6.1589.e0623d9fE1b64S)] to optimize versioning bucket list. We should support this feature in AliyunOSS module.
13338162,Intermittent S3AInputStream failures: Premature end of Content-Length delimited message body etc,Resolved,Major,Fixed,We are seeing the following two kinds of intermittent exceptions when using S3AInputSteam: 1. {code:java} Caused by: com.amazonaws.thirdparty.apache.http.ConnectionClosedException: Premature end of Content-Length delimited message body (expected: 156463674; received: 150001089 at com.amazonaws.thirdparty.apache.http.impl.io.ContentLengthInputStream.read(ContentLengthInputStream.java:178) at com.amazonaws.thirdparty.apache.http.conn.EofSensorInputStream.read(EofSensorInputStream.java:135) at com.amazonaws.internal.SdkFilterInputStream.read(SdkFilterInputStream.java:82) at com.amazonaws.event.ProgressInputStream.read(ProgressInputStream.java:180) at com.amazonaws.internal.SdkFilterInputStream.read(SdkFilterInputStream.java:82) at com.amazonaws.services.s3.internal.S3AbortableInputStream.read(S3AbortableInputStream.java:125) at com.amazonaws.internal.SdkFilterInputStream.read(SdkFilterInputStream.java:82) at com.amazonaws.internal.SdkFilterInputStream.read(SdkFilterInputStream.java:82) at com.amazonaws.internal.SdkFilterInputStream.read(SdkFilterInputStream.java:82) at com.amazonaws.event.ProgressInputStream.read(ProgressInputStream.java:180) at com.amazonaws.internal.SdkFilterInputSt
13343360,Add GCS FS impl reference to core-default.xml,Resolved,Major,Fixed,"Akin to current S3 default configuration add GCS configuration, specifically to declare the GCS implementation. [GCS connector|https://cloud.google.com/dataproc/docs/concepts/connectors/cloud-storage]. Has this not been done since the GCS connector is not part of the hadoop/ASF codebase, or is there any other blocker?"
13338741,Fair call queue is defeated by abusive service principals,Resolved,Major,Fixed,"[~daryn] reported that the FCQ prioritizes based on the full kerberos principal (ie. ""user/host@realm"") rather than short name (ie. ""user"") to prevent service principals like the DNs and NMs being de-prioritized since service principals are expected to be well behaved. Notably the DNs contribute a significant but important load so the intent is not to de-prioritize all DNs because their sum total load is high relative to users. This has the unfortunate side effect of allowing misbehaving & non-critical service principals to abuse the FCQ. The gstorm/* principals are a prime example. Each server is spamming opens as fast as possible which ensures that none of the gstorm servers can be de-prioritized because each principal is a fraction of the total load from all principals. The secondary and more devasting problem is other abusive non-service principals cannot be effectively de-prioritized. The sum total of all gstorm load prevents other principals from surpassing the priority thresholds. Principals stay in the highest priority queues which allows the abusive principals to overflow the entire call queue for extended periods of time. Notably it prevents the FCQ from moderating the he"
13339644,Upgrade commons-compress to 1.21,Resolved,Major,Fixed,
13339575,Add InetAddress api to ProxyUsers.authorize,Resolved,Major,Fixed,"Improve the ProxyUsers implementation by passing the address of the remote peer to avoid resolving the hostname. Similarly, this requires adding InetAddress api to MachineList."
13339323,ABFS does not work with OAuth 2.0: Username and Password,Open,Major,,"https://hadoop.apache.org/docs/current/hadoop-azure/abfs.html I have tried OAuth 2.0 authentication with the username and password written above. However, it failed with the following exception. ~~~ Exception in thread ""main"" HTTP Error 400; url='https://login.microsoftonline.com/3070a5de-410e-4885-XXXX-XXXXXXXXXXXX/oauth2/token' AADToken: HTTP connection to https://login.microsoftonline.com/3070a5de-410e-4885-XXXX-XXXXXXXXXXXX/oauth2/token failed for getting token from AzureAD.; requestId='187c97a4-82a0-4b36-b764-XXXXXXXXXXXX'; contentType='application/json; charset=utf-8'; response '{""error"":""unauthorized_client"",""error_description"":""AADSTS700016: Application with identifier 'jiro' was not found in the directory '3070a5de-410e-4885-XXXX-XXXXXXXXXXXX'. This can happen if the application has not been installed by the administrator of the tenant or consented to by any user in the tenant. You may have sent your authentication request to the wrong tenant.\r\nTrace ID: 187c97a4-82a0-4b36-b764-a3b8b1c45201\r\nCorrelation ID: 4eb4a71e-2eef-4788-9c8c-24f4c84f6981\r\nTimestamp: 2020-11-07 11:49:21Z"",""error_codes"":[700016],""timestamp"":""2020-11-07 11:49:21Z"",""trace_id"":""187c97a4-82a0-4b36-b7"
13346619,Increase docker memory limit in Jenkins,Resolved,Major,Fixed,"Yetus keeps failing with OOM. {code:bash} unable to create new native thread java.lang.OutOfMemoryError: unable to create new native thread at java.lang.Thread.start0(Native Method) at java.lang.Thread.start(Thread.java:717) at java.util.concurrent.ThreadPoolExecutor.addWorker(ThreadPoolExecutor.java:957) at java.util.concurrent.ThreadPoolExecutor.ensurePrestart(ThreadPoolExecutor.java:1603) at java.util.concurrent.ScheduledThreadPoolExecutor.delayedExecute(ScheduledThreadPoolExecutor.java:334) at java.util.concurrent.ScheduledThreadPoolExecutor.schedule(ScheduledThreadPoolExecutor.java:533) at org.apache.maven.surefire.booter.ForkedBooter.launchLastDitchDaemonShutdownThread(ForkedBooter.java:369) at org.apache.maven.surefire.booter.ForkedBooter.acknowledgedExit(ForkedBooter.java:333) at org.apache.maven.surefire.booter.ForkedBooter.execute(ForkedBooter.java:145) at org.apache.maven.surefire.booter.ForkedBooter.main(ForkedBooter.java:418) {code} This jira to increase the memory limit from 20g to 22g. *Note: This is only a workaround to get things more productive. If this change reduces the frequency of the OOM failure, there must be a follow-up profile the runtime to figure out whi"
13338668,Creating a token identifier should not do kerberos name resolution,Resolved,Major,Fixed,This problem was found and fixed internally for us by [~daryn]. Creating a token identifier tries to do auth_to_local short username translation. The authentication process creates a blank token identifier for deserializing the wire format. Attempting to resolve an empty username is useless work. Discovered the issue during fair call queue backoff testing. The readers are unnecessary slowed down by this bug.
13342219,Remote exception messages should not include the exception class,Resolved,Major,Fixed,"HADOOP-9844 added a change that caused some remote SASL exceptions to redundantly include the exception class causing the client to see ""{{Class: Class: message}}"" from an unwrapped RemoteException."
13339238,Doing hadoop ls on Har file triggers too many RPC calls,Resolved,Major,Fixed,"[~daryn] has noticed that Invoking hadoop ls on HAR is taking too much of time. The har system has multiple deficiencies that significantly impacted performance: # Parsing the master index references ranges within the archive index. Each range required re-opening the hdfs input stream and seeking to the same location where it previously stopped. # Listing a har stats the archive index for every ""directory"". The per-call cache used a unique key for each stat, rendering the cache useless and significantly increasing memory pressure. # Determining the children of a directory scans the entire archive contents and filters out children. The cached metadata already stores the exact child list. # Globbing a har's contents resulted in unnecessary stats for every leaf path."
13338474,TestLdapGroupsMapping failing -string mismatch in exception validation,Resolved,Major,Fixed,"Looks like a change in the exception strings is breaking the validation code {code} [ERROR] TestLdapGroupsMapping.testLdapReadTimeout:447 Expected to find 'LDAP response read timed out, timeout used:4000ms' but got unexpected exception: javax.naming.NamingException: LDAP response read timed out, timeout used: 4000 ms.; remaining name '' at com.sun.jndi.ldap.LdapRequest.getReplyBer(LdapRequest.java:129) {code}"
13335758,Javadoc warnings and errors are ignored in the precommit jobs,Resolved,Major,Fixed,"After changing the JDK from OracleJDK to the OpenJDK packaged in Ubuntu, javadoc warnings and errors are not shown in the precommit Jenkins jobs. In Ubuntu/Debian, doclint is not enabled by default: - [https://bugs.launchpad.net/ubuntu/+source/openjdk-8/+bug/1898116] - [https://github.com/Debian/openjdk-8/blob/master/debian/patches/disable-doclint-by-default.patch]"
13340117,Fix the error of TestDynamometerInfra,Resolved,Major,Fixed,"https://ci-hadoop.apache.org/job/hadoop-qbt-trunk-java8-linux-x86_64/321/artifact/out/patch-unit-hadoop-tools_hadoop-dynamometer_hadoop-dynamometer-infra.txt {noformat} [INFO] Running org.apache.hadoop.tools.dynamometer.TestDynamometerInfra [ERROR] Tests run: 1, Failures: 0, Errors: 1, Skipped: 0, Time elapsed: 0.43 s <<< FAILURE! - in org.apache.hadoop.tools.dynamometer.TestDynamometerInfra [ERROR] org.apache.hadoop.tools.dynamometer.TestDynamometerInfra Time elapsed: 0.43 s <<< ERROR! java.io.FileNotFoundException: http://mirrors.ocf.berkeley.edu/apache/hadoop/common/hadoop-3.1.3/hadoop-3.1.3.tar.gz at sun.net.www.protocol.http.HttpURLConnection.getInputStream0(HttpURLConnection.java:1896) at sun.net.www.protocol.http.HttpURLConnection.getInputStream(HttpURLConnection.java:1498) at org.apache.commons.io.FileUtils.copyURLToFile(FileUtils.java:1506) at org.apache.hadoop.tools.dynamometer.DynoInfraUtils.fetchHadoopTarball(DynoInfraUtils.java:151) at org.apache.hadoop.tools.dynamometer.TestDynamometerInfra.setupClass(TestDynamometerInfra.java:176) at sun.reflect.NativeMethodAccessorImpl.invoke0(Native Method) at sun.reflect.NativeMethodAccessorImpl.invoke(NativeMethodAccessorImpl.jav"
13346812,Downgrade guava version in trunk,Resolved,Major,Won't Fix,See details the Jira HADOOP-17439 comments. h1.
13346794,No shade guava in trunk,Open,Major,,!image-2020-12-18-22-01-45-424.png!
13335396,ITestCustomSigner fails with gcs s3 compatible endpoint.,Resolved,Major,Fixed,CC [~sseth] [~stevel@apache.org]
13343822,enable s3a magic committer by default,Resolved,Major,Duplicate,"Now that AWS S3 is consistent, we can safely enable the magic committer everywhere. Change the setting."
13344592,Magic committer files don't have the count of bytes written collected by spark,Resolved,Major,Fixed,"The spark statistics tracking doesn't correctly assess the size of the uploaded files as it only calls getFileStatus on the zero byte objects -not the yet-to-manifest files. Which, given they don't exist yet, isn't easy to do. Solution: * Add getXAttr and listXAttr API calls to S3AFileSystem * Return all S3 object headers as XAttr attributes prefixed ""header."" That's custom and standard (e.g header.Content-Length). The setXAttr call isn't implemented, so for correctness the FS doesn't declare its support for the API in hasPathCapability(). The magic commit file write sets the custom header set the length of the data final data in the header x-hadoop-s3a-magic-data-length in the marker file. A matching patch in Spark will look for the XAttr ""header.x-hadoop-s3a-magic-data-length"" when the file being probed for output data is zero byte long. As a result, the job tracking statistics will report the bytes written but yet to be manifest."
13330755,ABFS: Allow Random Reads to be of Buffer Size,Resolved,Major,Fixed,"ADLS Gen2/ABFS driver is optimized to read only the bytes that are requested for when the read pattern is random. It was observed in some spark jobs that though the reads are random, the next read doesn't skip by a lot and can be served by the earlier read if read was done in buffer size. As a result the job triggered a higher count of read calls/higher IOPS, resulting in higher IOPS throttling and hence resulted in higher job runtime. When these jobs were run against Gen1 which always reads in buffer size , the jobs fared well. This Jira attempts to get a Gen1 customer migrating to Gen2 get the same overall i/o pattern as gen1 and the same perf characteristics. *+Stats from Customer Job:+* |*Customer Job*|*Gen 1 timing*|*Gen 2 Without patch*|*Gen2 with patch and RAH=0*| |Job1|2 h 47 m|3 h 45 m|2 h 27 mins| |Job2|2 h 17 m|3 h 24 m|2 h 39 mins| |Job3|3 h 16 m|4 h 29 m|3 h 21 mins| |Job4|1 h 59 m|3 h 12 m|2 h 28 mins| *+Stats from Internal TPCDs runs+* [Total number of TPCDs queries per suite run = 80 Full suite repeat run count per config = 3] | |*Gen1*|Gen2 Without patch|*Gen2 With patch and RAH=0* *(Gen2 in Gen1 config)*|*Gen2 With patch and RAH=2*| |%Run Duration|100|140|213|70-9"
13343624,ABFS: Piggyback flush on Append calls for short writes,Resolved,Major,Fixed,"When Hflush or Hsync APIs are called, a call is made to store backend to commit the data that was appended. If the data size written by Hadoop app is small, i.e. data size : * before any of HFlush/HSync call is made or * between 2 HFlush/Hsync API calls is less than write buffer size, 2 separate calls, one for append and another for flush is made, Apps that do such small writes eventually end up with almost similar number of calls for flush and append. This PR enables Flush to be piggybacked onto append call for such short write scenarios. NOTE: The changes is guarded over a config, and is disabled by default until relevant supported changes is made available on all store production clusters. New Config added: fs.azure.write.enableappendwithflush"
13344002,ABFS: Delete Idempotency handling can lead to NPE,Resolved,Major,Fixed,"Delete idempotency code returns success with a dummy success HttpOperation. the calling code that checks continuation token throws NPE as the dummy success instance does not have any response headers. In case of non-HNS account, server coulf return continuation token. Dummy success response code is modified to not fail while accessing response headers."
13344551,ABFS: Release Elastic ByteBuffer pool memory at outputStream close,Resolved,Major,Fixed,Each AbfsOutputStream holds on to an instance of elastic bytebuffer pool. This instance needs to be released so that the memory can be given back to JVM's available memory pool.
13347160,Update the hadoop version in TestDynamometerInfra,Resolved,Major,Duplicate,
13344042,Optimize NetworkTopology while sorting of block locations,Resolved,Major,Fixed,"In {{NetworkTopology}}, I noticed that there are some hanging fruits to improve the performance. Inside {{sortByDistance}}, collections.shuffle is performed on the list before calling {{secondarySort}}. {code:java} Collections.shuffle(list, r); if (secondarySort != null) { secondarySort.accept(list); } {code} However, in different call sites, {{collections.shuffle}} is passed as the secondarySort to {{sortByDistance}}. This means that the shuffle is executed twice on each list. Also, logic wise, it is useless to shuffle before applying a tie breaker which might make the shuffle work obsolete. In addition, [~daryn] reported that: * topology is unnecessarily locking/unlocking to calculate the distance for every node * shuffling uses a seeded Random, instead of ThreadLocalRandom, which is heavily synchronized"
13336044,S3AInputStream to be resilient to faiures in abort(); translate AWS Exceptions,Resolved,Major,Duplicate,"Stack overflow issue complaining about ConnectionClosedException during S3AInputStream close(), seems triggered by an EOF exception in abort. That is: we are trying to close the stream and it is failing because the stream is closed. oops. https://stackoverflow.com/questions/64412010/pyspark-org-apache-http-connectionclosedexception-premature-end-of-content-leng Looking @ the stack, we aren't translating AWS exceptions in abort() to IOEs, which may be a factor."
13347124,Update Jetty hadoop dependency,Resolved,Major,Duplicate,"Vulnerability fixes needed for Jetty hadoop dependency library The jetty jars where CVEs are found are , ================ ===== Jetty [version 9.4.20.v20190813 ] jetty-server-9.4.20.v20190813.jar CVE details :- [ CVE-2020-27216 ] ================ ===== Jetty-http [version 9.4.20.v20190813 ] jetty-http-9.4.20.v20190813.jar CVE details :- [ CVE-2020-27216 ]"
13348358,Jetty 9.4.20 can't generate resourceBase with NPE,Resolved,Major,Duplicate,"While I was looking into TestDistributedShell logs, I noticed the following {{Warning}} {code:bash} 2020-12-29 16:22:26,379 INFO [Time-limited test] handler.ContextHandler (ContextHandler.java:doStart(824)) - Started o.e.j.s.ServletContextHandler@75389179{logs,/logs,file:///hadoop-yarn-project/hadoop-yarn/hadoop-yarn-applications/hadoop-yarn-applications-distributedshell/target/log,AVAILABLE} 2020-12-29 16:22:26,380 INFO [Time-limited test] handler.ContextHandler (ContextHandler.java:doStart(824)) - Started o.e.j.s.ServletContextHandler@116ed75c{static,/static,jar:file:~/.m2/repository/org/apache/hadoop/hadoop-yarn-common/3.4.0-SNAPSHOT/hadoop-yarn-common-3.4.0-SNAPSHOT.jar!/webapps/static,AVAILABLE} 2020-12-29 16:22:26,390 WARN [Time-limited test] webapp.WebInfConfiguration (WebInfConfiguration.java:getCanonicalNameForWebAppTmpDir(794)) - Can't generate resourceBase as part of webapp tmp dir name: java.lang.NullPointerException 2020-12-29 16:22:26,469 INFO [Time-limited test] util.TypeUtil (TypeUtil.java:<clinit>(201)) - JVM Runtime does not support Modules {code} For OS X, it looks like {{webAppContext.setBaseResource}} and accessing the sources from a jar file will cause {{file."
13343144,lz4 sources missing for native Visual Studio project,Resolved,Major,Fixed,lz4 sources are missing for the *native.vcxproj* Visual Studio project for Windows. This is causing compilation failure on Windows.
13341688,Skip license check on lz4 code files,Resolved,Major,Fixed,"There are some files against the asflicense check which will make _This commit cannot be built_ when building, this is caused by the following two files: {noformat} hadoop-mapreduce-project/hadoop-mapreduce-client/hadoop-mapreduce-client-nativetask/src/main/native/lz4/lz4.c hadoop-mapreduce-project/hadoop-mapreduce-client/hadoop-mapreduce-client-nativetask/src/main/native/lz4/lz4.h{noformat} The two do not have an Apache license header, maybe we should skip check that to let the buildings go."
13345009,ABFS: Set default ListMaxResults to max server limit,Resolved,Major,Fixed,"{{Changing the default value of maximum size of }}{{results to be}}{{ returned by ListStatus from 500 to 5000, since the maximum number of items supported by a listStatus server call is 5000.}}"
13346277,Remove Hadoop 2.9.2 from the download page,Resolved,Major,Fixed,2.9.x is EoL: https://cwiki.apache.org/confluence/display/HADOOP/EOL+%28End-of-life%29+Release+Branches Let's remove 2.9.2 from https://hadoop.apache.org/releases.html
13344467,"When `fs.s3a.connection.ssl.enabled=true`, Error when visit S3A with AKSK",Resolved,Major,Duplicate,"When we update hadoop version from hadoop-3.2.1 to hadoop-3.3.0, Use AKSK access s3a with ssl enabled, then this error happen {code:java} <property> <name>ipc.client.connection.maxidletime</name> <value>20000</value> </property> <property> <name>fs.s3a.secret.key</name> <value></value> </property> <property> <name>fs.s3a.access.key</name> <value></value> </property> <property> <name>fs.s3a.aws.credentials.provider</name> <value>org.apache.hadoop.fs.s3a.SimpleAWSCredentialsProvider</value> </property> {code} !image-2020-12-07-10-25-51-908.png!"
13342792,Skipping network I/O in S3A getFileStatus(/) breaks some tests,Resolved,Major,Fixed,"[*ERROR*] *ITestS3ABucketExistence.testNoBucketProbing:65->expectUnknownStore:102 Expected a org.apache.hadoop.fs.s3a.UnknownStoreException to be thrown, but got the result: : S3AFileStatus\{path=s3a://random-bucket-57a85110-c715-4db2-a049-e43999d7e51b/; isDirectory=true; modification_time=0; access_time=0; owner=mthakur; group=mthakur; permission=rwxrwxrwx; isSymlink=false; hasAcl=false; isEncrypted=true; isErasureCoded=false} isEmptyDirectory=UNKNOWN eTag=null versionId=null* [*ERROR*] *ITestS3AInconsistency.testGetFileStatus:114->Assert.fail:88 getFileStatus should fail due to delayed visibility.* *ITestMarkerTool.testRunWrongBucket:227->AbstractMarkerToolTest.runToFailure:276 » UnknownStore*"
13344887,Reduce UGI overhead in token ops,Resolved,Major,Later,"{{DelegationTokenIdentifier}} has a {{ugiCache}} but AbstractDelegationTokenManager calls a static method {{getRemoteUser()}} which would bypass the cache. Performance analysis of the KMS revealed the RPC server layer is creating many and redundant UGI instances.. UGIs are not cheap to instantiate, require synchronization, and waste memory. Reducing instantiations will improve the performance of the ipc readers."
13344884,Reduce synchronization in the token secret manager,Resolved,Major,Later,"[~daryn] reported that Reducing synchronization in the ZK secret manager is complicated by excessive and unnecessary global synchronization in the AbstractDelegationTokenSecretManager. All RPC services, not just the KMS, will benefit from the reduced synchronization."
13345458,Add reload option to RefreshCallQueue,Patch Available,Major,,"Currently the can use the dfsadmin command of ""refreshCallQueue"" to refresh all configs of FairCallQueue, but it will cause call queue spike during the refresh on NameNode. In [HADOOP-17421|https://issues.apache.org/jira/projects/HADOOP/issues/HADOOP-17421?filter=allopenissues], we added some configurations to specify queues for some static users, with which we can have fine-grained control on the behavior of different users manually, this feature will require us to refresh call queue of NameNodes constantly, which will sure cause bad impacts to NameNode's performance. This ticket was to propose adding a reload option for the command of refreshCallQueue, which will only trigger the _callQueueManager_ to reload something, instead of reconstructing new scheduler and new queues. The basic design is : # Add a method of ""reload"" in the interface of _Scheduler._ # Add different _RefreshCallQueueTypes_ to trigger different refresh operations. # Add the argument in DFSAdmin for *reload* option."
13345008,Specify user's queue via configuration in FairCallQueue,Patch Available,Major,,"The feature of FairCallQueue helps a lot in maintaining a fair and good service in a multi-tenant cluster, each user is assigned to queues with different priority to reach this goal. But in production, we met some problems that the automatic assignment won't fit, the problems are as follows: # We have a service account that would send more NN requests, for some reasons, we would like to keep this user and allow this user to keep this volume of operations. When we deployed FairCallQueue, this service user would be treated as a bad user and assigned to a lower queue, causing some slowness on the service account. # We are having more Flink jobs writing checkpoints to our NN, and the checkpoint operations have a characteristic that they would have a periodically high cost on the NN with an interval of several minutes. FairCallQueue (with cost-based enabled) doesn't have good control of this kind of operations because when this kind of operations starts, the cost in the decay window of this user is quite low, so the user will be assigned to queue 0, after some windows, when the users' high cost has got the attention and assigned to a lower queue, the user's operations are already finish"
13341443,Replace HTrace with NoOp tracer,Resolved,Major,Duplicate,HADOOP-17171 raised the concern that the deprecated htrace binaries has a few CVEs in its dependency jackson-databind. Not that HADOOP-15566 may not be merged any time soon. We can replace the existing htrace impl with a noop tracer (dummy). This could be realized by reusing some code in HADOOP-15566's PR.
13345236,Javadoc failure in hadoop-aws (branch-3.3),Resolved,Major,Duplicate,"In branch-3.3, javadoc is failing in hadoop-aws module. https://ci-hadoop.apache.org/job/hadoop-multibranch/job/PR-2522/3/artifact/out/branch-javadoc-hadoop-tools_hadoop-aws.txt {noformat} [ERROR] /home/jenkins/jenkins-home/workspace/hadoop-multibranch_PR-2522/src/hadoop-tools/hadoop-aws/src/main/java/org/apache/hadoop/fs/s3a/impl/ListingOperationCallbacks.java:81: error: unexpected text [ERROR] * {@link this.getMaxKeys()}. [ERROR] ^ {noformat} Found in https://github.com/apache/hadoop/pull/2522#issuecomment-741996431"
13345113,"ERROR conf.Configuration: error parsing conf core-site.xml com.ctc.wstx.exc.WstxParsingException: Illegal processing instruction target (""xml""); xml (case insensitive) is reserved by the specs.",Open,Major,,"ERROR conf.Configuration: error parsing conf core-site.xml com.ctc.wstx.exc.WstxParsingException: Illegal processing instruction target (""xml""); xml (case insensitive) is reserved by the specs."
13343290,GCS to support per-bucket configuration,Resolved,Major,Duplicate,S3 (HADOOP-13336) and Azure (HADOOP-13972) support setting different configs per bucket. Need the same feature for Google Storage
13344100,can't change the fix version without reopening the bug,Resolved,Major,Fixed,
13342719,ABFS: SAS Test updates for version and permission update,Resolved,Major,Fixed,"This Jira will track the below 2 updates to SAS test code: # Upgrading the SAS version in Service SAS generator (test code) # Updating the permission in Delegation SAS to ""op"" from ""p"" for ACL operation as identities added as suoid/saoid added by tests are not owners of test path (Again test code). [Relevant public documentation: https://docs.microsoft.com/en-us/rest/api/storageservices/create-user-delegation-sas#specify-a-signed-object-id-for-a-security-principal-preview|https://docs.microsoft.com/en-us/rest/api/storageservices/create-user-delegation-sas#specify-a-signed-object-id-for-a-security-principal-preview]"
13335994,ABFS: Logs should redact SAS signature,Resolved,Major,Fixed,Signature part of the SAS should be redacted for security purposes.
13336847,WASB: Test failures,Resolved,Major,Fixed,WASB tests are failing in Apache trunk resulting in Yetus run failures for PRs. ||Reason||Tests|| |Failed junit tests|hadoop.fs.azure.TestNativeAzureFileSystemMocked| | |hadoop.fs.azure.TestNativeAzureFileSystemConcurrency| | |hadoop.fs.azure.TestWasbFsck| | |hadoop.fs.azure.TestNativeAzureFileSystemOperationsMocked| | |hadoop.fs.azure.TestNativeAzureFileSystemFileNameCheck| | |hadoop.fs.azure.TestNativeAzureFileSystemContractMocked| | |hadoop.fs.azure.TestOutOfBandAzureBlobOperations| | |hadoop.fs.azure.TestBlobMetadata| Many PRs are hit by this. Test report link from one of the PRs: [https://ci-hadoop.apache.org/job/hadoop-multibranch/job/PR-2368/5/testReport/]
13342697,ABFS: testRenameFileOverExistingFile Fails after Contract test update,Resolved,Major,Fixed,"Post updates to rename on existing file test, ABFS contract test is having failure. Updates were made in the AbstractContractTest class in https://issues.apache.org/jira/browse/HADOOP-17365. To align to test expectation, ABFS tests need config ""fs.contract.rename-returns-false-if-dest-exists"" set to true."
13341380,ITestS3ADeleteCost.testDirMarkersFileCreation failure,Resolved,Major,Fixed,"Test runs after apply of recent patches HADOOP-17318 and HADOOP-17244 are showing a failure in ITestS3ADeleteCost.testDirMarkersFileCreation Either one of the patches is failing and wasn't picked up, or the combined changes are conflicting in some way. Not backporting HADOOP-17318 to branch-3.3 until this is addressed."
13340290,ITestS3AContractRename failing against stricter tests,Resolved,Major,Fixed,HADOOP-17365 tightened the contract test for rename over file; S3A is failing.
13342308,[JDK 11] mvn package -Pdocs fails,Resolved,Major,Fixed,"""mvn package -Pdocs -DskipTests -DskipShade"" fails with Java 11. {noformat} [ERROR] Failed to execute goal org.apache.maven.plugins:maven-javadoc-plugin:3.0.1:javadoc (default) on project hadoop-common: An error has occurred in Javadoc report generation: [ERROR] Exit code: 1 - javadoc: warning - You have specified the HTML version as HTML 4.01 by using the -html4 option. [ERROR] The default is currently HTML5 and the support for HTML 4.01 will be removed [ERROR] in a future release. To suppress this warning, please ensure that any HTML constructs [ERROR] in your comments are valid in HTML5, and remove the -html4 option. [ERROR] /Users/aajisaka/git/hadoop/hadoop-common-project/hadoop-common/target/generated-sources/java/org/apache/hadoop/ipc/protobuf/RpcHeaderProtos.java:3467: error: cannot find symbol [ERROR] com.google.protobuf.GeneratedMessageV3 implements [ERROR] ^ (snip) {noformat} The goal ""javadoc"" should be ""javadoc-no-fork""."
13341172,AbfsInputStream#seek throws EOFException when seek past the end of stream,Open,Major,,"Currently AbfsInputStream#seek has below check: {code} public synchronized void seek(long n) throws IOException { ... if (n > contentLength) { throw new EOFException(FSExceptionMessages.CANNOT_SEEK_PAST_EOF); } ... } {code} So if a the seek is called with a position past the end of the stream, a EOFException gets thrown. However, it appears to me this behavior is different from some other inputstream impls, such as \{{S3AInputStream}} and \{{LocalFSFileInputStream}}, where seek passing the end is allowed, only that a later read call will return -1 indicating EOF. I think it would be better to have AbfsInputStream do the same thing."
13341572,AbstractS3ATokenIdentifier to issue date in UTC,Resolved,Major,Fixed,Follow on to HADOOP-17379: I think we should go to UTC and Time.now()/System.currentTimeMillis() All uses of the field in hadoop-* seem to assume UTC
13340829,AbstractS3ATokenIdentifier to set issue date == now,Resolved,Major,Fixed,The AbstractS3ATokenIdentifier DT identifier doesn't set the issue date to the current time (unlike ABFS); this confuses spark (SPARK-33440)
13341203,AbstractS3ATokenIdentifier to provide issue date == created && max date == expiry time,Open,Major,,"As we've seen the behavior from HADOOP-17379, AbstractS3ATokenIdentifier doesn't guarantee providing correct ""issue date"" and ""max date"" before HADOOP-17379, and even after, ""max date"" is not a thing we can make a guarantee only with AbstractS3ATokenIdentifier, as there's no information. In the meanwhile, I realized there're two methods in AbstractS3ATokenIdentifier, getCreated() and getExpiryTime(), which feel like the same purpose with getIssueDate() and getMaxDate() in AbstractDelegationTokenIdentifier. If we think these pairs are doing the same, we can just override AbstractS3ATokenIdentifier.getIssueDate() to call getCreated() && AbstractS3ATokenIdentifier.getMaxDate() to call getExpiryTime()."
13341154,Ability to specify separate compression settings when intermediate and final output use the same codec,Open,Major,,"The ZStandard codec may become a codec that users will want to use for both intermediate data and for final output data yet specify different compression levels for those use cases. It would be nice if there was a way we could create a ""meta codec"" like IntermediateCodec that used conf prefix techniques, like Oozie does with oozie.launcher for the Oozie launcher configs, to create a custom config namespace of sorts for setting arbitrary codec settings specific to the intermediate codec separate from the final output codec even if the same underlying codec is used for both. However Codecs don't allow a configuration to be passed when obtaining a codec stream, and I think we would have to bypass the CodecPool entirely to be able to pass a custom conf to an arbitrary Codec. Another approach is to skip trying to generalize the solution and specifically focus on ZStandard. It would be easy to create a wrapper codec around the existing ZStandardCompressor and ZStandardDecompressor which take the relevant parameters directly in their constructors."
13336491,Update apache/hadoop:3 to 3.3.0 release,Resolved,Major,Done,{{apache/hadoop:3}} docker image should be updated to the [Hadoop 3.3.0 release|https://hadoop.apache.org/release/3.3.0.html].
13340427,java.lang.NoClassDefFoundError: org/apache/hadoop/tracing/SpanReceiverHost,Resolved,Major,Invalid,"Hi. I need help. now Im trying to migration Cloudera flume to Apache flume. (which means no use XXX _chd5.16 any more) during the test, when i stored data in HDFS i faced this problem below. java.lang.NoClassDefFoundError: org/apache/hadoop/tracing/SpanReceiverHostjava.lang.NoClassDefFoundError: org/apache/hadoop/tracing/SpanReceiverHost at org.apache.hadoop.hdfs.DFSClient.<init>(DFSClient.java:634) at org.apache.hadoop.hdfs.DFSClient.<init>(DFSClient.java:619) at org.apache.hadoop.hdfs.DistributedFileSystem.initialize(DistributedFileSystem.java:149) at org.apache.hadoop.fs.FileSystem.createFileSystem(FileSystem.java:2816) at org.apache.hadoop.fs.FileSystem.access$200(FileSystem.java:98) at org.apache.hadoop.fs.FileSystem$Cache.getInternal(FileSystem.java:2853) at org.apache.hadoop.fs.FileSystem$Cache.get(FileSystem.java:2835) at org.apache.hadoop.fs.FileSystem.get(FileSystem.java:387) at org.apache.hadoop.fs.Path.getFileSystem(Path.java:296) at com.poscoict.posframe.bdp.flume.sink.hdfs.BucketWriter$1.call(BucketWriter.java:238) at com.poscoict.posframe.bdp.flume.sink.hdfs.BucketWriter$1.call(BucketWriter.java:230) at com.poscoict.posframe.bdp.flume.sink.hdfs.BucketWriter$9$1.run(B"
13339607,Zookeeper secret manager attempts to reuse token sequence numbers,In Progress,Major,,"[~daryn] reported that the ZK delegation token secret manager uses a {{SharedCounter}} to synchronize increments of a monotonically increasing sequence number for new tokens. Yet the KMS logs occasionally, depending on load, contains an odd error indicating collisions: {code:bash} org.apache.zookeeper.KeeperException$NodeExistsException: KeeperErrorCode = NodeExists for /zkdtsm/ZKDTSMRoot/ZKDTSMTokensRoot/DT_137547444 {code} ZKDTSM does a CAS get and set of the sequence number. Rather than return the value it set, it returns the current value which may have already been incremented by another KMS."
13335556,RawLocalFileSystem's lastModifiedTime() loses milli seconds in JDK < 10.b09,Reopened,Major,,"RawLocalFileSystem's FileStatus uses {{File.lastModified()}} api from JDK. This api looses milliseconds due to JDK bug. [https://bugs.java.com/bugdatabase/view_bug.do?bug_id=8177809] This bug fixed in JDK 10 b09 onwards and still exists in JDK 8 which is still being used in many productions. Apparently, {{Files.getLastModifiedTime()}} from java's nio package returns correct time. Use {{Files.getLastModifiedTime()}} instead of {{File.lastModified}} as workaround."
13339216,TestLdapGroupsMapping is failing in trunk,Resolved,Major,Duplicate,"[https://ci-hadoop.apache.org/job/hadoop-qbt-trunk-java8-linux-x86_64/317/testReport/junit/org.apache.hadoop.security/TestLdapGroupsMapping/testLdapReadTimeout/] [https://ci-hadoop.apache.org/job/hadoop-qbt-trunk-java8-linux-x86_64/317/testReport/junit/org.apache.hadoop.security/TestLdapGroupsMapping/testLdapConnectionTimeout/] The tests are failing in open-jdk due to change in exception message(One space character). The tests passes in oracle java(for me) {noformat} Expected to find 'LDAP response read timed out, timeout used:3000ms' but got unexpected exception: javax.naming.NamingException: LDAP response read timed out, timeout used: 3000 ms.{noformat}"
13338805,RPC FairCallQueue for special users,Resolved,Major,Won't Fix,"In HADOOP-15016, the idea was first raised to support special users by assigning each special user an independent queue with a share. The design was intended for the user to better control the RPC schedule, but there is also a risk that users may add a lot of items in the config of special-users, causing a lot of queues in the RPCScheduler. This ticket records some ideas to mitigate the risks while solving the special-user problem based on HADOOP-15016. 0. The current implementation is as follows, all users will be treated equally, _multiplexer_ will decide the call count in each queue. !Implement 0.png! 1. The first idea is to amplify the weight of super-users and resue the initial queues. This idea is easy to implement, but ordinary users and special users would be affected by each other, and it would be difficult for the _multiplexer_ to guarantee the traffic of super-suers. !Implement 1.png! 2. The second idea is to set up one independent queue for all special users with a config controlling the weight of all special-users. One concern for this idea is that the scheduler between super-users' calls may not be fair. !Implement 2.png! 3. The third idea is to also use priority queu"
13337574,MetricsRecordFiltered error,Open,Major,,"Got sink exception,when set datanode.sink.ganglia.metric.filter.exclude=metricssystem in hadoop-metrics2.properties , java.lang.ClassCastException: org.apache.hadoop.metrics2.impl.MetricsRecordFiltered$1 cannot be cast to java.util.Collection at org.apache.hadoop.metrics2.sink.ganglia.GangliaSink30.putMetrics(GangliaSink30.java:165) at org.apache.hadoop.metrics2.impl.MetricsSinkAdapter.consume(MetricsSinkAdapter.java:184) at org.apache.hadoop.metrics2.impl.MetricsSinkAdapter.consume(MetricsSinkAdapter.java:43) at org.apache.hadoop.metrics2.impl.SinkQueue.consumeAll(SinkQueue.java:87) at org.apache.hadoop.metrics2.impl.MetricsSinkAdapter.publishMetricsFromQueue(MetricsSinkAdapter.java:135) at org.apache.hadoop.metrics2.impl.MetricsSinkAdapter$1.run(MetricsSinkAdapter.java:89) ////////////////////////////////////////////////// This case can show the exception public static void main(String[] args) { List<AbstractMetric> metricsd=new LinkedList<AbstractMetric>(); MetricsInfo info=MsInfo.ProcessName; long timestamp=System.currentTimeMillis(); List<MetricsTag> tags=new LinkedList<>(); org.apache.hadoop.metrics2.impl.MetricsRecordImpl recordimp = new MetricsRecordImpl(info, timestamp, ta"
13337764,"Backport HADOOP-16005-""NativeAzureFileSystem does not support setXAttr"" and HADOOP-16785. ""Improve wasb and abfs resilience on double close() calls. followup to abfs close() fix."" to branch-2.10",Resolved,Major,Fixed,"Backport: HADOOP-16005-""NativeAzureFileSystem does not support setXAttr"" to branch-2.10 HADOOP-16785. ""Improve wasb and abfs resilience on double close() calls. followup to abfs close() fix."" from branch-3.2 to branch-2.10"
13338705,Work with externally managed user credentials,Open,Major,,We don't have a good test coverage for externally managed user credentials. It's not clear how someone could ingest kerberos credentials or delegation tokens that are externally managed. It's not clear what services/file system implementation supports them. File this Jira to track all relevant fixes/support/test/doc # what is supported. # test coverage # document for best practices (how to do it right)
13337294,"Backport HADOOP-16005-""NativeAzureFileSystem does not support setXAttr"" to branch-3.2",Resolved,Major,Fixed,"Backport: HADOOP-16005-""NativeAzureFileSystem does not support setXAttr"" to branch-3.2"
13336148,Reduce port collisions in JUnits,Patch Available,Major,,"Several Junit tests passes a non-zero port number to {{ServerSocketUtil.getPort()}}. I noticed that those non-zero values are shared between test methods. Based, on the implementation of {{ServerSocketUtil.getPort()}}, the port is checked then, the socket is closed immediately. Two concurrent tests can have the same port number, but one of them fails with binding exceptions. Passing a zero port number reduces the probability of returning the same port numbers in two different tests, because the {{ServerSocketUtil.getPort()}} will call a random port number. An example of that is as described in HDFS-15618. {{testRead()}} between {{TestBlockTokenWithDFSStriped}} and {{TestBlockTokenWithDFS}} where port 19870 is used by the two test cases."
13336523,Improve job submitter framework path handling,Resolved,Major,Invalid,[~daryn] pointed out that {{HttpServer2#bindForPortRange(}}) handles IOE then check whether the exception is instance of {{BindException}}. This Jira improves the handling of the Exception
13336194,Upgrade JUnit to 4.13.1,Open,Major,,JUnit < 4.13.1 are vulnerable to CVE-2020-15250. The severity is low but it is worth upgrading. https://github.com/junit-team/junit4/security/advisories/GHSA-269g-pwp5-87pp
13335749,start-build-env.sh hangs on Mac when the uid is too large,Open,Major,,"If the uid is too large, Docker hangs and consumes all the disk space in: {noformat:title=start-build-env.sh} RUN useradd -g ${GROUP_ID} -u ${USER_ID} -k /root -m ${USER_NAME} {noformat} Reference: https://github.com/docker/for-mac/issues/2038"
13330557,S3A to always probe S3 in S3A getFileStatus on non-auth paths,Resolved,Major,Fixed,"an incidental part of HDP-13230 was a fix to innerGetFileStatus, wherein after a HEAD request we would update the DDB record, so resetting it's TTL Applications which did remote updates of buckets without going through s3guard are now triggering failures in applications in the cluster when they go to open the file"
13333854,FileSystem.DirListingIterator.next() call should return NoSuchElementException,Resolved,Major,Fixed,FileSystem.DirListingIterator.next() call should return NoSuchElementException rather than IllegalStateException Stacktrace for new test failure: {code:java} java.lang.IllegalStateException: No more items in iteratorjava.lang.IllegalStateException: No more items in iterator at com.google.common.base.Preconditions.checkState(Preconditions.java:507) at org.apache.hadoop.fs.FileSystem$DirListingIterator.next(FileSystem.java:2232) at org.apache.hadoop.fs.FileSystem$DirListingIterator.next(FileSystem.java:2205) at org.apache.hadoop.fs.contract.ContractTestUtils.iteratorToListThroughNextCallsAlone(ContractTestUtils.java:1495) at org.apache.hadoop.fs.contract.AbstractContractGetFileStatusTest.testListStatusIteratorFile(AbstractContractGetFileStatusTest.java:366) {code} CC [~stevel@apache.org]
13333697,DistCp should fail fast if the configuration is not valid,Open,Major,,"If the number of Map task is more than 200 and using dynamic option, DistCp always fails by DynamicInputFormat#validateNumChunksUsing. This failure is after building the src/dst paths, which takes more than 10 minutes if the directory is large (i.e. DistCp fails by configuration error after more than 10 minutes). I think DistCp should validate the configuration before building the src/dst paths and fail if the configuration is not valid."
13338509,Upgrade commons-codec to 1.15,Resolved,Minor,Fixed,This issue aims to upgrade commons-codec to 1.15 to bring the latest bug fixes. - https://commons.apache.org/proper/commons-codec/changes-report.html#a1.15
13345141,Bump up snappy-java to 1.1.8.2,Resolved,Minor,Fixed,"1.1.8.2 includes: * Support Apple Silicon (M1, Mac-aarch64) * Fixed the pure-java Snappy fallback logic when no native library for your platform is found."
13339625,Bump up snappy-java to 1.1.8.1,Resolved,Minor,Fixed,The native libraries provided by snappy-java does not work on some distros on aarch64 and ppc64le. Upgrading snappy-java should fix this.
13348064,Netty library causing issue while running spark on yarn in PSuedodistributed mode,Patch Available,Minor,,"While running in psuedodistributed mode,there is different version of netty-all library in hdfs (4.0.52), this is fine till you try to run spark on it. The spark 3.0.1 comes with netty-all 4.1.47. Now both the libraries get loaded in classpath and thus spark submit fails with method error."
13339558,hadoop-cloud-storage transient dependencies need review,Resolved,Minor,Duplicate,A review of the hadoop cloud storage dependencies shows that things are creeping in there {code} [INFO] | +- org.apache.hadoop:hadoop-cloud-storage:jar:3.1.4:compile [INFO] | | +- (org.apache.hadoop:hadoop-annotations:jar:3.1.4:compile - omitted for duplicate) [INFO] | | +- org.apache.hadoop:hadoop-aliyun:jar:3.1.4:compile [INFO] | | | \- com.aliyun.oss:aliyun-sdk-oss:jar:3.4.1:compile [INFO] | | | +- org.jdom:jdom:jar:1.1:compile [INFO] | | | +- org.codehaus.jettison:jettison:jar:1.1:compile [INFO] | | | | \- stax:stax-api:jar:1.0.1:compile [INFO] | | | +- com.aliyun:aliyun-java-sdk-core:jar:3.4.0:compile [INFO] | | | +- com.aliyun:aliyun-java-sdk-ram:jar:3.0.0:compile [INFO] | | | +- com.aliyun:aliyun-java-sdk-sts:jar:3.0.0:compile [INFO] | | | \- com.aliyun:aliyun-java-sdk-ecs:jar:4.2.0:compile [INFO] | | +- (org.apache.hadoop:hadoop-aws:jar:3.1.4:compile - omitted for duplicate) [INFO] | | +- (org.apache.hadoop:hadoop-azure:jar:3.1.4:compile - omitted for duplicate) [INFO] | | +- org.apache.hadoop:hadoop-azure-datalake:jar:3.1.4:compile [INFO] | | | \- com.microsoft.azure:azure-data-lake-store-sdk:jar:2.2.7:compile [INFO] | | | \- (org.slf4j:slf4j-api:jar:1.7.21:compile - omitt
13340907,ITestS3AContractSeek.teardown closes FS before superclass does its cleanup,Resolved,Minor,Duplicate,"ITestS3AContractSeek.teardown closes the FS, but because it does it before calling super.teardown, the superclass doesn't get the opportunity to delete the test dirs. Proposed: change the order."
13338695,Upgrade aws-java-sdk to 1.11.901,Resolved,Minor,Fixed,Upgrade AWS SDK to most recent version
13330678,Move dedicated pre-logging statements into existing logging guards,Open,Minor,,"I find some cases where some pre-processing statements dedicated to logging calls are not guarded by existing logging guards. Most of them are easy to fix. And the performance and maintainability of these logging calls can be improved to some extend. So I create a PR to fix them. These issues are detected by a static analysis tool wrote by myself. This tool can extract all the dedicated statements for each debug-logging calls (i.e., the results of these statements are only used by debug-logging calls). Because I realize that debug logs will incur overhead in production, such as string concatenation and method calls in the parameters of logging calls as well as pre-processing statements. And I want to perform a systematic evaluation for the overhead of debugging logging calls in production."
13343369,S3A ITestPartialRenamesDeletes.testRenameDirFailsInDelete failure: missing directory marker,Resolved,Minor,Won't Fix,"Seemingly transient failure of the test ITestPartialRenamesDeletes with the latest HADOOP-17244 changes in: an expected directory marker was not found. Test run was (unintentionally) sequential, markers=delete, s3guard on {code} -Dmarkers=delete -Ds3guard -Ddynamo -Dscale {code} Hasn't come back since. The bucket's retention policy was authoritative, but no dirs were declared as such"
13339097,Log the remote address for authentication success,Resolved,Minor,Fixed,"IPC server logs ""Authentication successful for USER"". Unlike the hdfs audit log that includes the address with every request, the kms audit log is 10s aggregate per-user op counts. Including the remote address would make debugging much easier."
13337708,s3a listing operation will fail in async prefetch if fs closed,Resolved,Minor,Cannot Reproduce,The async prefetch logic in the S3A listing code gets into trouble if the FS closed and there was an async listing in progress. In this situation we should think about recognising and converting into some FS-is-closed exception
13347488,ADLFS: Update SDK version from 2.3.6 to 2.3.9,Resolved,Minor,Fixed,Update SDK version from 2.3.6 to 2.3.9
13344988,TestNativeIO fails in SELinux security context,Open,Minor,,"As per [https://www.gnu.org/software/coreutils/manual/html_node/What-information-is-listed.html] ""GNU ls uses a ‘.’ character to indicate a file with a security context, but no other alternate access method. The affects the parsing of the standard Unix file permissions format in TestNativeIO resulting in test failure."
13344990,TestLdapGroupsMapping test failures in JDK 11,Open,Minor,,"Some of the tests in TestLdapGroupsMapping rely on validating the precise text of a NamingException which has changed in JDK11. The message is substantially the same, but not identical, so tests fails. Specifically: testLdapConnectionTimeout and testLdapReadTimeout"
13346523,Update Hadoop Documentation with a new AWS Credential Provider used with EKS,Open,Minor,,
13336191,Use shaded guava in ClientCache.java,Resolved,Minor,Fixed,"After HADOOP-17288, we should use shaded guava."
13345900,Skipping network I/O in S3A getFileStatus(/) breaks ITestAssumeRole,Resolved,Minor,Fixed,Test failure in ITestAssumeRole.testAssumeRoleRestrictedPolicyFS if the test bucket is unguarded. I've been playing with my bucket settings so this probably didn't surface before. test arguments -Dparallel-tests -DtestsThreadCount=4 -Dmarkers=keep -Dfs.s3a.directory.marker.audit=true
13346160,Improve S3A upload statistics collection from ProgressEvent callbacks,Open,Minor,,"Collection of S3A upload stats from ProgressEvent callbacks can be improved Two similar but different implementations of listeners * org.apache.hadoop.fs.s3a.S3ABlockOutputStream.BlockUploadProgress * org.apache.hadoop.fs.s3a.ProgressableProgressListener. Used on simple PUT calls. Both call back into S3A FS to incrementWriteOperations; BlockUploadProgress also updates S3AInstrumentation/IOStatistics. * I'm not 100% confident that BlockUploadProgress is updating things (especially gauges of pending bytes) at the right time * or that completion is being handled * And the other interface doesn't update S3AInstrumentation; numbers are lost. * And there's no incremental updating during {{CommitOperations.uploadFileToPendingCommit()}}, which doesn't call Progressable.progress() other than on every block. * or in MultipartUploader Proposed: * a single Progress listener which updates BlockOutputStreamStatistics, used by all interfaces. * WriteOperations to help set this up for callers; * And it's uploadPart API to take a Progressable (or the progress listener to use for uploading that part) * Multipart upload API to also add a progressable...would help for distcp-like applications. +Itests"
13339510,Contract test for renaming over existing file is too lenient,Resolved,Minor,Fixed,"{{AbstractContractRenameTest#testRenameFileOverExistingFile}} is too lenient in its assertions. * {{FileAlreadyExistsException}} is accepted regardless of ""rename overwrites"" and ""rename returns false if exists"" contract options. I think it should be accepted only if both of those options are false. * ""rename returns false if exists"" option is ignored if the file is not overwritten by the implementation. Also, I think the ""rename returns false if exists"" option is incorrectly inverted in the test, which it can get away with because the checks are loose. (Found this while looking at a change in Ozone FS implementation from throwing exception to returning false. The contract test unexpectedly passed without changing {{contract.xml}}.)"
13345481,Restore ability to set Text to empty byte array,Resolved,Minor,Fixed,"In org.apache.hadoop.io.Text:clear() method, the comments show that we can free the bytes by call set(new byte[0]), but it's not going to work now. Maybe we can follow this comments. {code:java} // org.apache.hadoop.io.Text /** * Clear the string to empty. * * <em>Note</em>: For performance reasons, this call does not clear the * underlying byte array that is retrievable via {@link #getBytes()}. * In order to free the byte-array memory, call {@link #set(byte[])} * with an empty byte array (For example, <code>new byte[0]</code>). */ public void clear() { length = 0; textLength = -1; } {code}"
13339009,[Hadoop-Tools]S3A MultiObjectDeleteException after uploading a file,Resolved,Minor,Cannot Reproduce,"Hello, I am using org.apache.hadoop.fs.s3a.S3AFileSystem as implementation for S3 related operation. When I upload a file onto a path, it returns an error: {code:java} 20/11/05 11:49:13 ERROR s3a.S3AFileSystem: Partial failure of delete, 1 errors20/11/05 11:49:13 ERROR s3a.S3AFileSystem: Partial failure of delete, 1 errorscom.amazonaws.services.s3.model.MultiObjectDeleteException: One or more objects could not be deleted (Service: null; Status Code: 200; Error Code: null; Request ID: 767BEC034D0B5B8A; S3 Extended Request ID: JImfJY9hCl/QvninqT9aO+jrkmyRpRcceAg7t1lO936RfOg7izIom76RtpH+5rLqvmBFRx/++g8=; Proxy: null), S3 Extended Request ID: JImfJY9hCl/QvninqT9aO+jrkmyRpRcceAg7t1lO936RfOg7izIom76RtpH+5rLqvmBFRx/++g8= at com.amazonaws.services.s3.AmazonS3Client.deleteObjects(AmazonS3Client.java:2287) at org.apache.hadoop.fs.s3a.S3AFileSystem.deleteObjects(S3AFileSystem.java:1137) at org.apache.hadoop.fs.s3a.S3AFileSystem.removeKeys(S3AFileSystem.java:1389) at org.apache.hadoop.fs.s3a.S3AFileSystem.deleteUnnecessaryFakeDirectories(S3AFileSystem.java:2304) at org.apache.hadoop.fs.s3a.S3AFileSystem.finishedWrite(S3AFileSystem.java:2270) at org.apache.hadoop.fs.s3a.S3AFileSystem$WriteOpera"
13347880,"Exception ""Server has invalid Kerberos principal"" when try to connect using reverseDNS hostname by IP resolving",Open,Minor,,"I try to create filesystem object to operate with remote kerberised cluster but there is an exception because of fail verification NameNode server principal with principal from config The reason of exception: In org.apache.hadoop.security.SaslRpcClient#getServerPrincipal there is verifying process of NameNode server principal and principal which gets from config. In config principal keeps in format nn/_HOST@EXAMPLE.COM where _HOST is a placeholder for real NameNode host Then there is replacing of _HOST placeholder with real host name of name node. And real host name gets as result of InetAddress.getCanonicalHostName() method (look /Users/a16689075/.m2/repository/org/apache/hadoop/hadoop-common/3.1.3/hadoop-common-3.1.3-sources.jar!/org/apache/hadoop/security/SecurityUtil.java:211) But if there is some reverse DNS in infrastructure where I run this code, reverse DNS resolves host by IP and return host with dot at the end. So InetAddress.getCanonicalHostName() returns real host of NameNode but with dot at the end: nn/ex1.example.com. (the same is actual when you execute for example nslookup ip-addr in command line) So principal from config after placeholder replacement looks like nn/"
13336785,"s3a getFileStatus(""/"") to skip IO",Resolved,Minor,Fixed,"Calls to ""hadoop fs ls s3a://something/"" add a full getFileStatus() sequence (HEAD, LIST, LIST) because FsShell Ls calls getFileStatus on every input. We should just build a root status entry immediately. There's one consequence: if a user has disabled the s3a existence probe, there will be no checks for the bucket existence. But that can be viewed as a ""well, that's what happens"" behaviour"
13344923,Generally support PEM keystores,Open,Minor,,"Several Apache projects have added some minimal PEM support. Usually this is presented as part of supporting generated certificates for a trust store. By adding a PEM Java KeyStore to Hadoop common, we could provide this support for many clients. Example: {code:java} <property> <name>ssl.server.truststore.type</name> <value>PEM</value> </property>{code}"
13336304,S3A committer to support concurrent jobs with same app attempt ID & dest dir,Resolved,Minor,Fixed,"Reported failure of magic committer block uploads as pending upload ID is unknown. Likely cause: it's been aborted by another job # Make it possible to turn off cleanup of pending uploads in magic committer # log more about uploads being deleted in committers # and upload ID in the S3aBlockOutputStream errors There are other concurrency issues when you look close, see SPARK-33230 * magic committer uses app attempt ID as path under __magic; if there are duplicate then they will conflict * staging committer local temp dir uses app attempt id Fix will be to have a job UUID which for spark will be picked up from the SPARK-33230 changes, (option to self-generate in job setup for hadoop 3.3.1+ older spark builds); fall back to app-attempt *unless that fallback has been disabled* MR: configure to use app attempt ID Spark: configure to fail job setup if app attempt ID is the source of a job uuid"
13342534,Add Flink to CallerContext LimitedPrivate scope,Resolved,Minor,Not A Problem,"A lots of Flink applications run on Hadoop. Spark will invoke Hadoop caller context APIs to set up its caller contexts in HDFS/Yarn, so Hadoop should add Spark as one of the users in the LimitedPrivate scope."
13341254,Improve MiniDFSCluster by a adding a default constructor,Resolved,Minor,Fixed,
13338836,hadoop component start with failed to init Ganglia31,Open,Minor,,"When start namenode, datanode or releated components, there exists an Warning : Error creating sink 'ganglia' org.apache.hadoop.metrics2.impl.MetricsConfigException: Error creating plugin: org.apache.hadoop.metrics2.sink.ganglia.GangliaSink31 if there exists configuration, like : *.sink.ganglia.dmax=jvm.metrics.threadsBlocked=70,jvm.metrics.memHeapUsedM=40。 Maybe, this is a bug about common-configuration2. The default conversion handler used DisabledListDelimiterHandler.INSTANCE as EXTRACTOR, while the comma list delimiter handler is expected."
13337583,CosNInputStream should throw exception when filesystem is closed,Open,Minor,,Thread hangs when other thread call filesystem.close(). log as below 971 [main] INFO org.apache.hadoop.fs.cosn.CosNFileSystem - Open the file: [cosn://bigdata-test 1075 [main] ERROR org.apache.hadoop.util.BlockingThreadPoolExecutorService - Could not submit task to executor java.util.concurrent.ThreadPoolExecutor the reason of thread hangs is : # filesystem is cached when multiple thread using FileSystem#get method for creating instance # CosNInputStream#read method is not check CosNFileSystem is closed # CosNInputStream is using multiple thread(CosNFileReadTask) for read and main thread will await when readbuffer status is init # CosNFileSystem#close method will shutdown boundedIOThreadPool . so CosNInputStream#CosNFileReadTask will not notify main thread and cause thread hangs
13333674,Backslash in username causes build failure in the environment started by start-build-env.sh.,Resolved,Minor,Fixed,"If a username includes a backslash, `mvn clean install` fails in an environment started by start-build-env.sh. Here is my result in Amazon WorkSpaces. {code:java} CORPbtkuramototkr@b8e750b1e386:/home/CORP\btkuramototkr/hadoop/hadoop-build-to ols$ mvn clean install /usr/bin/mvn: 1: cd: can't cd to /home/CORtkuramototkr/hadoop/hadoop-build-tools/.. [INFO] Scanning for projects... [INFO] [INFO] ----------------< org.apache.hadoop:hadoop-build-tools >---------------- [INFO] Building Apache Hadoop Build Tools 3.4.0-SNAPSHOT [INFO] --------------------------------[ jar ]--------------------------------- [INFO] [INFO] --- maven-clean-plugin:2.5:clean (default-clean) @ hadoop-build-tools --- [INFO] [INFO] --- maven-resources-plugin:3.0.1:copy-resources (copy-resources) @ hadoop-build-tools --- [INFO] Using 'UTF-8' encoding to copy filtered resources. [INFO] ------------------------------------------------------------------------ [INFO] BUILD FAILURE [INFO] ------------------------------------------------------------------------ [INFO] Total time: 1.074 s [INFO] Finished at: 2020-10-05T02:51:53Z [INFO] ------------------------------------------------------------------------ [ERROR] Failed t"
13330650,Fix typos existance to existence,Resolved,Trivial,Fixed,existance -> existence
13345598,Improve BUILDING.TXT file to clarify instructions for new users,Resolved,Trivial,Won't Fix,"In the BUILDING.TXT file on the apache/hadoop git repo, the instructions for Linux/macOS users needs an addition to show how to set a shell script as executable using sudo and then running the script. This should help avoid potential confusion for users who are unfamiliar with using executable shell scripts in the Linux/macOS terminal."
13337489,S3A marker tool mixes up -min and -max,Resolved,Trivial,Fixed,"HADOOP-17227 manages to get -min and -max mixed up through the call chain,. {code} hadoop s3guard markers -audit -max 2000 s3a://stevel-london/ {code} leads to {code} 2020-10-27 18:11:44,434 [main] DEBUG s3guard.S3GuardTool (S3GuardTool.java:main(2154)) - Exception raised 46: Marker count 0 out of range [2000 - 0] at org.apache.hadoop.fs.s3a.tools.MarkerTool$ScanResult.finish(MarkerTool.java:489) at org.apache.hadoop.fs.s3a.tools.MarkerTool.run(MarkerTool.java:318) at org.apache.hadoop.fs.s3a.s3guard.S3GuardTool.run(S3GuardTool.java:505) at org.apache.hadoop.util.ToolRunner.run(ToolRunner.java:76) at org.apache.hadoop.fs.s3a.s3guard.S3GuardTool.run(S3GuardTool.java:2134) at org.apache.hadoop.fs.s3a.s3guard.S3GuardTool.main(S3GuardTool.java:2146) 2020-10-27 18:11:44,436 [main] INFO util.ExitUtil (ExitUtil.java:terminate(210)) - Exiting with status 46: 46: Marker count 0 out of range [2000 - 0] {code} Trivial fix."
13579827,S3A: IAMCredentialsProvider throttling results in AWS auth failures,Open,Blocker,,"Tests report throttling errors in IAM being remapped to noauth and failure Again, impala tests, but with multiple processes on same host. this means that HADOOP-18945 isn't sufficient as even if it ensures a singleton instance for a process * it doesn't if there are many test buckets (fixable) * it doesn't work across processes (not fixable) we may be able to * use a singleton across all filesystem instances * once we know how throttling is reported, handle it through retries + error/stats collection"
13578943,EC: Fix calculation errors caused by special index order,Resolved,Critical,Fixed,"I found that if the erasedIndexes distribution is such that the parity index is in front of the data index, ec will produce wrong results when decoding. In fact, HDFS-15186 has described this problem, but does not fundamentally solve it. The reason is that the code assumes that erasedIndexes is preceded by the data index and followed by parity index. If there is a parity index placed in front of the data index, a calculation error will occur."
13580170,TestStagingCommitter.testJobCommitFailure failing,Resolved,Critical,Fixed,"{code:java} [INFO] [ERROR] Failures: [ERROR] TestStagingCommitter.testJobCommitFailure:662 [Committed objects compared to deleted paths org.apache.hadoop.fs.s3a.commit.staging.StagingTestBase$ClientResults@1b4ab85{ requests=12, uploads=12, parts=12, tagsByUpload=12, commits=5, aborts=7, deletes=0}] Expecting: <[""s3a://bucket-name/output/path/r_0_0_0e1f4790-4d3f-4abb-ba98-2b39ec8b7566"", ""s3a://bucket-name/output/path/r_0_0_92306fea-0219-4ba5-a2b6-091d95547c11"", ""s3a://bucket-name/output/path/r_1_1_016c4a25-a1f7-4e01-918e-e24a32c7525f"", ""s3a://bucket-name/output/path/r_0_0_b2698dab-5870-4bdb-98ab-0ef5832eca45"", ""s3a://bucket-name/output/path/r_1_1_600b7e65-a7ff-4d07-b763-c4339a9164ad""]> to contain exactly in any order: <[]> but the following elements were unexpected: <[""s3a://bucket-name/output/path/r_0_0_0e1f4790-4d3f-4abb-ba98-2b39ec8b7566"", ""s3a://bucket-name/output/path/r_0_0_92306fea-0219-4ba5-a2b6-091d95547c11"", ""s3a://bucket-name/output/path/r_1_1_016c4a25-a1f7-4e01-918e-e24a32c7525f"", ""s3a://bucket-name/output/path/r_0_0_b2698dab-5870-4bdb-98ab-0ef5832eca45"",{code}"
13584145,[JDK23] org.apache.hadoop.security.UserGroupInformation use of Subject needs to move to replacement APIs,Open,Major,,"`javax.security.auth.Subject.getSubject` and `Subject.doAs` were deprecated for removal in JDK 17. The replacement APIs are `Subject.current` and `callAs`. See [JEP 411]([https://openjdk.org/jeps/411]) for background. The `Subject.getSubject` API has been ""degraded"" in JDK 23 to throw `UnsupportedOperationException` if not running with the option to allow a SecurityManager. In a future JDK release, the `Subject.getSubject` API will be degraded further to throw`UnsupportedOperationException` unconditionally. [renaissance/issues/439]([https://github.com/renaissance-benchmarks/renaissance/issues/439]) is a failure with a Spark benchmark due to the code in `org.apache.hadoop.security.UserGroupInformation` using the deprecated `Subject.getSubject` method. The maintainers of this code need to migrate this code to the replacement APIs to ensure that this code will continue to work once the security manager feature is removed."
13579416,ABFS: Support FNS Accounts over BlobEndpoint,Open,Major,,"As a pre-requisite to deprecating WASB Driver, ABFS Driver will need to match FNS account support as intended by WASB driver. This will provide an official migrating means for customers still using the legacy driver to ABFS Driver. Parent Jira for WASB deprecation: [HADOOP-19178] WASB Driver Deprecation and eventual removal - ASF JIRA (apache.org)"
13576102,Do not hard code security providers.,Resolved,Major,Fixed,"In order to support different security providers in different clusters, we should not hard code a provider in our code."
13580278,Improve ABFS metric integration with iOStatistics,Open,Major,,Followup to HADOOP-18325 covering the outstanding comments of https://github.com/apache/hadoop/pull/6314/files
13574667,S3A prefetching to support Vector IO,Resolved,Major,Won't Fix,"Add explicit support for vector IO in s3a prefetching stream. * if a range is in 1+ cached block, it SHALL be read from cache and returned * if a range is not in cache : TBD * If a range is partially in cache: TBD these are the same decisions that abfs has to make: should the client fetch/cache block or just do one or more GET requests A big issue is: does caching of data fetched in a range request make any sense at all? Or more specifically: does fetching the blocks in which range requests are found make sense Simply going to the store is a lot simpler"
13583033,ABFS: [FnsOverBlob] Response Handling of Blob Endpoint APIs and Metadata APIs,Resolved,Major,Fixed,Blob Endpoint APIs has a different format for response than DFS Endpoint APIs. There are some behavioral differences as well that need to be handled at client side.
13581806,Upgrade aws sdk v2 to 2.25.53,Resolved,Major,Fixed,Upgrade aws sdk v2 to 2.25.53
13580508,ABFS: [FnsOverBlob] Making AbfsClient Abstract for supporting both DFS and Blob Endpoint,Resolved,Major,Fixed,"Azure Services support two different set of APIs. Blob: [https://learn.microsoft.com/en-us/rest/api/storageservices/blob-service-rest-api] DFS: [https://learn.microsoft.com/en-us/rest/api/storageservices/datalakestoragegen2/operation-groups] As per the plan in HADOOP-19179, this task enables ABFS Driver to work with both set of APIs as per the requirement. Scope of this task is to refactor the ABfsClient so that ABFSStore can choose to interact with the client it wants based on the endpoint configured by user. The blob endpoint support will remain ""Unsupported"" until the whole code is checked-in and well tested."
13574574,Upgrade commons-cli to 1.6.0.,In Progress,Major,,"commons-cli can be upgraded to 1.6.0, I will try to upgrade."
13582038,Include FileStatus when opening a file from FileSystem,Resolved,Major,Duplicate,"The FileSystem abstract class prevents that if you have information about the FileStatus of a file, you use it to open that file, which means that in the implementations of the open method, they have to request the FileStatus of the same file again, making unnecessary requests. A very clear example is seen in today's latest version of the parquet-hadoop implementation, where: https://github.com/apache/parquet-java/blob/apache-parquet-1.14.0/parquet-hadoop/src/main/java/org/apache/parquet/hadoop/util/HadoopInputFile.java Although to create the implementation you had to consult the file to know its FileStatus, when opening it only the path is included, since the FileSystem implementation is the only thing it allows you to do. This implies that the implementation will surely, in its open function, verify that the file exists or what information the file has and perform the same operation again to collect the FileStatus. This would simply be resolved by taking the latest current version: [https://github.com/apache/hadoop/blob/release-3.4.0-RC3/hadoop-common-project/hadoop-common/src/main/java/org/apache/hadoop/fs/FileSystem.java] and including the following: public FSDataInputStream op"
13581854,S3A: Support AWS KMS Encryption Context,Resolved,Major,Fixed,"S3A properties allow users to choose the AWS KMS key ({_}fs.s3a.encryption.key{_}) and S3 encryption algorithm to be used (f{_}s.s3a.encryption.algorithm{_}). In addition to the AWS KMS Key, an encryption context can be used as non-secret data that adds additional integrity and authenticity to check the encrypted data. However, there is no option to specify the [AWS KMS Encryption Context|https://docs.aws.amazon.com/kms/latest/developerguide/concepts.html#encrypt_context] in S3A. In AWS SDK v2 the encryption context in S3 requests is set by the parameter [ssekmsEncryptionContext.|https://sdk.amazonaws.com/java/api/latest/software/amazon/awssdk/services/s3/model/CreateMultipartUploadRequest.Builder.html#ssekmsEncryptionContext(java.lang.String)] It receives a base64-encoded UTF-8 string holding JSON with the encryption context key-value pairs. The value of this parameter could be set by the user in a new property {_}*fs.s3a.encryption.context*{_}, and be stored in the [EncryptionSecrets|https://github.com/apache/hadoop/blob/trunk/hadoop-tools/hadoop-aws/src/main/java/org/apache/hadoop/fs/s3a/auth/delegation/EncryptionSecrets.java] to later be used when setting the encryption paramet"
13579090,S3A: handle alternative forms of connection failure,Open,Major,,"We've had reports of network connection failures surfacing deeper in the stack where we don't convert to AWSApiCallTimeoutException so they aren't retried properly (retire connection and repeat) {code} Unable to execute HTTP request: Broken pipe (Write failed) {code} {code} Your socket connection to the server was not read from or written to within the timeout period. Idle connections will be closed. (Service: Amazon S3; Status Code: 400; Error Code: RequestTimeout {code} note, this is v1 sdk but the 400 error is treated as fail-fast in all our versions and I don't think we do the same for the broken pipe. that one is going to be trickier to handle as unless that is coming from the http/tls libraries ""broken pipe"" may not be in the newer builds. We'd have to look for the string in the SDKs to see what causes it and go from there"
13579368,S3A Xattr headers need hdfs-compatible prefix,Open,Major,,"x3a xattr list needs a prefix compatible with hdfs or existing code which tries to copy attributes between stores can break we need a prefix of {user/trusted/security/system/raw}. now, problem: currently xattrs are used by the magic committer to propagate file size progress; renaming the prefix will break existing code. But as it's read only we could modify spark to look for both old and new values. {code} org.apache.hadoop.HadoopIllegalArgumentException: An XAttr name must be prefixed with user/trusted/security/system/raw, followed by a '.' at org.apache.hadoop.hdfs.XAttrHelper.buildXAttr(XAttrHelper.java:77) at org.apache.hadoop.hdfs.DFSClient.setXAttr(DFSClient.java:2835) at org.apache.hadoop.hdfs.DistributedFileSystem$59.doCall(DistributedFileSystem.java:3106) at org.apache.hadoop.hdfs.DistributedFileSystem$59.doCall(DistributedFileSystem.java:3102) at org.apache.hadoop.fs.FileSystemLinkResolver.resolve(FileSystemLinkResolver.java:81) at org.apache.hadoop.hdfs.DistributedFileSystem.setXAttr(DistributedFileSystem.java:3115) at org.apache.hadoop.fs.FileSystem.setXAttr(FileSystem.java:3097) {code}"
13576073,Test ITestAbfsRestOperationException#testAuthFailException is broken.,Resolved,Major,Fixed,"{code:java} intercept(Exception.class, () -> { fs.getFileStatus(new Path(""/"")); }); {code} Intercept shouldn't be used as there are assertions in catch statements. CC [~stevel@apache.org] [~anujmodi2021] [~asrani_anmol]"
13579414,WASB Driver Deprecation and eventual removal,Resolved,Major,Fixed,"*WASB Driver* WASB driver was developed to support FNS (FlatNameSpace) Azure Storage accounts. FNS accounts do not honor File-Folder syntax. HDFS Folder operations hence are mimicked at client side by WASB driver and certain folder operations like Rename and Delete can lead to lot of IOPs with client-side enumeration and orchestration of rename/delete operation blob by blob. It was not ideal for other APIs too as initial checks for path is a file or folder needs to be done over multiple metadata calls. These led to a degraded performance. To provide better service to Analytics customers, Microsoft released ADLS Gen2 which are HNS (Hierarchical Namespace) , i.e File-Folder aware store. ABFS driver was designed to overcome the inherent deficiencies of WASB and customers were informed to migrate to ABFS driver. *Customers who still use the legacy WASB driver and the challenges they face* Some of our customers have not migrated to the ABFS driver yet and continue to use the legacy WASB driver with FNS accounts. These customers face the following challenges: * They cannot leverage the optimizations and benefits of the ABFS driver. * They need to deal with the compatibility issues should"
13583227,ABFS: Fixing logic to determine HNS nature of account to avoid extra getAcl() calls,Resolved,Major,Fixed,"ABFS driver needs to know the type of account being used. It relies on the user to inform the account type using the config `fs.azure.account.hns.enabled`. If not configured, driver makes a getAcl call to determine the account type. Expectation is getAcl() will fail with 400 Bad Request if made on the FNS Account. For any other case including 200, 404 it will indicate account is HNS. Today, when determining this, the logic only checks status code to be either 200 or 400. In case of 404, nothing is inferred, and this leads to more getAcl again and again until 200 or 400 comes. Fix is to update the logic such that if getAcl() fails with 400, it is FNS account. For all other cases it will be an HNS account. In case of throttling, if all retries are exhausted, FS init itself will fail. This is also to fix a test case failing on trunk. {{testGetAclCallOnHnsConfigAbsence(org.apache.hadoop.fs.azurebfs.ITestAzureBlobFileSystemInitAndCreate)}}"
13576089,Support configurable SASL mechanism,Resolved,Major,Fixed,"Currently, the SASL mechanism is hard coded to DIGEST-MD5. As mentioned in HADOOP-14811, DIGEST-MD5 is known to be insecure; see [rfc6331|https://datatracker.ietf.org/doc/html/rfc6331]. In this JIRA, we will make the SASL mechanism configurable. The default mechanism will still be DIGEST-MD5 in order to maintain compatibility."
13576484,upgrade bouncy castle to 1.78.1 due to CVEs,Open,Major,,"[https://www.bouncycastle.org/releasenotes.html#r1rv78] There is a v1.78.1 release but no notes for it yet. For v1.78 h3. 2.1.5 Security Advisories. Release 1.78 deals with the following CVEs: * CVE-2024-29857 - Importing an EC certificate with specially crafted F2m parameters can cause high CPU usage during parameter evaluation. * CVE-2024-30171 - Possible timing based leakage in RSA based handshakes due to exception processing eliminated. * CVE-2024-30172 - Crafted signature and public key can be used to trigger an infinite loop in the Ed25519 verification code. * CVE-2024-301XX - When endpoint identification is enabled and an SSL socket is not created with an explicit hostname (as happens with HttpsURLConnection), hostname verification could be performed against a DNS-resolved IP address. This has been fixed."
13578476,Explore dropping protobuf 2.5.0 from the distro,Resolved,Major,Fixed,"explore if protobuf-2.5.0 can be dropped from distro, it is a transitive dependency from HBase, but HBase doesn't use it in the code. Check if it is the only one pulling it into the distro & will something break if we exclude that, if none lets get rid of it"
13578108,Hadoop CLI MiniCluster is broken,Resolved,Major,Fixed,"Documentation is also broken & it doesn't work either (https://apache.github.io/hadoop/hadoop-project-dist/hadoop-common/CLIMiniCluster.html) *Fails with:* {noformat} Exception in thread ""main"" java.lang.NoClassDefFoundError: org/mockito/stubbing/Answer at org.apache.hadoop.hdfs.MiniDFSCluster.isNameNodeUp(MiniDFSCluster.java:2666) at org.apache.hadoop.hdfs.MiniDFSCluster.isClusterUp(MiniDFSCluster.java:2680) at org.apache.hadoop.hdfs.MiniDFSCluster.waitClusterUp(MiniDFSCluster.java:1510) at org.apache.hadoop.hdfs.MiniDFSCluster.initMiniDFSCluster(MiniDFSCluster.java:989) at org.apache.hadoop.hdfs.MiniDFSCluster.<init>(MiniDFSCluster.java:588) at org.apache.hadoop.hdfs.MiniDFSCluster$Builder.build(MiniDFSCluster.java:530) at org.apache.hadoop.mapreduce.MiniHadoopClusterManager.start(MiniHadoopClusterManager.java:160) at org.apache.hadoop.mapreduce.MiniHadoopClusterManager.run(MiniHadoopClusterManager.java:132) at org.apache.hadoop.mapreduce.MiniHadoopClusterManager.main(MiniHadoopClusterManager.java:320) Caused by: java.lang.ClassNotFoundException: org.mockito.stubbing.Answer at java.net.URLClassLoader.findClass(URLClassLoader.java:387) at java.lang.ClassLoader.loadClass(ClassLoade"
13583862,Update and optimize hadoop-runner,Resolved,Major,Implemented,{{hadoop-runner:latest}} is 5 years old and could use some improvements.
13575957,Update solr from 8.11.2 to 8.11.3 to address CVE-2023-50298,Open,Major,,Update solr from 8.11.2 to 8.11.3 to address CVE-2023-50298
13582050,S3A: Support external id in assume role,Resolved,Major,Fixed,Extend IAM role suport with external IDs which can be set in fs.s3a.assumed.role.external.id Support external id in AssumedRoleCredentialProvider. https://docs.aws.amazon.com/IAM/latest/UserGuide/id_roles_create_for-user_externalid.html
13574204,Upgrade commons-io to 2.16.1,Resolved,Major,Fixed,"commons-io can be upgraded from 2.14.0 to 2.16.0, try to upgrade."
13580056,Upgrade kafka to 3.4.0,Resolved,Major,Duplicate,Upgrade kafka to 3.4.0 to resolve CVE-2023-25194
13576227,hadoop-common still exports logback as a transitive dependency,Resolved,Major,Fixed,"Even though HADOOP-19084 set out to stop it, somehow ZK's declaration of a logback dependency is still contaminating the hadoop-common dependency graph, so causing problems downstream."
13582717,S3A initialization/close slower than with v1 SDK,Resolved,Major,Fixed,"Hive QE have observed slowdown in LLAP queries due to time to create and close s3a filesystems instances. A key aspect of that is they keep closing the fs instances (HIVE-27884), but looking at the profiles, the reason things seem to have regressed is * two s3 clients are being created (sync and async) * these seem to take a lot of time scanning the classpath for ""global interceptors"", which is at least an O(jars) operation; #of index entries in the zip files may factor too. Proposed: * create async client on demand when the transfer manager is invoked * look at why passwords are being scanned for if InstanceProfileCredentialsProvider is in use...that seems slow too SDK wishes * SDK maybe allow us to turn off that scan for interceptors? attaching screenshots of the profile. storediag snippet: {code} [001] fs.s3a.access.key = (unset) [002] fs.s3a.secret.key = (unset) [003] fs.s3a.session.token = (unset) [004] fs.s3a.server-side-encryption-algorithm = (unset) [005] fs.s3a.server-side-encryption.key = (unset) [006] fs.s3a.encryption.algorithm = (unset) [007] fs.s3a.encryption.key = (unset) [008] fs.s3a.aws.credentials.provider = ""com.amazonaws.auth.InstanceProfileCredentialsProvider"" "
13577979,"S3A: option ""fs.s3a.performance.flags"" to take list of performance flags",Resolved,Major,Fixed,"HADOOP-19072 shows we want to add more optimisations than that of HADOOP-18930. * Extending the new optimisations to the existing option is brittle * Adding explicit options for each feature gets complext fast. Proposed * A new class S3APerformanceFlags keeps all the flags * it build this from a string[] of values, which can be extracted from getConf(), * and it can also support a ""*"" option to mean ""everything"" * this class can also be handed off to hasPathCapability() and do the right thing. Proposed optimisations * create file (we will hook up HADOOP-18930) * mkdir (HADOOP-19072) * delete (probe for parent path) * rename (probe for source path) We could think of more, with different names, later. The goal is make it possible to strip out every HTTP request we do for safety/posix compliance, so applications have the option of turning off what they don't need."
13584011,AliyunOSS: Support vectored read API,In Progress,Major,,
13574450,[ABFS]: No GetPathStatus call for opening AbfsInputStream,Open,Major,,Read API gives contentLen and etag of the path. This information would be used in future calls on that inputStream. Prior information of eTag is of not much importance.
13583949,s3a: TestS3AAWSCredentialsProvider and TestS3AInputStreamRetry really slow,Resolved,Major,Fixed,"Not noticed this before, but the unit tests TestS3AAWSCredentialsProvider and TestS3AInputStreamRetry are so slow they will be hurting over all test performance times: no integration tests will start until these are all complete. {code} mvn test -T 1C -Dparallel-tests ... [INFO] Tests run: 5, Failures: 0, Errors: 0, Skipped: 0, Time elapsed: 37.877 s - in org.apache.hadoop.fs.s3a.TestS3AInputStreamRetry ... [INFO] Tests run: 25, Failures: 0, Errors: 0, Skipped: 0, Time elapsed: 90.038 s - in org.apache.hadoop.fs.s3a.TestS3AAWSCredentialsProvider {code} The PR cuts total execution time of a 10 thread test run from 3 minutes to 2:30"
13581779,Add test to find unshaded dependencies in the aws sdk,Resolved,Major,Fixed,Write a test to assess the aws sdk for unshaded artefacts on the class path which might cause deployment failures.
13582448,VectorIO regression: empty ranges are now rejected,Resolved,Major,Fixed,"The validation now rejects a readvectored with an empty range, whereas before it was a no-op Proposed fix, return the empty list; add test"
13582872,Hadoop release contains a 530MB bundle-2.23.19.jar,Resolved,Major,Duplicate,"The size of Hadoop binary release (v3.4.0) is 1.7 GB. {code:java} hadoop-3.4.0$du -h -d 1 $du -h -d 1 . 2.0M ./bin 260K ./libexec 72K ./include 212K ./sbin 184K ./etc 232K ./licenses-binary 316M ./lib 1.4G ./share 1.7G . {code} A large component is bundle-2.23.19.jar, which is [AWS Java SDK :: Bundle|https://mvnrepository.com/artifact/software.amazon.awssdk/bundle/2.23.19] {code:java} hadoop-3.4.0$ls -lh share/hadoop/tools/lib/bundle-2.23.19.jar -rw-r--r--@ 1 szetszwo staff 530M Mar 4 15:41 share/hadoop/tools/lib/bundle-2.23.19.jar {code} We should revisit if such a large jar is really needed to be included in the release."
13582397,WrappedIO BulkDelete API to raise IOEs as UncheckedIOExceptions,Resolved,Major,Fixed,"It's easier to invoke methods through reflection through parquet/iceberg DynMethods if the invoked method raises unchecked exceptions, because it doesn't then rewrape the raised exception in a generic RuntimeException Catching the IOEs and wrapping as UncheckedIOEs makes it much easier to unwrap IOEs after the invocation"
13574261,[ABFS]Prevent ABFS initialization for non-hierarchical-namespace account if Customer-provided-key configs given.,Resolved,Major,Fixed,"Store doesn't flow in the namespace information to the client. In https://github.com/apache/hadoop/pull/6221, getIsNamespaceEnabled is added in client methods which checks if namespace information is there or not, and if not there, it will make getAcl call and set the field. Once the field is set, it would be used in future getIsNamespaceEnabled method calls for a given AbfsClient. Since, CPK both global and encryptionContext are only for hns account, the fix that is proposed is that we would fail fs init if its non-hns account and cpk config is given."
13578028,Upgrade protobuf version to 3.25.3,Resolved,Major,Fixed,
13582042,Reduce the number of headObject when opening a file with the s3 file system,Resolved,Major,Duplicate,"In the implementation of the S3 filesystem, of the hadoop aws package, if you use it with spark, every time you open a file for anything you will have to send two Head Objects, since to open the file, you will first look to see if this file exists, executing a HeadObject, and then when opening it, the implementation, both of sdk1 and sdk2, forces you to make a head object again. This is not the fault of the implementation of this class (S3AFileSystem), but of the abstract FileSystem class of the Hadoop core, since it does not allow the FileStatus to be passed but only allows the use of Path. If the FileSystem implementation is changed, it could be used to not have to request that HeadObject again."
13581965,SecretManager should not hardcode HMAC algorithm,Open,Major,,"{code} //SecretManager.java private static final String DEFAULT_HMAC_ALGORITHM = ""HmacSHA1""; {code} See https://github.com/apache/hadoop/blob/10df59e4210206508da648d5676f1c7d423b0353/hadoop-common-project/hadoop-common/src/main/java/org/apache/hadoop/security/token/SecretManager.java#L114"
13581629,Create orphan commit for website deployment,Resolved,Major,Fixed,
13580355,Change loglevel to ERROR/WARNING so that it would easy to identify the problem without ignoring,Open,Major,,"On the new Host with Java version 11, the DN was not able to communicate with the NN. We enabled DEBUG logging for the DN and the below message was logged under DEBUG level. DEBUG org.apache.hadoop.security.UserGroupInformation: PrivilegedActionException as:hdfs/av3l704p.bigdata.it.internal@PRODUCTION.LOCAL (auth:KERBEROS) cause:javax.security.sasl.SaslExcept ion: GSS initiate failed [Caused by GSSException: No valid credentials provided (Mechanism level: Receive timed out)] Without a DEBUG level logging, this was shown up as a WARNING as below WARN org.apache.hadoop.ipc.Client: Couldn't setup connection for hdfs/av3l704p.bigdata.it.internal@PRODUCTION.LOCAL to avl2785p.bigdata.it.internal/172.24.178.32:8022 javax.security.sasl.SaslException: GSS initiate failed [Caused by GSSException: No valid credentials provided (Mechanism level: Receive timed out)] A considerable amount of time was spent troubleshooting this issue as this exception was moved to a DEBUG level which was difficult to track in the logs. Can we have such critical WARNINGs shown up at the WARN/ERROR level so that it's not missed when we enable DEBUG level logging for datanodes?"
13581486,Batch APIs for delete,Resolved,Major,Duplicate,Add batch APIs with for delete to allow better performance for object stores: {{boolean[] delete(Path[] paths);}} The API should have a default implementation that delegates to the singular delete. Implementations can override to provide better performance.
13576891,ZooKeeper based state stores use different ZK address configs,Resolved,Major,Fixed,"Currently, the Zookeeper-based state stores of RM, YARN Federation, and HDFS Federation use the same ZK address config `{{{}hadoop.zk.address`{}}}. But in our production environment, we hope that different services can use different ZKs to avoid mutual influence. This jira adds separate ZK address configs for each service."
13578868,Upgrade Kafka Clients due to CVEs,Resolved,Major,Duplicate,"Upgrade Kafka Clients due to CVEs CVE-2023-25194:- Affected versions of this package are vulnerable to Deserialization of Untrusted Data when there are gadgets in the {{{}classpath{}}}. The server will connect to the attacker's LDAP server and deserialize the LDAP response, which the attacker can use to execute java deserialization gadget chains on the Kafka connect server. CVSS Score:- 8.8(High) [https://nvd.nist.gov/vuln/detail/CVE-2023-25194] CVE-2021-38153 CVE-2018-17196 Insufficient Entropy [https://security.snyk.io/package/maven/org.apache.kafka:kafka-clients] Upgrade Kafka-Clients to 3.4.0 or higher."
13579102,Upgrade org.apache.derby:derby to 10.17.1.0,In Progress,Major,,Upgrade org.apache.derby:derby to 10.17.1.0.
13579399,TestS3ACachingBlockManager fails intermittently in Yetus,Open,Major,,"{code:java} [ERROR] org.apache.hadoop.fs.s3a.prefetch.TestS3ACachingBlockManager.testCachingOfGet -- Time elapsed: 60.45 s <<< ERROR! java.lang.IllegalStateException: waitForCaching: expected: 1, actual: 0, read errors: 0, caching errors: 1 at org.apache.hadoop.fs.s3a.prefetch.TestS3ACachingBlockManager.waitForCaching(TestS3ACachingBlockManager.java:465) at org.apache.hadoop.fs.s3a.prefetch.TestS3ACachingBlockManager.testCachingOfGetHelper(TestS3ACachingBlockManager.java:435) at org.apache.hadoop.fs.s3a.prefetch.TestS3ACachingBlockManager.testCachingOfGet(TestS3ACachingBlockManager.java:398) at sun.reflect.NativeMethodAccessorImpl.invoke0(Native Method) at sun.reflect.NativeMethodAccessorImpl.invoke(NativeMethodAccessorImpl.java:62) at sun.reflect.DelegatingMethodAccessorImpl.invoke(DelegatingMethodAccessorImpl.java:43) at java.lang.reflect.Method.invoke(Method.java:498) at org.junit.runners.model.FrameworkMethod$1.runReflectiveCall(FrameworkMethod.java:59) at org.junit.internal.runners.model.ReflectiveCallable.run(ReflectiveCallable.java:12) at org.junit.runners.model.FrameworkMethod.invokeExplosively(FrameworkMethod.java:56) at org.junit.internal.runners.statements.InvokeMethod.e"
13579051,Fixes compilation issues on Mac,Resolved,Major,Fixed,"When I build hadoop-common native in Mac OS, I found this error: {code:java} /xxxxx/hadoop/hadoop-common-project/hadoop-common/src/main/native/src/exception.c:114:50: error: function-like macro '__GLIBC_PREREQ' is not defined #if defined(__sun) || defined(__GLIBC_PREREQ) && __GLIBC_PREREQ(2, 32) {code} The reason is that Mac OS does not support glibc. And C conditional compilation requires validation of all expressions."
13579181,Tez and hive jobs fail due to google's protobuf 2.5.0 in classpath,Open,Major,,There are two issues here: *1. We are running tez 0.10.3 which uses hadoop 3.3.6 version. Tez has protobuf version 3.21.1* Below is the exception we get. This is due to protobuf-2.5.0 in our hadoop classpath {code:java} java.lang.IllegalAccessError: class org.apache.tez.dag.api.records.DAGProtos$ConfigurationProto tried to access private field com.google.protobuf.AbstractMessage.memoizedSize (org.apache.tez.dag.api.records.DAGProtos$ConfigurationProto and com.google.protobuf.AbstractMessage are in unnamed module of loader 'app') at org.apache.tez.dag.api.records.DAGProtos$ConfigurationProto.getSerializedSize(DAGProtos.java:21636) at com.google.protobuf.AbstractMessageLite.writeTo(AbstractMessageLite.java:75) at org.apache.tez.common.TezUtils.writeConfInPB(TezUtils.java:170) at org.apache.tez.common.TezUtils.createByteStringFromConf(TezUtils.java:83) at org.apache.tez.common.TezUtils.createUserPayloadFromConf(TezUtils.java:101) at org.apache.tez.dag.app.DAGAppMaster.serviceInit(DAGAppMaster.java:436) at org.apache.hadoop.service.AbstractService.init(AbstractService.java:164) at org.apache.tez.dag.app.DAGAppMaster$9.run(DAGAppMaster.java:2600) at java.base/java.security.AccessControl
13579036,Hadoop: Upgrade @shore/bootstrap 3.3.5-shore.76,Open,Major,,Upgrade @shore/bootstrap 3.3.5-shore.76 to stable version
13577924,hadoop-auth should not depend on kerb-simplekdc,Resolved,Major,Fixed,"HADOOP-16179 attempted to remove dependency on {{kerb-simplekdc}} from {{hadoop-common}}. However, {{hadoop-auth}} still has a compile-scope dependency on the same, and {{hadoop-common}} proper depends on {{hadoop-auth}}. So {{kerb-simplekdc}} is still a transitive dependency of {{hadoop-common}}. {code} [INFO] --- maven-dependency-plugin:3.0.2:tree (default-cli) @ hadoop-common --- [INFO] org.apache.hadoop:hadoop-common:jar:3.5.0-SNAPSHOT ... [INFO] +- org.apache.hadoop:hadoop-auth:jar:3.5.0-SNAPSHOT:compile ... [INFO] | \- org.apache.kerby:kerb-simplekdc:jar:2.0.3:compile {code}"
13577987,Add LzoCodec implementation based on aircompressor,Open,Major,,"I remember due to license issue, Hadoop doesn't contain built-in LzoCodec. Users can choose to build and install Lzo codec like hadoop-lzo manually. Some implement LzoCodec based on other open source implementations like aircompressor. But it is somehow inconvenience to maintain it separately. I'm wondering if we can add LzoCodec implementation based on aircompressor into Hadoop as default LzoCodec."
13577241,S3A: Support ByteBufferPositionedReadable through vector IO,Open,Major,,"Make it easy for any stream with vector io to support {{ByteBufferPositionedReadable}} Specifically, {{ByteBufferPositionedReadable.readFully()}} is exactly a single range read so is easy to read. the simpler read() call which can return less isn't part of the vector API. Proposed: invoke the readFully() but convert an EOFException to -1"
13574874,Software Architecture Document,Open,Major,,"We (GitHub @lkhorasandzhian & @vacherkasskiy) have prepared features for documentation. This attached Software Architecture Document is very useful for new contributors and developers to get acquainted with enormous system in a short time. Currently it's only in Russian, but if you're interested in such files we can translate it in English. There are no changes in code, only adding new documentation files."
13575830,Update ISA-L to 2.31.0 in the build image,Open,Major,,Intel ISA-L has several improvements in version 2.31.0. Let's update ISA-L in our build image to this version.
13576932,[ABFS] Filesystem contract tests to use methodPath for robust parallel test runs,Open,Major,,"hadoop-azure supports parallel test runs, but unlike hadoop-aws, the azure ones are parallelised across methods in the same test suites. this can fail badly where contract tests have hard coded filenames and assume that they can use this across all test cases. Shows up when you are testing on a store with reduced IO capacity triggering retries and making some test cases slower Fix: hadoop-common contract tests to use methodPath() names"
13576066,ABFS: Implement ThreadLocal for ObjectMapper in AzureHttpOperation via config option with static shared instance as an alternative.,Open,Major,,While doing internal tests on Hive TPCDS queries we have seen many instances of ObjectMapper have been created in an Application Master thus sharing a thread local object mapper instances will improve the performance. CC [~stevel@apache.org] [~harshit.gupta]
13574200,Remove Jcache 1.0-alpha,Resolved,Major,Fixed,"In YARN Federation, we use JCache. The version of JCache has not been maintained for a long time. We directly use ECache instead of JCache in YARN-11663, so we can remove JCache."
13574498,Update VectorIO default values consistently,Resolved,Major,Fixed,
13574431,CSE-KMS S3A: Support for InstructionFile to store ECEK meta info,Open,Major,,"{*}Task{*}: Support for InstructionFile to store ECEK meta info *Current implementation/Context:* Hadoop-aws supports CSE-KMS. During CSE, key encryption info needs to be kept somewhere. AWS SDK supports two ways: # *S3 Object's metadata* : Current integration in haddop-aws only supports this approach. ## But S3 metadata has limitation of 2 KB size. ## Also, metadata can not be updated independently. It would be complete object read/write operation even if we only need to change the metadata. # *Instruction file approach:* It's a small file containing meta-info in the same bucket at the same location. This approach needs one extra trip to S3 Read/Write operation but could be useful if business needs frequent metadata changes. *Use case:* to implement KMS RE-ENCRYPT, where only CEK(DEK) needs to be encrypted with new key material. Here instruction file approach could be useful. Plus there could be many other use cases based on different business needs. *My analysis:* I tried to enable this by setting *CryptoStorageMode.InstructionFile* in CryptoConfigurationV2 while building AmazonS3EncryptionClientV2Builder. Note: ObjectMetadata is the default value. {*}Result{*}: Write operation w"
13581175,ITestS3ACommitterFactory failing,Resolved,Minor,Fixed,"we've had ITestS3ACommitterFactory failing for a while, where it looks like changed committer settings aren't being picked up. {code} ERROR] ITestS3ACommitterFactory.testEverything:115->testInvalidFileBinding:165 Expected a org.apache.hadoop.fs.s3a.commit.PathCommitException to be thrown, but got the result: : FileOutputCommitter{PathOutputCommitter{context=TaskAttemptContextImpl{JobContextImpl {code} I've spent some time looking at it and it is happening because the test sets the fileystem ref for the local test fs, and not that of the filesystem created by the committer, which is where the option is picked up. i've tried to parameterize it but things are still playing up and I'm not sure how hard to try to fix."
13574495,"[ABFS, S3A] Add IORateLimiter api to hadoop common",Open,Minor,,"Create a rate limiter API in hadoop common which code (initially, manifest committer, bulk delete).. can request iO capacity for a specific operation. this can be exported by filesystems so support shared rate limiting across all threads pulled from HADOOP-19093 PR"
13584169,testUpdateDeepDirectoryStructureToRemote intermittent failures,Open,Minor,,Test testUpdateDeepDirectoryStructureToRemote intermittently fails. Following is an instance in ABFS test runs: {code:java} [ERROR] testUpdateDeepDirectoryStructureToRemote(org.apache.hadoop.fs.azurebfs.contract.ITestAbfsFileSystemContractDistCp) Time elapsed: 2.951 s <<< FAILURE! java.lang.AssertionError: Files Copied value 2 above maximum 1 at org.junit.Assert.fail(Assert.java:89) at org.junit.Assert.assertTrue(Assert.java:42) at org.apache.hadoop.tools.contract.AbstractContractDistCpTest.assertCounterInRange(AbstractContractDistCpTest.java:294) at org.apache.hadoop.tools.contract.AbstractContractDistCpTest.distCpUpdateDeepDirectoryStructure(AbstractContractDistCpTest.java:334) at org.apache.hadoop.tools.contract.AbstractContractDistCpTest.testUpdateDeepDirectoryStructureToRemote(AbstractContractDistCpTest.java:259) {code} There is one JIRA in Apache-Ozone which was raised in S3 test run: https://issues.apache.org/jira/browse/HDDS-10616 {code:java} org.apache.hadoop.fs.contract.s3a.ITestS3AContractDistCp testUpdateDeepDirectoryStructureToRemote(org.apache.hadoop.fs.contract.s3a.ITestS3AContractDistCp) Time elapsed: 2.375 s <<< FAILURE! java.lang.AssertionError: Files Copied value
13581628,Log level is WARN when fail to load native hadoop libs,Resolved,Minor,Fixed,
13581829,Bulk delete api doesn't take the path to delete as the base path,Resolved,Minor,Fixed,"If you use the path of the file you intend to delete as the base path, you get an error. This is because the validation requires the list to be of children, but the base path itself should be valid."
13580592,TestHarFileSystem and TestFilterFileSystem failing after bulk delete API added,Resolved,Minor,Fixed,"oh, we need to update a couple of tests so they know not to worry about the new interface/method. The details are in the javadocs of FileSystem. Interesting these snuck through yetus, though they fail in PRs based atop #6726 {code} [ERROR] Failures: [ERROR] org.apache.hadoop.fs.TestFilterFileSystem.testFilterFileSystem [ERROR] Run 1: TestFilterFileSystem.testFilterFileSystem:181 1 methods were not overridden correctly - see log [ERROR] Run 2: TestFilterFileSystem.testFilterFileSystem:181 1 methods were not overridden correctly - see log [ERROR] Run 3: TestFilterFileSystem.testFilterFileSystem:181 1 methods were not overridden correctly - see log [INFO] [ERROR] org.apache.hadoop.fs.TestHarFileSystem.testInheritedMethodsImplemented [ERROR] Run 1: TestHarFileSystem.testInheritedMethodsImplemented:402 1 methods were not overridden correctly - see log [ERROR] Run 2: TestHarFileSystem.testInheritedMethodsImplemented:402 1 methods were not overridden correctly - see log [ERROR] Run 3: TestHarFileSystem.testInheritedMethodsImplemented:402 1 methods were not overridden correctly - see log {code}"
13581225,Skip ITestS3AEncryptionWithDefaultS3Settings.testEncryptionFileAttributes when bucket not encrypted with sse-kms,Resolved,Minor,Fixed,"[ERROR] Tests run: 5, Failures: 1, Errors: 0, Skipped: 4, Time elapsed: 12.80 s <<< FAILURE! -- in org.apache.hadoop.fs.s3a.ITestS3AEncryptionWithDefaultS3Settings [ERROR] org.apache.hadoop.fs.s3a.ITestS3AEncryptionWithDefaultS3Settings.testEncryptionFileAttributes -- Time elapsed: 5.065 s <<< FAILURE! org.junit.ComparisonFailure: [Server side encryption algorithm must match] expected:<""[aws:kms]""> but was:<""[AES256]""> at sun.reflect.NativeConstructorAccessorImpl.newInstance0(Native Method) at sun.reflect.NativeConstructorAccessorImpl.newInstance(NativeConstructorAccessorImpl.java:62) at sun.reflect.DelegatingConstructorAccessorImpl.newInstance(DelegatingConstructorAccessorImpl.java:45) at org.apache.hadoop.fs.s3a.EncryptionTestUtils.validateEncryptionFileAttributes(EncryptionTestUtils.java:138) at org.apache.hadoop.fs.s3a.ITestS3AEncryptionWithDefaultS3Settings.testEncryptionFileAttributes(ITestS3AEncryptionWithDefaultS3Settings.java:112) at sun.reflect.NativeMethodAccessorImpl.invoke0(Native Method) at sun.reflect.NativeMethodAccessorImpl.invoke(NativeMethodAccessorImpl.java:62) at sun.reflect.DelegatingMethodAccessorImpl.invoke(DelegatingMethodAccessorImpl.java:43) at java.lang."
13578246,Change of Codec configuration does not work,Resolved,Minor,Fixed,"In one of my projects, I need to dynamically adjust compression level for different files. However, I found that in most cases the new compression level does not take effect as expected, the old compression level continues to be used. Here is the relevant code snippet: ZStandardCodec zStandardCodec = new ZStandardCodec(); zStandardCodec.setConf(conf); conf.set(""io.compression.codec.zstd.level"", ""5""); // level may change dynamically conf.set(""io.compression.codec.zstd"", zStandardCodec.getClass().getName()); writer = SequenceFile.createWriter(conf, SequenceFile.Writer.file(sequenceFilePath), SequenceFile.Writer.keyClass(LongWritable.class), SequenceFile.Writer.valueClass(BytesWritable.class), SequenceFile.Writer.compression(CompressionType.BLOCK)); The reason is SequenceFile.Writer.init() method will call CodecPool.getCompressor(codec, null) to get a compressor. If the compressor is a reused instance, the conf is not applied because it is passed as null: public static Compressor getCompressor(CompressionCodec codec, Configuration conf) { Compressor compressor = borrow(compressorPool, codec.getCompressorType()); if (compressor == null) { compressor = codec.createCompressor(); LOG.info"
13579099,Upgrade aws-java-sdk to 1.12.720,Resolved,Minor,Fixed,"Update to the latest AWS SDK, to stop anyone worrying about the ion library CVE https://nvd.nist.gov/vuln/detail/CVE-2024-21634 This isn't exposed in the s3a client, but may be used downstream. on v2 sdk releases, the v1 sdk is only used during builds; 3.3.x it is shipped"
13579213,update s3a committer docs,Open,Minor,,"Update s3a committer docs * declare that magic committer is stable and make it the recommended one * show how to use new command ""mapred successfile"" to print the success file."
13578489,[DOC] Drop Migrating from Apache Hadoop 1.x to Apache Hadoop 2.x,Open,Minor,,"Reading the docs, found this page, which is pretty irrelevant in current context or upcoming 3.x releases, can explore dropping it https://apache.github.io/hadoop/hadoop-mapreduce-client/hadoop-mapreduce-client-core/MapReduce_Compatibility_Hadoop1_Hadoop2.html"
13575546,noaa-cors-pds bucket access with global endpoint fails,Resolved,Minor,Fixed,"All tests accessing noaa-cors-pds use us-east-1 region, as configured at bucket level. If global endpoint is configured (e.g. us-west-2), they fail to access to bucket. Sample error: {code:java} org.apache.hadoop.fs.s3a.AWSRedirectException: Received permanent redirect response to region [us-east-1]. This likely indicates that the S3 region configured in fs.s3a.endpoint.region does not match the AWS region containing the bucket.: null (Service: S3, Status Code: 301, Request ID: PMRWMQC9S91CNEJR, Extended Request ID: 6Xrg9thLiZXffBM9rbSCRgBqwTxdLAzm6OzWk9qYJz1kGex3TVfdiMtqJ+G4vaYCyjkqL8cteKI/NuPBQu5A0Q==) at org.apache.hadoop.fs.s3a.S3AUtils.translateException(S3AUtils.java:253) at org.apache.hadoop.fs.s3a.S3AUtils.translateException(S3AUtils.java:155) at org.apache.hadoop.fs.s3a.S3AFileSystem.s3GetFileStatus(S3AFileSystem.java:4041) at org.apache.hadoop.fs.s3a.S3AFileSystem.innerGetFileStatus(S3AFileSystem.java:3947) at org.apache.hadoop.fs.s3a.S3AFileSystem.lambda$getFileStatus$26(S3AFileSystem.java:3924) at org.apache.hadoop.fs.statistics.impl.IOStatisticsBinding.invokeTrackingDuration(IOStatisticsBinding.java:547) at org.apache.hadoop.fs.statistics.impl.IOStatisticsBinding.lambd"
13577428,Fix hadoop-aws document for fs.s3a.committer.abort.pending.uploads,Resolved,Minor,Fixed,The description about `fs.s3a.committer.abort.pending.uploads` in the _Concurrent Jobs writing to the same destination_ is not all correct.
13576880,Fix TestZKSignerSecretProvider failing unit test,Open,Minor,,"* {{TestZKSignerSecretProvider and }}{{{}TestRandomSignerSecretProvider{}}}{{{{}} unit test o{}}}ccasional failure * The reason was that the MockZKSignerSecretProvider class rollSecret method is {{synchronized}} * {{{}s{}}}ometimes verify (secretProvider, timeout (timeout). AtLeastOnce ()). RollSecret () method first in RolloverSignerSecretProvider scheduler thread lock, this results in a timeout"
13584255,Invalid GPG commands in Download page,Resolved,Trivial,Fixed,"Instructions in [Download page|https://hadoop.apache.org/releases.html] shows GPG commands with {{--}} converted to &ndash;, which makes the commands invalid. {code} gpg –import KEYS gpg –verify hadoop-X.Y.Z-src.tar.gz.asc {code}"
13431770,Switch the baseurl for Centos 8,Resolved,Blocker,Fixed,Centos 8 has reached its End-of-Life and thus its packages are no longer accessible from mirror.centos.org. We need to switch the *baseurl* to vault.centos.org where the packages are archived. Please see https://www.centos.org/centos-linux-eol/ for more details.
13424407,Disable S3A auditing by default.,Resolved,Blocker,Fixed,"See HADOOP-18091. S3A auditing leaks memory through ThreadLocal references * Adds a new option fs.s3a.audit.enabled to controls whether or not auditing is enabled. This is false by default. * When false, the S3A auditing manager is NoopAuditManagerS3A, which was formerly only used for unit tests and during filsystem initialization. * When true, ActiveAuditManagerS3A is used for managing auditing, allowing auditing events to be reported. * updates documentation and tests."
13420488,Update the year to 2022,Resolved,Blocker,Duplicate,
13425237,Distcp: Sync moves filtered file to home directory rather than deleting,Resolved,Critical,Fixed,"Distcp sync with snapshot, if the file being copied is renamed to a path which is in the exclusion filter, tries to delete the file. But instead of deleting, it moves the file to home directory"
13426374,Implement paging during S3 multi object delete.,Resolved,Critical,Fixed,"{*}Error{*}: Rename operation fails during multi object delete of size more than 1000. We see an exception during multi object delete of more than 1000 keys in one go during rename operation. {noformat} org.apache.hadoop.fs.s3a.AWSBadRequestException: rename com.amazonaws.services.s3.model.AmazonS3Exception : The XML you provided was not well-formed or did not validate against our published schema (Service: Amazon S3; Status Code: 400; Error Code: MalformedXML; Request ID: XZ8PGAQHP0FGHPYS; S3 Extended Request ID: vTG8c+koukzQ8yMRGd9BvWfmRwkCZ3fAs/EOiAV5S9E JjLqFTNCgDOKokuus5W600Z5iOa/iQBI=; Proxy: null), S3 Extended Request ID: vTG8c+koukzQ8yMRGd9BvWfmRwkCZ3fAs/EOiAV5S9EJjLqFTNCgDOKokuus5W600Z5iOa/iQBI=:MalformedXML: The XML you provided was not well-formed or did not validate against our published schema (Service: Amazon S3; Status Code: 400; Error Code: MalformedXML; Request ID: XZ8PGAQHP0FGHPYS; S3 Extended Request ID: vTG8c+koukzQ8yMRGd9BvWfmRwkCZ3fAs/EOiAV5S9EJjLqFTNCgDOKokuus5W600Z5iOa/iQBI=; Proxy: null) at org.apache.hadoop.fs.s3a.S3AUtils.translateException(S3AUtils.java:247) at org.apache.hadoop.fs.s3a.s3guard.RenameTracker.convertToIOException(RenameTracker.java:267) at"
13429542,Setup Jenkins nightly CI for Windows 10,Resolved,Critical,Fixed,Need to run the Jenkins Nightly CI for Windows 10 environment so that we catch any breaking changes for Hadoop on the Windows 10 platform. Need to get Yetus to run on Windows 10 with against the Hadoop codebase.
13429541,Add Dockerfile for Windows 10,Resolved,Critical,Fixed,Need to write a Dockerfile for Windows 10 that creates a Docker image for building Hadoop on the Windows 10 platform.
13430474,toString method of RpcCall throws IllegalArgumentException,Resolved,Critical,Won't Fix,"We have observed breaking tests such as TestApplicationACLs. We have located the root cause, which is HADOOP-18082. It seems that there is a concurrency issue within ProtobufRpcEngine2. When using a debugger, the missing fields are there, hence the suspicion of concurrency problem. The stack trace: {noformat} java.lang.IllegalArgumentException at java.nio.Buffer.position(Buffer.java:244) at org.apache.hadoop.ipc.RpcWritable$ProtobufWrapper.readFrom(RpcWritable.java:131) at org.apache.hadoop.ipc.RpcWritable$Buffer.getValue(RpcWritable.java:232) at org.apache.hadoop.ipc.ProtobufRpcEngine2$RpcProtobufRequest.getRequestHeader(ProtobufRpcEngine2.java:645) at org.apache.hadoop.ipc.ProtobufRpcEngine2$RpcProtobufRequest.toString(ProtobufRpcEngine2.java:663) at java.lang.String.valueOf(String.java:3425) at java.lang.StringBuilder.append(StringBuilder.java:516) at org.apache.hadoop.ipc.Server$RpcCall.toString(Server.java:1328) at java.lang.String.valueOf(String.java:3425) at java.lang.StringBuilder.append(StringBuilder.java:516) at org.apache.hadoop.ipc.Server$Handler.run(Server.java:3097){noformat}"
13427877,Hadoop auth does not handle HTTP Headers in a case-insensitive way,Resolved,Critical,Fixed,According to [RFC-2616|https://www.ietf.org/rfc/rfc2616.txt] HTTP Headers are case-insensitive. There are proxies / load balancers (e.g.: newer versions of HA-proxy) which deliberately make some of the HTTP headers lower-case results in an authentication / authorization failure inside the Hadoop codebase. I've created a small patch (I'm from Cloudera): [^hadoop-auth-headers.patch]. This resolves our authentication issue. Can someone please have a look at this?
13434827,Jenkins jobs intermittently failing in the end,Open,Critical,,The PR results are not completed sometime: {noformat} 13:52:57 Recording test results 13:53:18 Remote call on hadoop10 failed [Pipeline] echo 13:53:18 junit processing: java.io.IOException: Remote call on hadoop10 failed {noformat} Ref: https://ci-hadoop.apache.org/job/hadoop-multibranch/job/PR-4081/8/consoleFull Daily Builds also face similar issues: {noformat} java.io.IOException: Pipe closed after 0 cycles at org.apache.sshd.common.channel.ChannelPipedInputStream.read(ChannelPipedInputStream.java:126) at org.apache.sshd.common.channel.ChannelPipedInputStream.read(ChannelPipedInputStream.java:105) at hudson.remoting.FlightRecorderInputStream.read(FlightRecorderInputStream.java:93) at hudson.remoting.ChunkedInputStream.readHeader(ChunkedInputStream.java:74) at hudson.remoting.ChunkedInputStream.readUntilBreak(ChunkedInputStream.java:104) at hudson.remoting.ChunkedCommandTransport.readBlock(ChunkedCommandTransport.java:39) at hudson.remoting.AbstractSynchronousByteArrayCommandTransport.read(AbstractSynchronousByteArrayCommandTransport.java:34) at hudson.remoting.SynchronousCommandTransport$ReaderThread.run(SynchronousCommandTransport.java:61) Caused: java.io.IOException: Backing ch
13424270,Exclude log4j2 dependency from hadoop-huaweicloud module,Resolved,Critical,Duplicate,[https://github.com/apache/hadoop/pull/3906#issuecomment-1018401121] The following log4j2 dependencies must be excluded. {code:java} [INFO] \- org.apache.hadoop:hadoop-huaweicloud:jar:3.4.0-SNAPSHOT:compile [INFO] \- com.huaweicloud:esdk-obs-java:jar:3.20.4.2:compile [INFO] +- com.jamesmurty.utils:java-xmlbuilder:jar:1.2:compile [INFO] +- com.squareup.okhttp3:okhttp:jar:3.14.2:compile [INFO] +- org.apache.logging.log4j:log4j-core:jar:2.12.0:compile [INFO] \- org.apache.logging.log4j:log4j-api:jar:2.12.0:compile {code}
13432165,S3A Authentication to support WebIdentity,Open,Major,,"We are using the latest version of [delta-sharing|https://github.com/delta-io/delta-sharing] which takes advantage of [hadoop-aws|https://hadoop.apache.org/docs/current/hadoop-aws/tools/hadoop-aws/index.html] (S3A) connector in [Hadoop release version 2.10.1|https://github.com/apache/hadoop/tree/rel/release-2.10.1] to mount an AWS S3 File System. In our particular setup, all services are operated in Amazon Elastic Kubernetes Service (EKS) and need to comply to the AWS security concept [IAM roles for service accounts|https://docs.aws.amazon.com/eks/latest/userguide/iam-roles-for-service-accounts.html] (IRSA). As [Delta sharing S3 connection|https://github.com/delta-io/delta-sharing#s3] doesn't offer any corresponding support, we patched hadoop-aws-2.10.1 to address this need via a new credentials provider class org.apache.hadoop.fs.s3a.OIDCTokenCredentialsProvider. We also upgraded dependency aws-java-sdk-bundle to its latest version 1.12.167 as [AWS WebIdentityTokenCredentialsProvider class|https://docs.aws.amazon.com/AWSJavaSDK/latest/javadoc/com/amazonaws/auth/WebIdentityTokenCredentialsProvider.html%E2%80%A6] was not yet available in original version 1.11.271. We believe that ot"
13425980,Implement a variant of ElasticByteBufferPool which uses weak references for garbage collection.,Resolved,Major,Fixed,"Currently in hadoop codebase, we have two classes which implements byte buffers pooling. One is ElasticByteBufferPool which doesn't use weak references and thus could cause memory leaks in production environment. Other is DirectBufferPool which uses weak references but doesn't support caller's preference for either on-heap or off-heap buffers. The idea is to create an improved version of ElasticByteBufferPool by subclassing it ( as it is marked as public and stable and used widely in hdfs ) with essential functionalities required for effective buffer pooling. This is important for the parent Vectored IO work."
13421427,S3A: Upgrade AWS SDK to V2,Resolved,Major,Fixed,"This task tracks upgrading Hadoop's AWS connector S3A from AWS SDK for Java V1 to AWS SDK for Java V2. Original use case: {quote}We would like to access s3 with AWS SSO, which is supported in software.amazon.awssdk:sdk-core:2.*. In particular, from [https://hadoop.apache.org/docs/stable/hadoop-aws/tools/hadoop-aws/index.html], when to set 'fs.s3a.aws.credentials.provider', it must be ""com.amazonaws.auth.AWSCredentialsProvider"". We would like to support ""software.amazon.awssdk.auth.credentials.ProfileCredentialsProvider"" which supports AWS SSO, so users only need to authenticate once. {quote}"
13425972,High performance vectored read API in Hadoop,Resolved,Major,Fixed,"Add support for multiple ranged vectored read api in PositionedReadable. The default iterates through the ranges to read each synchronously, but the intent is that FSDataInputStream subclasses can make more efficient readers especially object stores implementation."
13423884,Replace log4j 1.x with reload4j,Resolved,Major,Fixed,"As proposed in the dev mailing list (https://lists.apache.org/thread/fdzkv80mzkf3w74z9120l0k0rc3v7kqk) let's replace log4j 1 with reload4j in the maintenance releases (i.e. 3.3.x, 3.2.x and 2.10.x)"
13435952,Upgrade jackson to 2.13.2 and jackson-databind to 2.13.2.2. CVE-2020-36518,Resolved,Major,Fixed,CVE-2020-36518 https://github.com/FasterXML/jackson-databind/issues/2816
