Issue id,Summary,Status,Priority,Resolution,Description
13434743,shaded mapreduce and shaded byo-hadoop client artifacts contains no classes,Resolved,Blocker,Fixed,"After fixing the logging problem in HBASE-26870, we could see the actual error. {noformat} /home/jenkins/jenkins-home/workspace/ase_Nightly_HBASE-26870-branch-2/hadoop-3/bin/hadoop --config /home/jenkins/jenkins-home/workspace/ase_Nightly_HBASE-26870-branch-2/output-integration/hadoop-3/hbase-conf/ jar /home/jenkins/jenkins-home/workspace/ase_Nightly_HBASE-26870-branch-2/hbase-client/lib/shaded-clients/hbase-shaded-mapreduce-2.6.0-SNAPSHOT.jar importtsv -Dimporttsv.columns=HBASE_ROW_KEY,family1:column1,family1:column4,family1:column3 test:example example/ -libjars /home/jenkins/jenkins-home/workspace/ase_Nightly_HBASE-26870-branch-2/hbase-client/bin/../lib/shaded-clients/hbase-shaded-mapreduce-2.6.0-SNAPSHOT.jar:/home/jenkins/jenkins-home/workspace/ase_Nightly_HBASE-26870-branch-2/hbase-client/bin/../lib/client-facing-thirdparty/audience-annotations-0.5.0.jar:/home/jenkins/jenkins-home/workspace/ase_Nightly_HBASE-26870-branch-2/hbase-client/bin/../lib/client-facing-thirdparty/commons-logging-1.2.jar:/home/jenkins/jenkins-home/workspace/ase_Nightly_HBASE-26870-branch-2/hbase-client/bin/../lib/client-facing-thirdparty/htrace-core4-4.1.0-incubating.jar:/home/jenkins/jenkins-home/works"
13424759,"Netty ""leak detected"" and OutOfDirectMemoryError due to direct memory buffering with SASL implementation",Resolved,Blocker,Fixed,"Under constant data ingestion, using default Netty based RpcServer and RpcClient implementation results in OutOfDirectMemoryError, supposedly caused by leaks detected by Netty's LeakDetector. {code:java} 2022-01-25 17:03:10,084 ERROR [S-EventLoopGroup-1-3] util.ResourceLeakDetector - java:115) org.apache.hbase.thirdparty.io.netty.handler.codec.ByteToMessageDecoder.expandBTW. have you run the related test case?(ByteToMessageDecoder.java:538) org.apache.hbase.thirdparty.io.netty.handler.codec.ByteToMessageDecoder$1.cumulate(ByteToMessageDecoder.java:97) org.apache.hbase.thirdparty.io.netty.handler.codec.ByteToMessageDecoder.channelRead(ByteToMessageDecoder.java:274) org.apache.hbase.thirdparty.io.netty.channel.AbstractChannelHandlerContext.invokeChannelRead(AbstractChannelHandlerContext.java:379) org.apache.hbase.thirdparty.io.netty.channel.AbstractChannelHandlerContext.invokeChannelRead(AbstractChannelHandlerContext.java:365) org.apache.hbase.thirdparty.io.netty.channel.AbstractChannelHandlerContext.fireChannelRead(AbstractChannelHandlerContext.java:357) org.apache.hbase.thirdparty.io.netty.channel.DefaultChannelPipeline$HeadContext.channelRead(DefaultChannelPipeline.java:1410) org."
13432116,Backport the log4j2 changes to branch-2,Resolved,Blocker,Fixed,"One thing is that, we'd better make sure that users can still use the old log4j.properties for logging."
13432167,Missing opentelemetry agent in hadoop-two-compat.xml,Resolved,Blocker,Fixed,"We do not have hadoop-two-compat.xml on master, this is probably why we missed this file when backporting to branch-2."
13424163,The way we bypass broken track file is not enough in StoreFileListFile,Resolved,Critical,Fixed,"When implementing HBASE-26690, I found that a pb message can be parsed with partial bytes, if we stop at some special point. So we can not rely on the pb parser to always throw InvalidProtocolBufferException for us, we need to detect the incomplete file by ourselves."
13434041,NPE caused by WAL Compression and Replication,Resolved,Critical,Won't Fix,"My cluster uses HBase 1.4.12, opened WAL compression and replication. I could found replication sizeOfLogQueue backlog, and after some debugs, found the NPE throwed by [https://github.com/apache/hbase/blob/branch-1/hbase-common/src/main/java/org/apache/hadoop/hbase/io/util/LRUDictionary.java#L109:] !image-2022-03-16-14-25-49-276.png! The root cause for this problem is: WALEntryStream#checkAllBytesParsed: !image-2022-03-16-14-30-15-247.png! resetReader does not create a new reader, the original CompressionContext and the dict in it will still be retained. However, at this time, the position is reset to 0, which means that the HLog needs to be read from the beginning, but the cache that has not been cleared is still used, so there will be problems: the same data has already in the LRUCache, and it will be directly added to the cache again. Recreate a new reader here, the problem is solved. I will open a PR later. But, there are some other places in the current code to resetReader or seekOnFs. I guess these codes doesn't take into account the wal compression case at all... In theory, as long as the file is read again, the LRUCache should also be rolled back, otherwise there will be in"
13425509,"Snapshot is corrupted due to interaction between move, warmupRegion, compaction, and HFileArchiver",Resolved,Critical,Duplicate,"There is an interesting sequence of events which leads to split-brain, double-assignment type of behavior with management of store files. The scenario is this: # Take snapshot # RegionX of snapshotted table is hosted on RegionServer1. # Stop RegionServer1, using {{region_mover}}, gracefully moving all regions to other regionservers using {{move}} RPCs. # RegionX is now opened on RegionServer2. # RegionServer2 compacts RegionX after opening. # RegionServer1 starts and uses {{region_mover}} to {{move}} all previously owned regions back to itself. # The HMaster RPC to {{move}} calls {{warmupRegion}} on RegionServer1. # As part of {{warmupRegion}}, RegionServer1 opens all store files of RegionX. CompactedHFilesDischarger chore has not yet archived the pre-compacted store file. RegionServer1 finds both the pre-compacted store file and post-compacted store file. It logs a warning and archives the pre-compacted file. # RegionServer1 has warmed up the region, so now HMaster resumes the {{move}} and sends {{close}} RegionX to RegionServer2. # RegionServer2 closes its store files. As part of this, it archives any compacted files which have not yet been archived by the {{CompactedHFilesDischa"
13432570,ShortCircuitingClusterConnection fails to close RegionScanners when making short-circuited calls,Resolved,Critical,Fixed,"Just ran into this on the Phoenix side. We retrieve a Connection via {{{}RegionCoprocessorEnvironment.createConnection... getTable(...){}}}. And then call get on that table. The Get's key happens to be local. Now each call to table.get() leaves an open StoreScanner around forever. (verified with a memory profiler). There references are held via RegionScannerImpl.storeHeap.scannersForDelayedClose. Eventially the RegionServer goes into a GC of death and can only ended with kill -9. The reason appears to be that in this case there is no currentCall context. Some time in 2.x the Rpc handler/call was made responsible for closing open region scanners, but we forgot to handle {{ShortCircuitingClusterConnection}} It's not immediately clear how to fix this. But it does make ShortCircuitingClusterConnection useless and dangerous. If you use it, you *will* create a giant memory leak."
13423215,Wait on the future returned by FanOutOneBlockAsyncDFSOutput.flush would stuck,Resolved,Critical,Fixed,"Consider there are three dataNodes: dn1,dn2,and dn3, and we write some data to {{FanOutOneBlockAsyncDFSOutput}} and then flush it, there are one {{Callback}} in {{FanOutOneBlockAsyncDFSOutput.waitingAckQueue}}. If the ack from dn1 arrives firstly and triggers Netty to invoke {{FanOutOneBlockAsyncDFSOutput.completed}} with dn1's channel, then in {{FanOutOneBlockAsyncDFSOutput.completed}}, dn1's channel is removed from {{Callback.unfinishedReplicas}}. But dn2 and dn3 respond slowly, before dn2 and dn3 sending ack , dn1 is shut down or have a exception, so {{FanOutOneBlockAsyncDFSOutput.failed}} is triggered by Netty with dn1's channel, and because the {{Callback.unfinishedReplicas}} does not contain dn1's channel,the {{Callback}} is skipped in {{FanOutOneBlockAsyncDFSOutput.failed}} method, just as following line250, and at line 245, {{FanOutOneBlockAsyncDFSOutput.state}} is set to {{State.BROKEN}}. {code:java} 233 private synchronized void failed(Channel channel, Supplier<Throwable> errorSupplier) { 234 if (state == State.BROKEN || state == State.CLOSED) { 235 return; 236 } .... 244 // disable further write, and fail all pending ack. 245 state = State.BROKEN; 246 Throwable error = e"
13422683,HFileLinkCleaner should be added even if snapshot is disabled,Resolved,Critical,Fixed,"We encountered a problem in our cluster: 1. Cluster has many snapshots, cause the archive directory is too big. 2. We delete some snapshots, but the cleaner runs slowly because this is a race in synchronized method of SnapshotHFileCleaner. 3. We delete all snapshots, and disable snapshot feature(hbase.snapshot.enabled=false), so the cleaner will skip the synchronized method in SnapshotHFileCleaner. 4. After cleaner runs, some back reference and data files under archive directory are deleted, but they are still used by some restored tables. This does not meet expectations. One solution is add HFileLinkCleaner even if snapshot is disabled."
13423883,Replacing log4j with reload4j for branch-2.x,Resolved,Critical,Fixed,"There are several new CVEs for log4j1 now. As it is not suitable to upgrade to log4j2 for 2.x releases, let's replace the log4j1 dependencies with reload4j."
13426993,Incorrect exception handling in shell,Resolved,Critical,Fixed,"The exception handling changed in the shell compared to 2.2. {noformat} ➜ hbase-upstream git:(branch-2.4) ✗ cat commands.txt scan 'foo' exit ➜ hbase-upstream git:(branch-2.4) ✗ bin/hbase shell -n commands.txt 2022-02-07 16:21:33,654 WARN [main] util.NativeCodeLoader: Unable to load native-hadoop library for your platform... using builtin-java classes where applicable hbase:001:0> scan 'foo' ROW COLUMN+CELL Took 0.3890 seconds Traceback (most recent call last): RuntimeError (Unknown table foo!) hbase:002:0> exit ➜ hbase-upstream git:(branch-2.4) ✗ echo $? 0 {noformat} The execution continues even after an exception is thrown. In 2.2.7 the execution stops when an exception is thrown and the shell exits with error code. {noformat} ➜ hbase-2.2.7 bin/hbase shell -n commands.txt 2022-02-07 16:33:54,930 WARN [main] util.NativeCodeLoader: Unable to load native-hadoop library for your platform... using builtin-java classes where applicable ROW COLUMN+CELL Took 0.3082 seconds RuntimeError: Unknown table foo! translate_hbase_exceptions at /Users/petersomogyi/tmp/hbase-2.2.7/lib/ruby/shell/commands.rb:130 command_safe at /Users/petersomogyi/tmp/hbase-2.2.7/lib/ruby/shell/commands.rb:49 interna"
13434739,Log4j2 integration is incorrect in nighly's client integration test,Resolved,Critical,Fixed,On master it still uses log4j2.xml and on branch-2.x we completely misses this part... Let me prepare PRs to fix them.
13433861,TestSnapshotProcedure fails in branch-2,Resolved,Critical,Fixed,"We still use the origin implementation for Admin in branch-2, which is different from the AdminOverAsyncAdmin in master branch. This patch will try to introduce the snapshot procedure to the origin Admin implementation client in branch-2."
13420402,LoadBalancer should not return empty map,Resolved,Critical,Fixed,"After HBASE-26641, these two tests are still flaky, they also fail for me locally sometimes. After digging, I found that, while we see this in the log output after master failover {noformat} Wanted to do round robin assignment but no servers to assign to {noformat} The UTs will fail. Need to dig more."
13431501,Automatically add default security headers to http/rest if SSL enabled,Resolved,Major,Fixed,In the previous ticket https://issues.apache.org/jira/browse/HBASE-23303 we implemented these security headers as optional which had to explicitly enabled in the config. With this change the headers will automatically be added with meaningful default values if SSL is enabled.
13432114,Update ref guide about log4j2 after we changed to use properties file,Resolved,Major,Fixed,"In HBASE-25862 we changed the ref guide to mention log4j2.xml, now it should be log4j2.properties then."
13432108,Update downloads.xml for 2.4.10,Resolved,Major,Fixed,
13429446,Scan#setRowPrefixFilter incorrectly marked as deprecated,Resolved,Major,Fixed,"Issue HBASE-25299 is about the Scan#setRowPrefixFilter having not the expected effects when using also the setStartRow and/or setStopRow. The setRowPrefixFilter is intended to make setting the right startRow and stopRow for prefix scans. So it was always intended of using it *instead* of doing separate setStartRow and/or setStopRow calls. The reason for adding this to the Scan (~ 8 years ago, HBASE-11990 ) was that calculating the correct start and stop row for doing the very efficient prefix scan is very very hard to do right in the generic case. This is still a current usecase and many of my applications rely on this function (I even prefer the HBase Client when connecting to Google BigTable for this method). With issue HBASE-25299 it has now been marked as deprecated. Quote from the changes made in HBASE-25299: {code} @deprecated since 3.0.0. The scan result might be unexpected in some cases. {code} Yes, if you use this very valuable method incorrectly it will yield incorrect results. I do not consider this a valid reason to deprecate it. So I do agree with the confusion of the effects as described in HBASE-25299 which should be fixed with additional documentation. I disagree wi"
13434920,VerifyReplication recompare async,Resolved,Major,Fixed,"VerifyReplication includes an option ""sleepMsBeforeReCompare"". This is useful for helping work around replication lag. However, adding a sleep in a hadoop job can drastically slow that job down if there is anything more than a small number of invalid results. We can mitigate this by doing the recompare in a separate thread. We can limit the thread pool and fallback to doing the recompare in the main thread if the thread pool is full. This way we offload some of the slowness but still retain the same validation guarantees. A configuration can be added to control how many threads per mapper."
13436208,Cannot rebuild a cluster from an existing root directory,Resolved,Major,Duplicate,"When I tested to rebuild an HBase cluster, and the rootdir was configured as a existed directory (the directory was generated by another HBase cluster of the same version), I found the following error message： {code:java} java.net.UnknownHostException: Call to address=worker-1.cluster-xxx:16020 failed on local exception: java.net.UnknownHostException: worker-1.cluster-xxx:16020 could not be resolved at sun.reflect.NativeConstructorAccessorImpl.newInstance0(Native Method) at sun.reflect.NativeConstructorAccessorImpl.newInstance(NativeConstructorAccessorImpl.java:62) at sun.reflect.DelegatingConstructorAccessorImpl.newInstance(DelegatingConstructorAccessorImpl.java:45) at java.lang.reflect.Constructor.newInstance(Constructor.java:423) at org.apache.hadoop.hbase.ipc.IPCUtil.wrapException(IPCUtil.java:234) at org.apache.hadoop.hbase.ipc.AbstractRpcClient.onCallFinished(AbstractRpcClient.java:387) at org.apache.hadoop.hbase.ipc.AbstractRpcClient.access$100(AbstractRpcClient.java:93) at org.apache.hadoop.hbase.ipc.AbstractRpcClient$3.run(AbstractRpcClient.java:424) at org.apache.hadoop.hbase.ipc.AbstractRpcClient$3.run(AbstractRpcClient.java:419) at org.apache.hadoop.hbase.ipc.Call.callC"
13433771,Replace log4j with reload4j for hbase-connector,Resolved,Major,Duplicate,"As a result of the [discussion thread of replacing log4j with reload4j|https://lists.apache.org/thread/kfmjg6zmvdjqcwolj0oh634nzv42y806] and HBASE-26691, we have replaced log4j with reload4j in branch-2. Where hbase-connector as a part of the community, this JIRA propose to align with the active hbase release and replace log4j with reload4j before the next release of hbase-connector"
13432520,Report client backoff time for server overloaded in ConnectionMetrics,Resolved,Major,Fixed,"Servers can throw CallQueueTooBigException and CallDroppedException when overloaded. As of HBASE-26807, these can have a configurable extra backoff to allow the server to recover. Depending on the server side queue implementation, different callers may be more or less impacted by server load. It is very useful to measure in the client how much time is spent backing off so we can see which clients are most affected by server overload."
13420209,The implementation of TestMergesSplitsAddToTracker is problematic,Resolved,Major,Fixed,"As it will clear the trackedFiles map in TestStoreFileTracker for every test but we will also store the files for system tables, so it will cause NPE. Not sure why on master the it will not fail but on branch-2 at least testSplitLoadsFromTracker will fail..."
13421550,ModifyTableDescriptorProcedure shoud load TableDescriptor while executing,Resolved,Major,Fixed,"Found this problem when implementing HBASE-26587. We should not pass the old table descriptor when constructing the procedure, as we may have some other MTPs before us so when executing, the table descriptor may have already been changed."
13422843,Should modify filesCompacting under storeWriteLock,Resolved,Major,Fixed,The stacktrace {noformat} java.lang.IllegalArgumentException at org.apache.hbase.thirdparty.com.google.common.base.Preconditions.checkArgument(Preconditions.java:131) at org.apache.hadoop.hbase.regionserver.compactions.SortedCompactionPolicy.getCurrentEligibleFiles(SortedCompactionPolicy.java:173) at org.apache.hadoop.hbase.regionserver.compactions.SortedCompactionPolicy.preSelectCompactionForCoprocessor(SortedCompactionPolicy.java:44) at org.apache.hadoop.hbase.regionserver.DefaultStoreEngine$DefaultCompactionContext.preSelect(DefaultStoreEngine.java:130) at org.apache.hadoop.hbase.regionserver.HStore.requestCompaction(HStore.java:1438) at org.apache.hadoop.hbase.regionserver.HStore.requestCompaction(HStore.java:1419) at org.apache.hadoop.hbase.regionserver.HRegion.compact(HRegion.java:2238) at org.apache.hadoop.hbase.coprocessor.example.TestWriteHeavyIncrementObserver.test(TestWriteHeavyIncrementObserver.java:70) at sun.reflect.NativeMethodAccessorImpl.invoke0(Native Method) at sun.reflect.NativeMethodAccessorImpl.invoke(NativeMethodAccessorImpl.java:62) at sun.reflect.DelegatingMethodAccessorImpl.invoke(DelegatingMethodAccessorImpl.java:43) at java.lang.reflect.Method.invoke(Met
13422915,Data race on Compactor.writer,Resolved,Major,Fixed,"In Compactor.getCompactionTargets, we use synchronized on the writer instance but it does not help resolve the data race problem, because in other places we do not use synchronized... And since it is not a big deal to the upper layer an old snapshot, we could just make the writer instance volatile and use it directly in the method, just make sure we always use the same instance in the method, i.e, assign it to a local var first."
13423765,Modify FSTableDescriptors to not rely on renaming when writing TableDescriptor,Resolved,Major,Fixed,
13424729,Reduce number of renames during bulkload,Resolved,Major,Fixed,Make sure we only do a single rename operation during bulkload when StoreEngine does not require the the use of tmp directories.
13433676,Set SFT config when creating TableDescriptor in TestCloneSnapshotProcedure,Resolved,Major,Fixed,See posts in HBASE-26836.
13435327,Backport HBASE-25368 to branch-2,Resolved,Major,Fixed,"HBASE-26640 introduced two extra paths under master:store table: "".initializing"" and "".initialized"", in order to control when such store has been completed started for SFT. Problem is that TestHFileProcedurePrettyPrinter uses RegionInfo.isEncodedRegionName to determine if a given child path in the table dir is a valid region dir. Current implementation for RegionInfo.isEncodedRegionName considers "".initializing"" and "".initialized"" as valid region encoded names, thus the test ends up picking one of the flag dirs to list hfiles that should had been modified when validating the test outcome. Further improvements have been made to RegionInfo.isEncodedRegionName in HBASE-25368 to proper validate region names, but those weren't backported to branch-2."
13430796,[hbase-thirdparty] Introduce a hbase-unsafe module in hbase-thirdparty to remove the direct references of Unsafe in our main code base,Resolved,Major,Fixed,"For java 9+, sun.misc.Unsafe is in the module jdk.unsupported. When compiling with java 11 --release 8, these symbols will not be exported and lead to compile errors. There is a jdk issue https://bugs.openjdk.java.net/browse/JDK-8214165 But seems the jdk team does not want to fix it. So if we want to move up to java 11 but still keep the java 8 compatibility, a possible choice is to remove the direct reference of sun.misc.Unsafe so at compile time there will be no problem, and at runtime we export the jdk.unsupported so there will be no problem too. For more details, please see the discussion of this thread on the dev mailing list. https://lists.apache.org/thread/w5lrxkhswlonj09xf9hcwgvck3nsjdfx"
13420330,Increase the timeout for TestStochasticLoadBalancerRegionReplicaLargeCluster,Resolved,Major,Fixed,"TestStochasticLoadBalancerRegionReplicaLargeCluster is on the flaky list for branch-2, it fails 50%+. Looking at the output, sometimes it can not finish all the calculation in time, so let's see if increasing the timeout can help here."
13434715,Introduce read/write request size metrics,Open,Major,,"Calculating the read and write size(unit is bytes) in the region, and aggregated in table and regionserver levels."
13433866,"When encounters EOF exception, replication log will not be dequeued",Open,Major,,"We met this problem on our production clusters, and in the pre-commit tests, it also occured. We can see this test logs, {code:java} 2022-03-14T15:31:16,225 INFO [Time-limited test] wal.AbstractFSWAL(840): Rolled WAL /home/jenkins/jenkins-home/workspace/Base-PreCommit-GitHub-PR_PR-4219/yetus-jdk8-hadoop3-check/src/hbase-server/target/test-data/b3808e70-5b17-10bb-3bd3-fdd825fd8fab/WALs/testSizeOfLogQueue/testSizeOfLogQueue.1647271876165 with entries=1, filesize=210 B; new WAL /home/jenkins/jenkins-home/workspace/Base-PreCommit-GitHub-PR_PR-4219/yetus-jdk8-hadoop3-check/src/hbase-server/target/test-data/b3808e70-5b17-10bb-3bd3-fdd825fd8fab/WALs/testSizeOfLogQueue/testSizeOfLogQueue.1647271876191 2022-03-14T15:31:16,225 DEBUG [Time-limited test] wal.AbstractFSWAL(927): Create new AsyncFSWAL writer with pipeline: [DatanodeInfoWithStorage[127.0.0.1:34961,DS-77496ab4-d8f2-4bee-af67-6f1c3e08de20,DISK], DatanodeInfoWithStorage[127.0.0.1:38455,DS-50a46a7f-6202-4177-a91f-7da535dbf07f,DISK], DatanodeInfoWithStorage[127.0.0.1:40111,DS-d41b66a9-f9d5-4a57-9969-ac93cae6c9ac,DISK]] 2022-03-14T15:31:16,338 WARN [Close-WAL-Writer-0] asyncfs.FanOutOneBlockAsyncDFSOutputHelper(593): complete file /hom"
13431289,HFileBlock.verifyOnDiskSizeMatchesHeader throw IOException: Passed in onDiskSizeWithHeader= A != B,Open,Major,,"When I scan a region, HBase throw IOException: Passed in onDiskSizeWithHeader= A != B The HFile mentioned Error message can be access normally. it recover by command – move region. I guess that onDiskSizeWithHeader of HFileBlock has been changed. And RS get the correct BlockHeader Info after region reopened."
13422616,HBASE-26664 hbase-connector upgrades extra-enforcer-rules to 1.5.1,Resolved,Major,Fixed,"hbase-connector fails when building with -Prelease after maven-enforcer-plugin upgraded to 3.0.0 from 3.0.0-M3 in HBASE-26534. We upgraded maven-enforcer-plugin from 3.0.0-M3 to 3.0.0, but then we hit the problem of `extra-enforcer-rules` has different as mentioned in https://github.com/mojohaus/extra-enforcer-rules/issues/131#issuecomment-890329715 {code} $ mvn clean install -Prelease [ERROR] Failed to execute goal org.apache.maven.plugins:maven-enforcer-plugin:3.0.0:enforce (enforce-maven-version) on project hbase-connectors: Unable to parse configuration of mojo org.apache.maven.plugins:maven-enforcer-plugin:3.0.0:enforce for parameter enforceBytecodeVersion: Cannot create instance of class org.apache.maven.plugins.enforcer.EnforceBytecodeVersion: org/apache/maven/shared/dependency/tree/DependencyTreeBuilderException: org.apache.maven.shared.dependency.tree.DependencyTreeBuilderException -> [Help 1] {code} https://github.com/mojohaus/extra-enforcer-rules/commit/d380fe56a7317a237bbce5b94fbab7f4581d3d1b"
13428237,"hbase master crash after running couple of days with error STUCK Region-In-Transition rit=FAILED_OPEN, location=null, table=hbase:meta, region=xxxxxxxxxx",Open,Major,,"hbase master not responding after running couple of days and region server keep restarting. we are seeing bellow warning in master and region server WARN [ProcExecTimeout] assignment.AssignmentManager: STUCK Region-In-Transition rit=FAILED_OPEN, location=null, table=hbase:meta, region=xxxxxxxxxxxxx [master/xxxx-infra-xxxxx-hbase-master-0:16000.Chore.3] master.HMaster: Not running balancer because processing dead regionserver(s): 2022-02-07 19:54:11,512 INFO [ReadOnlyZKClient-xxxxxx-zookeeper:2181@0x2fcc92d9] zookeeper.ZooKeeper: Initiating client connection, connectString=xxxx-zookeeper:2181 sessionTimeout=90000 watcher=org.apache.hadoop.hbase.zookeeper.ReadOnlyZKClient$$Lambda$158/0x000000010057b440@48d2e00b WARN [ProcExecTimeout] assignment.AssignmentManager: STUCK Region-In-Transition rit=FAILED_OPEN, location=null, table=hbase:meta, region=1588230740 2022-02-07 19:54:15,643 INFO [hconnection-0x31420403-shared-pool7-t9731] client.RpcRetryingCallerImpl: org.apache.hadoop.hbase.regionserver.HRegionServer.getRegion(HRegionServer.java:3223) at org.apache.hadoop.hbase.regionserver.RSRpcServices.getRegion(RSRpcServices.java:1414) at org.apache.hadoop.hbase.regionserver.RSRpcServices.n"
13434599,Rowkey pushdown does not work with complex conditions,Resolved,Major,Fixed,"When using pushdown column filter feature of hbase-spark-connector, issuing complex query containing rowkey conditions does not get expected rowkey pushdown. {code:java} { ""table"":{""namespace"":""default"", ""name"":""t1""}, ""rowkey"":""key"", ""columns"":{ ""KEY_FIELD"":{""cf"":""rowkey"", ""col"":""key"", ""type"":""string""}, ""A_FIELD"":{""cf"":""c"", ""col"":""a"", ""type"":""string""}, ""B_FIELD"":{""cf"":""c"", ""col"":""b"", ""type"":""string""} } } {code} For example, given the catalog, a query `spark.sql(""SELECT * FROM table WHERE KEY_FIELD >= 'get1' AND KEY_FIELD <= 'get3' AND A_FIELD IS NOT NULL"")` gets incomplete rowkey pushdown (ScanRange:(upperBound:get3,isUpperBoundEqualTo:true,lowerBound:,isLowerBoundEqualTo:true)). If a query is `spark.sql(""SELECT * FROM table WHERE KEY_FIELD >= 'get1' AND KEY_FIELD <= 'get3'"")`, we get normal rowkey pushdown (ScanRange:(upperBound:get3,isUpperBoundEqualTo:true,lowerBound:,isLowerBoundEqualTo:true)). I found that ScanRange#getOverlapScanRange and ScanRange#mergeIntersect return incorrect results if the range from the arguments is wider than the instance (or scanRange.getOverlapScanRange(scanRange) where scanRange1⊂scanRange2). Depending on the order of the Filters that the Spark opti"
13435958,Make the WAL interface async so sync replication can be built up on the WAL interface,Resolved,Major,Won't Fix,Instead of hacking into the WAL implementation. This could make the implementation more general if later we want to change the WAL implementation.
13431748,HBase 1.x clients will choke on rep_barrier rows when scanning hbase 2.x meta,Resolved,Major,Fixed,"In hbase 2.x, support for serial replication included adding a new CF to meta called rep_barrier. When regions are split or merged, these rep_barrier rows will not be cleaned up. Instead there's a ReplicationBarrierCleaner chore which runs every 12 hours. HBase 2.x clients will ignore these rep_barrier rows, per the [addFamily call in locateRegionInMeta|[https://github.com/apache/hbase/blob/branch-2/hbase-client/src/main/java/org/apache/hadoop/hbase/client/ConnectionImplementation.java#L929].] Encountering these orphan rep_barrier rows causes the hbase 1.x client to fail when it [tries to extract the region location from the meta row|[https://github.com/apache/hbase/blob/branch-1/hbase-client/src/main/java/org/apache/hadoop/hbase/client/ConnectionManager.java#L1340-L1344].] This is a non-recoverable exception, so retries will fail and it will eventually bubble up. The immediate fix when encountering this is to run {{{}hbck2 fixMeta{}}}, but we should fix the hbase 1.x client to similarly filter on the CATALOG_FAMILY to avoid these issues altogether."
13432699,Remove javax.ws.rs-api dependency,Reopened,Major,,"I see that we still have {{javax.ws.rs-api}} as a dependency in our hbase-http pom. If, for example, the {{ClientBuilder}} from this jar is used, it'll instantiate whatever non-shaded jersey client is on the class path."
13434735,RSRpcServices.scan should deep clone cells when RpcCallContext is null,Resolved,Major,Fixed,"When inspect HBASE-26812, I find that if {{RpcCallContext}} is null, {{RSRpcServices.scan}} does not set {{ServerCall.rpcCallback}} and directly closes {{RegionScannerImpl}}, but it does not deep clone the result cells , so these cells may be returned to the {{ByteBuffAllocator}} and may be overwritten before the caller reads them, similar as HBASE-26036, and at the same time, if {{RpcCallContext}} is null, when {{RSRpcServices.scan}} return partial results, it does not invoke {{RegionScannerImpl.shipped}} to release the used resources such as {{HFileScanner}}, pooled {{ByteBuffer}} etc. No matter {{ShortCircuitingClusterConnection}} should be removed or not, I think this {{RSRpcServices.scan}} problem should fix for future maintainability."
13432700,"Default StoreHotnessProtector to off, with logs to guide when to turn it on",Resolved,Major,Fixed,"As discussed in HBASE-26522 and somewhat in HBASE-26575, StoreHotnessProtector is too conservative. One can easily trigger RegionTooBusyException on an otherwise idle regionserver with relatively small amount of traffic. The idea behind this protection is good, but it needs to take into account current load in order to warrant being enabled by default. Until it's improved as such, we should change it to default off. One thing we can do to help drive usage would be to add warning logs when it would have triggered. Operators who are diagnosing performance issues will naturally look at the logs and see indication of a potential tool for mitigation. cc [~andrew.purtell@gmail.com]"
13434645,Shutdown WAL may abort region server,Resolved,Major,Fixed,"https://nightlies.apache.org/hbase/HBase-Flaky-Tests/master/3140/hbase-server/target/surefire-reports/org.apache.hadoop.hbase.replication.TestSyncReplicationActive-output.txt TestSyncReplicationAcive is flaky because of we may abort the region server when shutting down WAL. {noformat} 2022-03-18T04:50:37,205 WARN [RpcServer.default.FPBQ.Fifo.handler=2,queue=0,port=36877] master.MasterRpcServices(682): jenkins-hbase13.apache.org,33377,1647579008859 reported a fatal error: ***** ABORTING region server jenkins-hbase13.apache.org,33377,1647579008859: Log rolling failed ***** Cause: java.util.concurrent.RejectedExecutionException: Task org.apache.hadoop.hbase.regionserver.wal.AbstractFSWAL$$Lambda$681/1458648270@37209753 rejected from java.util.concurrent.ThreadPoolExecutor@69662eb7[Shutting down, pool size = 1, active threads = 1, queued tasks = 0, completed tasks = 0] at java.util.concurrent.ThreadPoolExecutor$AbortPolicy.rejectedExecution(ThreadPoolExecutor.java:2063) at java.util.concurrent.ThreadPoolExecutor.reject(ThreadPoolExecutor.java:830) at java.util.concurrent.ThreadPoolExecutor.execute(ThreadPoolExecutor.java:1379) at java.util.concurrent.Executors$DelegatedExecutorService."
13426744,FanOutOneBlockAsyncDFSOutputHelper stuck when run against hadoop-3.3.1,Open,Major,,"I just had the same problem when i started the hbase cluster. HRegionServers were started and HMaster threw an exception. This is HMaster's log: {code:java} 2022-02-05 18:07:51,323 WARN [RS-EventLoopGroup-1-1] concurrent.DefaultPromise: An exception was thrown by org.apache.hadoop.hbase.io.asyncfs.FanOutOneBlockAsyncDFSOutputHelper$4.operationComplete() java.lang.IllegalArgumentException: object is not an instance of declaring class at sun.reflect.NativeMethodAccessorImpl.invoke0(Native Method) at sun.reflect.NativeMethodAccessorImpl.invoke(NativeMethodAccessorImpl.java:62) at sun.reflect.DelegatingMethodAccessorImpl.invoke(DelegatingMethodAccessorImpl.java:43) at java.lang.reflect.Method.invoke(Method.java:498) at org.apache.hadoop.hbase.io.asyncfs.ProtobufDecoder.<init>(ProtobufDecoder.java:69) at org.apache.hadoop.hbase.io.asyncfs.FanOutOneBlockAsyncDFSOutputHelper.processWriteBlockResponse(FanOutOneBlockAsyncDFSOutputHelper.java:343) at org.apache.hadoop.hbase.io.asyncfs.FanOutOneBlockAsyncDFSOutputHelper.access$100(FanOutOneBlockAsyncDFSOutputHelper.java:112) at org.apache.hadoop.hbase.io.asyncfs.FanOutOneBlockAsyncDFSOutputHelper$4.operationComplete(FanOutOneBlockAsyncDFSOutp"
13421273,[hbase-operator-tools] Upgrade log4j to 2.17.1,Resolved,Major,Fixed,For addressing CVE-2021-44832.
13434063,Optimize the implementation of LRUCache in LRUDictionary,Reopened,Major,,"*This issue is to unify the behavior of reading and writing links.* During my research on HBASE-26849, I found that there seems to be something wrong with the implementation of LRUDictionary. It uses array to save data, and uses hashMap to save array index. For the write link: {code:java} CompressedKvEncoder#write -> LRUDictionary#findEntry -> LRUDictionary#addEntry {code} And for the read link: {code:java} CompressedKVDecoder#readIntoArray -> LRUDirectory#addEntry {code} Then we could see the logic in {_}findEntry{_}: {code:java} @Override public short findEntry(byte[] data, int offset, int length) { short ret = backingStore.findIdx(data, offset, length); if (ret == NOT_IN_DICTIONARY) { addEntry(data, offset, length); } return ret; } private short findIdx(byte[] array, int offset, int length) { Short s; final Node comparisonNode = new Node(); comparisonNode.setContents(array, offset, length); if ((s = nodeToIndex.get(comparisonNode)) != null) { moveToHead(indexToNode[s]); return s; } else { return -1; } } {code} At first it will try to find if there is same node in the cache, If there is, use it directly. The problem is, *if we have some same nodes, The behavior on the read and wr"
13420644,Upgrade create-release to support both JDK8 and JDK11,In Progress,Major,,"Follow-on for HBASE-25465, assuming that builds with JDK11 meet our runtime compatibility requirements."
13426703,[hbase-thirdparty] Upgrade Netty to 4.1.73.Final,Resolved,Major,Fixed,"Netty 4.1.71.Final included a fix for [HTTP-request-smuggling|https://github.com/netty/netty/security/advisories/GHSA-wx5j-54mm-rqqq]. We are still on 4.1.70.Final. Latest is 4.1.73.Final, use that."
13436227,Run spotless:apply,Resolved,Major,Fixed,"Given we will ask and encourage contributors to run spotless:apply before completing contributions, we should apply spotless:apply to all live branches, to establish a clean baseline. In particular branch-2.4 has issues."
13431524,getAllRegionLocations can cache locations with null hostname,Resolved,Major,Fixed,"RegionLocator methods typically delegate to ConnectionImplementation.locateRegion, which throws a NoServerForRegionException if the located region's serverName is null. RegionLocator.getAllRegionLocations does not go through that path, instead caching all returned region locations without any validation. This can result in a ""dirty"" meta cache, since clients do not expect to have null serverNames in the meta cache. We should add the same throwing of NoServerForRegionException to this method as used in the others. Or at least we should not cache the result if the serverName is null."
13425291,ExportSnapshot should validate the source snapshot before copying files,Resolved,Major,Fixed,"Running {{ExportSnapshot}} with default parameters will copy the snapshot to a target location, and then use {{verifySnapshot}} to validate the integrity of the written snapshot. However, it is possible for the source snapshot to be invalid which leads to an invalid exported snapshot. We can validate the source snapshot before export. By default, we can validate the source snapshot unless the {{-no-target-verify}} parameter is set. We could also introduce a separate parameter for {{-no-source-verify}} if an operator wanted to validate the target but not validate the source for some reason, to provide some amount of backwards compatibility if that scenario is important."
13430960,"RpcServer failure to SASL handshake always logs user ""unknown"" to audit log",Resolved,Major,Fixed,"Over on HBASE-26622, we noticed that the ""attempting user"" is always returned as ""Unknown"". This information is sent to the audit log when constructing the {{HBaseSaslRpcServer}}."
13422612,Upgrade Maven Enforcer Plugin,Resolved,Major,Fixed,I've noticed that the beanshell rule run by our configuration of the enforcer plugin will sometimes cause build failures when I run maven with {{-T1.0C}}. It seems that this is a known issue (MENFORCER-336) that has been fixed in a later version of the plugin. Let's upgrade.
13423229,Close and do not write trailer for the broken WAL writer,Resolved,Major,Fixed,"{code:java} public static AsyncWriter createAsyncWriter(Configuration conf, FileSystem fs, Path path, boolean overwritable, long blocksize, EventLoopGroup eventLoopGroup, Class<? extends Channel> channelClass, StreamSlowMonitor monitor) throws IOException { // Configuration already does caching for the Class lookup. Class<? extends AsyncWriter> logWriterClass = conf.getClass( WRITER_IMPL, AsyncProtobufLogWriter.class, AsyncWriter.class); try { AsyncWriter writer = logWriterClass.getConstructor(EventLoopGroup.class, Class.class) .newInstance(eventLoopGroup, channelClass); writer.init(fs, path, conf, overwritable, blocksize, monitor); return writer; } catch (Exception e) { if (e instanceof CommonFSUtils.StreamLacksCapabilityException) { LOG.error(""The RegionServer async write ahead log provider "" + ""relies on the ability to call "" + e.getMessage() + "" for proper operation during "" + ""component failures, but the current FileSystem does not support doing so. Please "" + ""check the config value of '"" + CommonFSUtils.HBASE_WAL_DIR + ""' and ensure "" + ""it points to a FileSystem mount that has suitable capabilities for output streams.""); } else { LOG.debug(""Error instantiating log writer."","
13432533,Secondary replica may be disabled for read incorrectly forever,Resolved,Major,Fixed,"For read replica, when I set {{hbase.region.replica.wait.for.primary.flush}} to false, and set {{TableDescriptorBuilder.setRegionMemStoreReplication}} to true explicitly at table level, the secondary replica would be disabled for read, reading on this replica region would throw : {code:java} java.io.IOException: The region's reads are disabled. Cannot serve the request at org.apache.hadoop.hbase.regionserver.HRegion.checkReadsEnabled(HRegion.java:5187) at org.apache.hadoop.hbase.regionserver.HRegion.startRegionOperation(HRegion.java:8279) {code} Very strange, if I don't set {{TableDescriptorBuilder.setRegionMemStoreReplication}} to true explicitly (which default value is true), the secondary replica is normal. This problem is because when set {{hbase.region.replica.wait.for.primary.flush}} to false, the {{HRegionServer.startServices}} would not create the {{ExecutorType.RS_REGION_REPLICA_FLUSH_OPS}} for {{RegionReplicaFlushHandler}} at HRegionServer-level: {code:java} if (ServerRegionReplicaUtil.isRegionReplicaWaitForPrimaryFlushEnabled(conf)) { final int regionReplicaFlushThreads = conf.getInt( ""hbase.regionserver.region.replica.flusher.threads"", conf.getInt( ""hbase.regionserver.e"
13433592,Avoid repeated releasing of flushed wal entries in AsyncFSWAL#syncCompleted,Resolved,Major,Fixed,"As some discussions in HBASE-22761, without checking the epoch in AsyncFSWAL#syncCompleted may cause some entries be released too early."
13433375,Increase the concurrency when running UTs in pre commit job,Resolved,Major,Fixed,"The default forkCount is 0.25C. We used to run on a 16 cores machine so the concurrency is 4, but now our build nodes are all 8 cores, so the concurrency is 2. The build time is way more slower than before. Since we only have 2 slots on the build node, I think it is OK to increase the forkCount to 0.5C. But I'm not sure whether we should change the default value in pom, or we just set it in the pre commit job."
13433726,"Junit jar is not included in the hbase tar ball, causing issues for some hbase tools that do rely on it",Resolved,Major,Fixed,"We used to include junit jar on the generated tar ball lib directory. After some sanitisation of unnecessary libs for most of hbase processes, junit got removed from the packing, so that it don't end in hbase classpath by default. Some testing tools, however do depend on junit at runtime, and would now fail with NoClassDefFoundError, like [IntegrationTestIngest:|https://hbase.apache.org/book.html#chaos.monkey.properties] {noformat} 2022-03-14T21:54:50,483 INFO [main] client.AsyncConnectionImpl: Connection has been closed by main. Exception in thread ""main"" java.lang.NoClassDefFoundError: org/junit/Assert at org.apache.hadoop.hbase.IntegrationTestIngest.initTable(IntegrationTestIngest.java:101) at org.apache.hadoop.hbase.IntegrationTestIngest.setUpCluster(IntegrationTestIngest.java:92) at org.apache.hadoop.hbase.IntegrationTestBase.setUp(IntegrationTestBase.java:170) at org.apache.hadoop.hbase.IntegrationTestBase.doWork(IntegrationTestBase.java:153) at org.apache.hadoop.hbase.util.AbstractHBaseTool.run(AbstractHBaseTool.java:153) at org.apache.hadoop.util.ToolRunner.run(ToolRunner.java:76) at org.apache.hadoop.hbase.IntegrationTestIngest.main(IntegrationTestIngest.java:259) Caused b"
13431365,Use HIGH_QOS for ResultScanner.close requests,Resolved,Major,Fixed,"Active scanners take resources on the RegionServer, and scanner leaks can have a big impact on GC. Under high load, ResultScanner.close() calls might get rejected or timed out before executing. Exceptions thrown by close() are currently swallowed, so clients will not retry. This leads to a leak of active scanners on the server side. These calls should be relatively free to execute, and executing them will free up the resources which can have an impact on overall RegionServer performance. As such it can be beneficial to execute all ResultScanner.close() requests with HIGH_QOS regardless of the priority of the underlying Scan. In a scan-heavy stress test I ran, after a couple minutes the Full GC time (using G1GC) starts increasing and we start seeing 1s pauses, due to increasing number of active scanners (into the 10s of thousands). Re-running the stress test with HIGH_QOS for ResultScanner.close() eliminates the leak and GC time remains stable."
13431347,ScannerCallable doubly clears meta cache on retries,Resolved,Major,Fixed,"Way back in HBASE-15658 [~ghelmling] fixed RegionServerCallable to not clear meta in {{{}prepare(boolean reload){}}}. because it already would have cleared it in the try/catch when {{{}throwable(Throwable t, boolean retrying){}}}. I have recently been doing some load tests where I am causing HBase RegionServers to throw many CallDroppedExceptions because they are overloaded by the test. While this is an extreme example, it does sometimes crop up in production when a bad actor executes a job without rate limiting, etc. What I noticed was that the RegionServer hosting meta was most affected by the load, way more than any other server in the cluster. Digging into the issue I realized that the extra meta load was coming mostly from the scans, originating from {{{}ScannerCallable.prepare(boolean reload){}}}. I'm not sure why ScannerCallable was excluded from the original jira, maybe an oversight. But ScannerCallable is called in the same context of RetryingRpcCaller, which will handle clearing meta in the try/catch like other callables. We should similarly update ScannerCallable's prepare method not always pass useCache=true when getting region locations."
13435791,The TRSP should not go on when it get a bogus server name from AM,Resolved,Major,Fixed,"Currently it will submit lots of unnecessary OpenRegionProcedure by retry. Related log looks like below, 'localhost,1,1' is the bogus server: {code:java} 2022-03-22 10:17:48,301 WARN [PEWorker-8] assignment.RegionRemoteProcedureBase: Can not add remote operation pid=17952, ppid=17951, state=RUNNABLE, locked=true; org.apache.hadoop.hbase.master.assignment.OpenRegionProcedure for region {ENCODED => 490391c232c7aa13f7e0d50bfe1f7235, NAME => 'TestTable1,0000000000000000002497747,1647568640784.490391c232c7aa13f7e0d50bfe1f7235.', STARTKEY => '0000000000000000002497747', ENDKEY => ''} to server localhost,1,1, this usually because the server is alread dead, give up and mark the procedure as complete, the parent procedure will take care of this. org.apache.hadoop.hbase.procedure2.NoServerDispatchException: localhost,1,1; pid=17952, ppid=17951, state=RUNNABLE, locked=true; org.apache.hadoop.hbase.master.assignment.OpenRegionProcedure at org.apache.hadoop.hbase.procedure2.RemoteProcedureDispatcher.addOperationToNode(RemoteProcedureDispatcher.java:168) at org.apache.hadoop.hbase.master.assignment.RegionRemoteProcedureBase.execute(RegionRemoteProcedureBase.java:285) at org.apache.hadoop.hbase.m"
13422564,User.createUserForTesting should not reset UserProvider.groups every time if hbase.group.service.for.test.only is true,Resolved,Major,Fixed,"The _if check_ below will always unnecessarily reset static var _UserProvider.groups_ to a newly created instance of TestingGroups every time `User.createUserForTesting` is called. {noformat} if (!(UserProvider.groups instanceof TestingGroups) || conf.getBoolean(TestingGroups.TEST_CONF, false)) { UserProvider.groups = new TestingGroups(UserProvider.groups); } {noformat} For tests creating multiple {_}test users{_}, this causes the latest created user to reset _groups_ and all previously created users would now have to be available on the {_}User.underlyingImplementation{_}, which not always will be true."
13425023,Balancer encounters NPE in rare case,Resolved,Major,Fixed,{code:java} ERROR [ster-1:60000.Chore.1] hbase.ScheduledChore - Caught error java.lang.NullPointerException at org.apache.hadoop.hbase.master.assignment.AssignmentManager.balance(AssignmentManager.java:758) at org.apache.hadoop.hbase.master.HMaster.executeRegionPlansWithThrottling(HMaster.java:1834) at org.apache.hadoop.hbase.master.HMaster.balance(HMaster.java:1797) at org.apache.hadoop.hbase.master.HMaster.balance(HMaster.java:1707) at org.apache.hadoop.hbase.master.balancer.BalancerChore.chore(BalancerChore.java:49) at org.apache.hadoop.hbase.ScheduledChore.run(ScheduledChore.java:153) at java.util.concurrent.Executors$RunnableAdapter.call(Executors.java:511) at java.util.concurrent.FutureTask.runAndReset(FutureTask.java:308) at java.util.concurrent.ScheduledThreadPoolExecutor$ScheduledFutureTask.access$301(ScheduledThreadPoolExecutor.java:180) at java.util.concurrent.ScheduledThreadPoolExecutor$ScheduledFutureTask.run(ScheduledThreadPoolExecutor.java:294) at org.apache.hadoop.hbase.JitterScheduledThreadPoolExecutorImpl$JitteredRunnableScheduledFuture.run(JitterScheduledThreadPoolExecutorImpl.java:111) at java.util.concurrent.ThreadPoolExecutor.runWorker(ThreadPoolExecutor.java:
13425168,Blocked on SyncFuture in AsyncProtobufLogWriter#write,Resolved,Major,Fixed,"Ran into an issue on hbase 2.4.6, I think related to HBASE-26679. Individual writes are blocking on SyncFuture, which never gets completed. Eventually (5m) the writes timeout and fail. But the regionserver hung on like this basically forever until I killed it about 14 hours later. While 26679 may fix the hang bug, I think we should have additional protection against such zombie states. In this case I think what happened is that the rollWAL was requested due to failed appends, but it also hung forever. See the below stack trace: {code:java} Thread 240 (regionserver/host:60020.logRoller): State: WAITING Blocked count: 38 Waited count: 293 Waiting on java.util.concurrent.CompletableFuture$Signaller@13342c6d Stack: java.base@11.0.5/jdk.internal.misc.Unsafe.park(Native Method) java.base@11.0.5/java.util.concurrent.locks.LockSupport.park(LockSupport.java:194) java.base@11.0.5/java.util.concurrent.CompletableFuture$Signaller.block(CompletableFuture.java:1796) java.base@11.0.5/java.util.concurrent.ForkJoinPool.managedBlock(ForkJoinPool.java:3128) java.base@11.0.5/java.util.concurrent.CompletableFuture.waitingGet(CompletableFuture.java:1823) java.base@11.0.5/java.util.concurrent.Completable"
13433624,Avoid waiting to clear buffer usage of ReplicationSourceShipper when aborting the RS,Resolved,Major,Fixed,"HBASE-24813 introduced the clear of buffer used in replication source shipper, but there is sleep in the method, if the variable sleepForRetries has a large value, and there are many wal groups, the aborting of RS may last a long time, but we should only do some necessary things in the aborting progress. {code:java} void clearWALEntryBatch() { long timeout = System.currentTimeMillis() + this.shipEditsTimeout; while(this.isAlive() || this.entryReader.isAlive()){ try { if (System.currentTimeMillis() >= timeout) { LOG.warn(""Shipper clearWALEntryBatch method timed out whilst waiting reader/shipper "" + ""thread to stop. Not cleaning buffer usage. Shipper alive: {}; Reader alive: {}"", this.source.getPeerId(), this.isAlive(), this.entryReader.isAlive()); return; } else { // Wait both shipper and reader threads to stop Thread.sleep(this.sleepForRetries); } } catch (InterruptedException e) { LOG.warn(""{} Interrupted while waiting {} to stop on clearWALEntryBatch. "" + ""Not cleaning buffer usage: {}"", this.source.getPeerId(), this.getName(), e); return; } } ...... {code}"
13433184,TestHBaseTestingUtil.testResolvePortConflict failing after HBASE-26582,Resolved,Major,Fixed,
13432853,Mark RpcExecutor as IA.LimitedPrivate COPROC and PHOENIX,Resolved,Major,Fixed,"{{RpcExecutor}}, an abstract base class, is marked as {{IA.Private}}. However, it has several subclasses that are marked as {{IA.LimitedPrivate(COPROC, PHOENIX)}}. I think that the base class needs to match the highest exposure level of any of its subclasses."
13434618,SplitTableRegionProcedure calls openParentRegions() at a wrong state during rollback.,Resolved,Major,Fixed,"Changed the issue title and description for the scope of the work. there is a bug in handling Rollback in SplitTableRegionProcedure. [https://github.com/apache/hbase/blob/master/hbase-server/src/main/java/org/apache/hadoop/hbase/master/assignment/SplitTableRegionProcedure.java#L304] [https://github.com/apache/hbase/blob/master/hbase-server/src/main/java/org/apache/hadoop/hbase/master/assignment/SplitTableRegionProcedure.java#L385] {code:java} In the state machine: case SPLIT_TABLE_REGION_CLOSE_PARENT_REGION: addChildProcedure(createUnassignProcedures(env)); // Comments from HX: // createUnassignProcedures() can throw out IOException. If this happens, // it wont reach state SPLIT_TABLE_REGIONS_CHECK_CLOSED_REGION and no parent regions // is closed as all created UnassignProcedures are rolled back. If it rolls back with // state SPLIT_TABLE_REGION_CLOSE_PARENT_REGION, no need to call openParentRegion(), // otherwise, it will result in OpenRegionProcedure for an already open region. setNextState(SplitTableRegionState.SPLIT_TABLE_REGIONS_CHECK_CLOSED_REGIONS); break; In the rollback, case SPLIT_TABLE_REGIONS_CHECK_CLOSED_REGIONS: // Doing nothing, in SPLIT_TABLE_REGION_CLOSE_PARENT_REG"
13431475,Disable Checks API callback from test results in PRs,Resolved,Major,Fixed,"Often as not, PR builds will succeed but be reported on the PR as a failure. The reason is represented in Jenkins pipeline as a warning in the ""Archive Junit-formatted test results"", with the message {noformat} [2022-03-01T22:05:49.166Z] Recording test results [2022-03-01T22:05:50.627Z] [Checks API] No suitable checks publisher found. {noformat} This is confusing and discouraging to contributors."
13425044,Increments submitted by 1.x clients will be stored with timestamp 0 on 2.x+ clusters,Resolved,Major,Fixed,"We discovered this in our work on upgrading from ~1.2.0 to 2.4.6. A 1.2.0 client will submit an Increment, without specifying a timestamp. This should be translated as LATEST_TIMESTAMP, but an hbase 2 server will store it with a timestamp of 0. This is because the QualifierValue timestamp proto field is optional, and is not set in branch-1 MutationProtos: [https://github.com/apache/hbase/blob/branch-1/hbase-client/src/main/java/org/apache/hadoop/hbase/protobuf/RequestConverter.java#L218-L219.] In branch-1, the timestamp is actually ignored entirely: [https://github.com/apache/hbase/blob/branch-1/hbase-server/src/main/java/org/apache/hadoop/hbase/regionserver/HRegion.java#L8435-L8456.] So this is not an issue there. As of HBASE-18546, the timestamp is no longer ignored, but the usage of QualiferValue.getTimestamp() in deserialization is not wrapped in a .hasTimestamp() call: [https://github.com/apache/hbase/blob/7d8dc3524981a04e82ff236bb3dc18d36ebc82b4/hbase-client/src/main/java/org/apache/hadoop/hbase/shaded/protobuf/ProtobufUtil.java#L886-L909]. The default value for non-present optionals is defined by the underlying primitive, so for longs that is 0. Since the Increment's timesta"
13431031,BufferedDataBlockEncoder$OffheapDecodedExtendedCell.deepClone throws UnsupportedOperationException,Resolved,Major,Fixed,"BufferedDataBlockEncoder$OffheapDecodedExtendedCell.deepClone throws an unsupportedException. However, org.apache.hadoop.hbase.regionserver.HRegion.get(Get, boolean, long, long) calls the method: {code:java} // Copy EC to heap, then close the scanner. // This can be an EXPENSIVE call. It may make an extra copy from offheap to onheap buffers. // See more details in HBASE-26036. for (Cell cell : tmp) { results.add(cell instanceof ByteBufferExtendedCell ? ((ByteBufferExtendedCell) cell).deepClone(): cell); } {code} According to the comment above, this is probably caused by HBASE-26036."
13422634,Document JWT authentication in HBase book,Open,Major,,Add a chapter to the hbase book about JWT authentication and everything that users and admins need to know.
13422632,Integrate user-experience for hbase-client,Reopened,Major,,"Today, we have two mechanism in order to get the tokens needed to authenticate: # Kerberos, we rely on a Kerberos ticket being present in a well-known location (defined by JVM properties) or via programmatic invocation of UserGroupInformation # Delegation tokens, we rely on special API to be called (our mapreduce API) which loads the token into the current UserGroupInformation ""context"" (the JAAS PrivilegedAction). The JWT bearer token approach is very similar to the delegation token mechanism, but HBase does not generate this JWT (as we do with delegation tokens). How does a client provide this token to the hbase-client (i.e. {{ConnectionFactory.getConnection()}} or a {{UserGroupInformation}} call)? We should be mindful of all of the different ""entrypoints"" to HBase ({{{}hbase ...{}}} commands, {{java -cp}} commands, Phoenix commands, Spark comands, etc). Our solution should be effective for all of these approaches and not require downstream changes. *Update* The environment variable approach is done, but I have a new idea which will support token renewal as well: Implement a generic JwtTokenProvider interface with a default file-based provider. Read the token from a specific file"
13422633,Define user experience for JWT renewal,Open,Major,,"We need to define what our level of support will be for an HBase application which must run longer than the lifetime of a JWT token. The JWT 2.0 RFCs mention different kinds of tokens, notably a Refresh token may be helpful [https://datatracker.ietf.org/doc/html/rfc8693] This is inter-twined with HBASE-26667. For example, if we maintained a Refresh token in the client, we would have to build in logic (like we have for Kerberos credentials) to automatically launch a thread and know where to obtain a new JWT token from. *Idea* Once the JwtTokenProvider interface and file-based provider is ready, implement token renewal logic. Port FileWatcher class from the ZooKeeper project and watch for file changes."
13422631,Add native TLS encryption support to RPC server/client,Resolved,Major,Fixed,"Today, HBase must complete the SASL handshake (saslClient.complete()) prior to turning on any RPC encryption (hbase.rpc.protection=privacy, sasl.QOP=auth-conf). This is a problem because we have to transmit the bearer token to the server before we can complete the sasl handshake. This would mean that we would insecurely transmit the bearer token (which is equivalent to any other password) which is a bad smell. Ideally, if we can solve this problem for the oauth bearer mechanism, we could also apply it to our delegation token interface for digest-md5 (which, I believe, suffers the same problem). The plan is to port Server/Client TLS implementation from the ZooKeeper project. It's a Netty based solution which looks like the best fit for NettyRpc client/server."
13432530,Add dynamic configuration support for system coprocessors,Resolved,Major,Fixed,"[Dynamic Configuraiton|https://hbase.apache.org/book.html#dyn_config] is very helpful that the operator can keep the JVM for regionserver or master running without restarting it. With this feature, this task aims to extend the scope of on demend configuration to system coprocessors including REGION, USER REGION, REGIONSERVER, MASTER such that we could save time on rolling restart with a quicker update."
13435686,"Backport ""HBASE-26810 Add dynamic configuration support for system coprocessors"" to branch-2",Resolved,Major,Fixed,Backport HBASE-26810 to streams of branch-2
13436648,Update Hadoop3 versions for JEP 223 compliance,Resolved,Major,Won't Fix,"It happened that my JDK version upgraded to 11.0.14.1. Running unit tests involving the HDFS mini cluster now fails with a stack trace that ends with {noformat} Caused by: java.lang.IllegalArgumentException: Invalid Java version 11.0.14.1 at org.eclipse.jetty.util.JavaVersion.parseJDK9(JavaVersion.java:71) at org.eclipse.jetty.util.JavaVersion.parse(JavaVersion.java:49) at org.eclipse.jetty.util.JavaVersion.<clinit>(JavaVersion.java:43) {noformat} We are using hadoop-3.2.0, which uses jetty-9.3.24. This is a Jetty issue has been fixed upstream in Jetty via https://github.com/eclipse/jetty.project/issues/2090. Hadoop has upgraded its Jetty version to 9.4.20 in HADOOP-16152, which is available as of hadoop-3.2.2."
13430851,TestProcedureSchedulerConcurrency fails in pre commit,Resolved,Major,Fixed,"Saw this on the jenkins page. Seems like a test issue. {noformat} Exception in thread ""Thread-10"" java.util.ConcurrentModificationException at java.base/java.util.ArrayDeque.nonNullElementAt(ArrayDeque.java:271) at java.base/java.util.ArrayDeque$DeqIterator.next(ArrayDeque.java:701) at java.base/java.util.AbstractCollection.toString(AbstractCollection.java:472) at java.base/java.lang.String.valueOf(String.java:2951) at java.base/java.lang.StringBuilder.append(StringBuilder.java:168) at org.apache.hadoop.hbase.procedure2.ProcedureEvent.toString(ProcedureEvent.java:134) at java.base/java.lang.String.valueOf(String.java:2951) at java.base/java.lang.StringBuilder.append(StringBuilder.java:168) at org.apache.hadoop.hbase.procedure2.TestProcedureSchedulerConcurrency$2.run(TestProcedureSchedulerConcurrency.java:130) {noformat}"
13429968,Introduce custom attributes to threads,Open,Major,,The idea is to introduce custom attributes to a thread. We will be passing this from thread to newly spawned thread. More details can be found here: https://docs.google.com/document/d/1b6CJt7_E8NU5fe41yeZZhuVPx-5SDx7x1jNtIRmnR_g/edit#heading=h.bv19tq8gxgcv
13425523,Switch to use log4j2.properties file to configure log4j2,Resolved,Major,Fixed,"After LOG4J2-3341, we could set the level and appender at once in properties file, so we do not need to split the ROOT_LOGGER config in the start up scripts any more."
13423269,Introduce a little RAMBuffer for bucketcache to reduce gc and improve throughput,Resolved,Major,Fixed,"In branch-1, BucketCache just allocate new onheap bytebuffer to construct new HFileBlock when get cached blocks. This rough allocation increases the GC pressure for those ""hot"" blocks. Here introduce a RAMBuffer for those ""hot"" blocks in BucketCache. The thought is simple. The RAMBuffer is an timeout expiring cache. When a Multi-level block is read twice, we cache it in the RAMBuffer. When the block timeout in the cache (e.g. 60s), that means the block is not being accessed in 60s, we evict it. Not like LRU, we do not cache block when the whole RAMBuffer size reaches to a threshold (to fit different workload, the threshold is dynamic). This will prevent the RAMBuffer from being churned. {panel:title=The performance of RAMBuffer with its hit ratio is 100%} !Hit 100%.png|height=250|width=250! {panel} I also did a YCSB performance test. The circumstance is: Size of BucketCache: 40 GB Target table size: 112 GB Properties: !Properties.png|height=250|width=250! The operation distribution of YCSB workload is latest. Client Side Metrics See the attachment ClientSideMetrics.png Server Side GC: The current bucket cache triggered 217 GCs, which costs 2.74 minutes in total. With RAMBuffer, the"
13424615,Backport HBASE-26688 to branch-1,Resolved,Major,Fixed,Backport issue [HBASE-26688|https://issues.apache.org/jira/browse/HBASE-26688] to branch-1 to eliminate the client crash when using threads shared EMPTY_RESULT.
13420256,Reimplement master local region initialization to better work with SFT,Resolved,Major,Fixed,"It is not like a normal region where we have a TableDescriptor so it can store the SFT implementation of its own. In the current implementation, if we change the global SFT configuration, the SFT implementation of the master local reigon will be changed and cause data loss. First I think we could hard coded it to use DefaultSFT. The region is small and will not cause too much performance impact. Then we could find a way to manage the SFT implementation of it. ====== Update ====== The initialization of master local region depends on renaming, which can not work well on OSS. So we should also change it. The basic idea is to touch a '.initialized' file to indicate it is initialized. Need to consider how to migrate from the existing master local region where it does not have this file. And we could also store the TableDescriptor on file system, so we can determine whether this is a SFT change. If so, we should do the migration before actually opening the master local region."
13433308,RegionServer JVM crash when compact mob table,Open,Major,,"When compact a mob table, RS JVM may crash or failed to do compaction as the following logs: {code:java} 2022-03-11T16:18:44,089 ERROR [RpcServer.default.FPBQ.Fifo.handler=2,queue=0,port=45525-shortCompactions-0] regionserver.CompactSplit$CompactionRunner(675): Compaction failed Request=regionName=t1,,1646986716811.964618e679a2434aa7d27018baef8154., storeName=A, fileCount=2, fileSize=2.0 M (1010.2 K, 1010.2 K), priority=1, time=1646986723135java.io.IOException: Mob compaction failed for region: 964618e679a2434aa7d27018baef8154 at org.apache.hadoop.hbase.mob.DefaultMobStoreCompactor.performCompaction(DefaultMobStoreCompactor.java:574) ~[classes/:?] at org.apache.hadoop.hbase.regionserver.compactions.Compactor.compact(Compactor.java:365) ~[classes/:?] at org.apache.hadoop.hbase.mob.DefaultMobStoreCompactor.compact(DefaultMobStoreCompactor.java:225) ~[classes/:?] at org.apache.hadoop.hbase.regionserver.DefaultStoreEngine$DefaultCompactionContext.compact(DefaultStoreEngine.java:125) ~[classes/:?] at org.apache.hadoop.hbase.regionserver.HStore.compact(HStore.java:1141) ~[classes/:?] at org.apache.hadoop.hbase.regionserver.HRegion.compact(HRegion.java:2442) ~[classes/:?] at org.apache.ha"
13434272,BufferedDataBlockEncoder.OnheapDecodedCell value can get corrupted,Reopened,Major,,"In our production cluster we observed the cell value is modified after successful scanner read. After analyzing we observed OnheapDecodedCell is not created properly. We create OnheapDecodedCell with complete valAndTagsBuffer underlying array. {code:java} return new OnheapDecodedCell(Bytes.copy(keyBuffer, 0, this.keyLength), currentKey.getRowLength(), currentKey.getFamilyOffset(), currentKey.getFamilyLength(), currentKey.getQualifierOffset(), currentKey.getQualifierLength(), currentKey.getTimestamp(), currentKey.getTypeByte(), valAndTagsBuffer.array(), valAndTagsBuffer.arrayOffset() + vOffset, this.valueLength, memstoreTS, tagsArray, tOffset, this.tagsLength); {code} Here we are passing valAndTagsBuffer.array() for value extraction. The underlying array will be modified if it is altered anywhere."
13436943,Allow builders of hbase to specify hadoop inclusion mode for hbase-shaded-client,Resolved,Major,Won't Fix,"HBASE-20333 added a new shaded artifact, hbase-shaded-client-byo-hadoop. This is useful in environments where they already depend on hadoop so pulling in the hadoop classes from hbase-shaded-client would be extreme. I think the split that [~busbey] decided on there definitely made sense for the general case (with byo-hadoop being the specially named artifact). But some of us may work in environments where the default case is the byo-hadoop case. For those environments, it's a little confusing and verbose to have to refer to the hbase client as hbase-shaded-client-byo-hadoop everywhere. For example, we have well over 500 poms directly pulling in hbase client and many more pulling it in transitively. We'll want to use byo-hadoop everywhere in our environment, but that's an implementation detail that the teams owning those 500 poms don't need to know or care about. Using profiles I think we could provide an optional activation which allows someone building their own hbase to decide whether hbase-shaded-client should include hadoop or not. This way normal users using the artifacts published to maven central are unaffected, but super users building their own have some extra flexibility."
13436733,hbase-shaded-mapreduce and hbase-shaded-client expose some of the same classes,Resolved,Major,Won't Fix,"We supply 2 primary artifacts for end-users to consume: * hbase-shaded-client, which is for general use * hbase-shaded-mapreduce, which is for use when you need to connect to hbase via mapreduce. For example, TableInputFormat The problem is that these artifacts expose tons of duplicate classes. One example (among many) is org.apache.hadoop.hbase.Cell, which appears in both jars. This may not be a problem if your projects are always very isolated – either doing mapreduce, or not. In that case you just depend in the one you need. Many users might exist in much more complicated environments where dependencies tend to bleed along more between projects. Here's an illustration: * Imagine a project FooService, which includes two modules FooServiceRestWeb (for the rest http resources) and FooServiceData (which includes DAOs for accessing data). FooServiceRestWeb depends on FooServiceData to access hbase. In this case, FooServiceData should depend on hbase-shaded-client. * Now imagine another project FooPipeline, which has modules FooPipelineHadoop (with M/R jobs for processing data) and FooPipelineData (which has some DAOs for accessing data). In this case, FooPipelineData might depend on "
13436052,[hbase-thirdparty] Upgrade jackson to 2.13.3,Resolved,Major,Fixed,https://github.com/FasterXML/jackson-databind/issues/2816
13435761,Find unavailable regions by the startcode checking on hmaster start up and reassign them,Open,Major,,"Sometimes we have seen there are regions in open or opening state, but does not deployed on any rs and without procs for them, and after checking the meta table, we find these startcode are expired. It is no easy to reproduce, may be caused by corner bug or user misoperation. My approach is add some checking on hmaster start up, if the startcode of the regionLocation expired, and neither TRSP on region nor SCP on regionserver, then we should reassign the region, then we can resovle it easily just by restart hmaster. Hbck2 maybe also useful for some of them cases, but not easily for common user to use, especially the number of these regions not small and need to be recovery quickly."
13433214,"Backport StoreFileTracker (HBASE-26067, HBASE-26584, and others) to branch-2.5",Resolved,Major,Fixed,"In a discussion on dev@ the idea was floated that StoreFileTracker could be backported into branch-2.5 to be released as part of 2.5.0 as an experimental feature. This issue considers the backport. There are sixteen subtasks on HBASE-26067 and several other tangential commits. Cherry pick the list in sequence, fixing up as necessary. These appear to be the core commits: - commit 6aaef8978 HBASE-26064 Introduce a StoreFileTracker to abstract the store file tracking logic - commit 43b40e937 HBASE-25988 Store the store file list by a file (#3578) - commit 6e053765e HBASE-26079 Use StoreFileTracker when splitting and merging (#3617) - commit 090b2fecf HBASE-26224 Introduce a MigrationStoreFileTracker to support migrating from different store file tracker implementations (#3656) - commit 0ee168933 HBASE-26246 Persist the StoreFileTracker configurations to TableDescriptor when creating table (#3666) - commit 2052e80e5 HBASE-26248 Should find a suitable way to let users specify the store file tracker implementation (#3665) - commit 5ff0f98a5 HBASE-26264 Add more checks to prevent misconfiguration on store file tracker (#3681) - commit fc4f6d10e HBASE-26280 Use store file tracker when snap"
13421172,Support meta replica LoadBalance mode for RegionLocator#getAllRegionLocations(),Resolved,Major,Fixed,"When HBase application restarts, its meta cache is empty. Normally, it will fill the meta cache one region at a time by scanning the meta region. This will cause huge pressure to the region server hosting meta during application restart. It can prefetching all region locations by calling RegionLocator#getAllRegionLocations().Meta replica LoadBalance mode is support in 2.4, it will be nice to load balance RegionLocator#getAllRegionLocations() to all meta replica regions so batch scan can spread across all meta replica regions."
13434163,Shell startup logs a bunch of noise,Resolved,Major,Fixed,I noticed a behavior on branch-2.5 that is not present on master or branch-2: starting up the shell produces a bunch of extra zookeeper logging. The classes are {{zookeeper.ZooKeeper}} and {{zookeeper.ClientCnxn}}.
13433670,Should always set SFT implementation when cloning snapshot,Open,Major,,"Saw the TestCloneSnapshotProcedureFileBasedSFT failing several times {noformat} 2022-03-14T11:23:13,782 INFO [PEWorker-1] procedure2.ProcedureExecutor(1432): Finished pid=99, state=SUCCESS, hasLock=false; CloneSnapshotProcedure (table=testRecoverWithRestoreAclFlag snapshot=name: ""snapshot-1647256973399"" table: ""testCloneSnapshot"" creation_time: 1647256982366 type: FLUSH version: 2 owner: """" ttl: 0 max_file_size: 0 ) in 6.9090 sec 2022-03-14T11:23:13,794 WARN [PEWorker-1] procedure2.ProcedureExecutor$Testing(127): Toggle KILL before store update to: false 2022-03-14T11:23:13,794 DEBUG [PEWorker-1] procedure2.ProcedureExecutor(1777): TESTING: Kill BEFORE store update: pid=112, state=RUNNABLE:MODIFY_TABLE_DESCRIPTOR_UPDATE, hasLock=true; InitializeStoreFileTrackerProcedure table=testRecoverWithRestoreAclFlag 2022-03-14T11:23:13,794 INFO [PEWorker-1] procedure2.ProcedureExecutor(635): Stopping 2022-03-14T11:23:13,795 WARN [PEWorker-1] procedure2.ProcedureExecutor$WorkerThread(1997): Worker terminating UNNATURALLY null java.lang.RuntimeException: TESTING: Kill BEFORE store update: pid=112, state=RUNNABLE:MODIFY_TABLE_DESCRIPTOR_UPDATE, hasLock=true; InitializeStoreFileTrackerProcedure t"
13434168,Delete unnecessary dependency on jaxb-runtime jar,Resolved,Major,Fixed,"Since we've moved to using only shaded versions of our jersey stuff, we have no need for this explicit dependency."
13436492,ReplicationPeerManager#checkPeerExists should throw ReplicationPeerNotFoundException if peer doesn't exists,Resolved,Major,Fixed,"ReplicationPeerManager#checkPeerExists should throw ReplicationPeerNotFoundException if peer doesn't exists. Currently it throws generic DoNotRetryIOException. {code:java} private ReplicationPeerDescription checkPeerExists(String peerId) throws DoNotRetryIOException { ReplicationPeerDescription desc = peers.get(peerId); if (desc == null) { throw new DoNotRetryIOException(""Replication peer "" + peerId + "" does not exist""); } return desc; } {code}"
13436023,Add spotless:check in our pre commit general check,Resolved,Major,Fixed,To force the style.
13421139,Improve fidelity of RegionLocator spans,Resolved,Major,Fixed,"While backporting HBASE-26474 to branch-2, I realized that the nuance of tracing of region locator calls is lacking. In the current implementation, all calls to the region locator produce {{SpanKind.CLIENT}} spans. This is correct only for the code path where the client reaches out to a remote host to populate cache locations. This doesn't happen every time. Instead, the top-level span should be {{SpanKind.INTERNAL}} and only when a region location must be requested remotely should we create a child span with {{SpanKind.CLIENT}}."
13426293,Proto files in hbase-protocol and hbase-shaded-protocol are out of sync,Resolved,Major,Won't Fix,"Are we reserving hbase-protocol at a point in time and only doing new development in hbase-shaded-protocol? This is probably the case but I'm not seeing documentation anywhere about it. At the very least, if so, every file in hbase-protocol should carry a very prominent comment that it is a point in time snapshot and not receiving new development. If these files are supposed to be in sync, they are not. Noticed divergence in ClusterStatus.proto on branch-2. There's almost certainly more elsewhere."
13432936,splitRegion and mergeRegion admin RPCs are in hbase-protocol but not hbase-shaded-protocol,Resolved,Major,Won't Fix,"On parent issue [~gjacoby] indicates that splitRegion and mergeRegion admin RPCs are in hbase-protocol but not hbase-shaded-protocol. It would seem functionally it is not a serious break, but is a compatibility concern."
13434432,"Backport ""HBASE-25681 Add a switch for server/table queryMeter"" to branch-2.4",Resolved,Major,Fixed,"https://issues.apache.org/jira/browse/HBASE-25687 backported this config to branch-2, but that didn't include 2.4 because it was already released by then. This backports to branch-2.4, because I think the config is valuable. I find in performance testing that the per-table metrics specifically here can have a non-trivial impact on throughput."
13430217,Avoid unnecessary replication suspending in RegionReplicationSink,Resolved,Major,Fixed,"It seems that the problem HBASE-26449 described still exists in following {{RegionReplicationSink.onComplete}},which is running in Netty's nioEventLoop. Assuming we have only one secondary replica, first we add the replica to the {{failed}} because a failure of replicating in following line 228, but before we enter the line 238, the flusher thread calls {{RegionReplicationSink.add}} and we clear the {{RegionReplicationSink.failedReplicas}} due to a flush all edit. When the Netty nioEventLoop continues to enter line 238, we still add a replica to the failedReplicas even though the {{maxSequenceId < lastFlushedSequenceId}}. {code:java} 207 private void onComplete(List<SinkEntry> sent, 208 Map<Integer, MutableObject<Throwable>> replica2Error) { .... 217 Set<Integer> failed = new HashSet<>(); 218 for (Map.Entry<Integer, MutableObject<Throwable>> entry : replica2Error.entrySet()) { 219 Integer replicaId = entry.getKey(); 220 Throwable error = entry.getValue().getValue(); 221 if (error != null) { 222 if (maxSequenceId > lastFlushedSequenceId) { ... 228 failed.add(replicaId); 229 } else { ...... 238 synchronized (entries) { 239 pendingSize -= toReleaseSize; 240 if (!failed.isEmpty()) { 24"
13433212,TestBasicWALEntryStreamFSHLog testSizeOfLogQueue is flaky,Resolved,Major,Cannot Reproduce,[ERROR] org.apache.hadoop.hbase.replication.regionserver.TestBasicWALEntryStreamAsyncFSWAL.testSizeOfLogQueue Time elapsed: 0.056 s <<< FAILURE! java.lang.AssertionError: expected:<1> but was:<2> at org.junit.Assert.fail(Assert.java:89) at org.junit.Assert.failNotEquals(Assert.java:835) at org.junit.Assert.assertEquals(Assert.java:647) at org.junit.Assert.assertEquals(Assert.java:633) at org.apache.hadoop.hbase.replication.regionserver.TestBasicWALEntryStream.testSizeOfLogQueue(TestBasicWALEntryStream.java:701)
13425497,Traces of async chains result in arbitrarily deep trace stack,Resolved,Major,Cannot Reproduce,"Trying out the latest {{master}} on a real cluster, traces of async operations do not report the way I expect. Actions that are sequential (for example, locate meta then locate region) do not render as trace peers. Instead the subsequent action is a child of the previous. I believe this means that we are not handling parent span context propagation in async callback chains. I've not yet tried branch-2 to see if it's applicable there as well."
13432442,Unify CallQueueTooBigException special pause with CallDroppedException,Resolved,Major,Fixed,"CallQueueTooBigException and CallDroppedException crop up in very similar circumstances – the former is thrown if the request cannot be enqueued because the queue is full; the latter is thrown when a call is dropped from the queue to make room for another call. HBASE-17114 added a special pause feature, which allows pausing for a longer period of time when CallQueueTooBigException is encountered, vs the normal pause for other exceptions. The idea here is to help reduce load so the server can process its queue. We should extend this feature to encompass CallDroppedException for the same reason. Currently the config is called ""hbase.client.pause.cqtbe"". We should probably deprecate that in favor of a more generic name."
13436637,Remove duplicate dependency declaration,Resolved,Major,Fixed,"On branch-2 derivatives, I noticed on PR builds of JDK11+Hadoop3 that running tests with {{-pl}} results in a warning from maven {noformat} [WARNING] [WARNING] Some problems were encountered while building the effective model for org.apache.hbase:hbase-build-configuration:pom:2.6.0-SNAPSHOT [WARNING] 'profiles.profile[hadoop-3.0].dependencyManagement.dependencies.dependency.(groupId:artifactId:type:classifier)' must be unique: org.apache.hadoop:hadoop-mapreduce-client-app:test-jar -> duplica te declaration of version ${hadoop-three.version} @ org.apache.hbase:hbase:2.6.0-SNAPSHOT, /Users/ndimiduk/repos/apache/hbase/pom.xml, line 3816, column 23 [WARNING] [WARNING] Some problems were encountered while building the effective model for org.apache.hbase:hbase:pom:2.6.0-SNAPSHOT [WARNING] 'profiles.profile[hadoop-3.0].dependencyManagement.dependencies.dependency.(groupId:artifactId:type:classifier)' must be unique: org.apache.hadoop:hadoop-mapreduce-client-app:test-jar -> duplica te declaration of version ${hadoop-three.version} @ line 3816, column 23 [WARNING] [WARNING] It is highly recommended to fix these problems because they threaten the stability of your build. [WARNING] [WARNING]"
13436129,"on hbase shell, 'delete/deleteall' for a columnfamily is not working",Resolved,Major,Fixed,"on hbase shell, 'delete' or 'deleteall' for the whole columnFamily is not working properly. {code:java} hbase(main):026:0* put 'test', 'r1', 'f:1', 'a' Took 0.0233 seconds hbase(main):029:0> delete 'test', 'r1', 'f' Took 0.0070 seconds hbase(main):030:0> get 'test', 'r1' COLUMN CELL f:1 timestamp=1648114865022, value=a 1 row(s) hbase(main):038:0> deleteall 'test', 'r1', 'f' Took 0.0059 seconds hbase(main):039:0> get 'test', 'r1' COLUMN CELL f:1 timestamp=1648114865022, value=a 1 row(s) {code} looking inside of hbase-shell, all delete/deleteall on hbase shell are converted to delete.addColumn/addColumns. thus, delete/deleteall request without columnQualifier converted to 'null' qualifier deletion. (since HBASE-15616, null columnQualifier is possible) {code:java} if column && all_version family, qualifier = parse_column_name(column) d.addColumns(family, qualifier, timestamp) elsif column && !all_version family, qualifier = parse_column_name(column) d.addColumn(family, qualifier, timestamp) end {code} According to the description of help 'deleteall' and HBASE-9549 ""Users of the shell, MapReduce, REST, and Thrift who wish to interact with an *entire column family must use ""family""* ins"
13436442,delete with null columnQualifier occurs NullPointerException when NewVersionBehavior is on,Resolved,Major,Fixed,"since HBASE-15616, setting column qualifier as null is possible. but when NewVersionBehavior is on, delete with null columnQualifier occurs NullPointerException. {code:java} @Test public void testNullColumnQualifier() throws IOException { try (Table t = createTable()) { Delete del = new Delete(ROW); del.addColumn(FAMILY, null); t.delete(del); Result r = t.get(new Get(ROW)); //NPE happens. assertTrue(r.isEmpty()); } } {code} {code:java} //output Caused by: java.lang.NullPointerException at org.apache.hadoop.hbase.regionserver.querymatcher.NewVersionBehaviorTracker.add(NewVersionBehaviorTracker.java:214) at org.apache.hadoop.hbase.regionserver.querymatcher.NormalUserScanQueryMatcher.match(NormalUserScanQueryMatcher.java:73) at org.apache.hadoop.hbase.regionserver.StoreScanner.next(StoreScanner.java:627) at org.apache.hadoop.hbase.regionserver.KeyValueHeap.next(KeyValueHeap.java:157) at org.apache.hadoop.hbase.regionserver.HRegion$RegionScannerImpl.populateResult(HRegion.java:6672) at org.apache.hadoop.hbase.regionserver.HRegion$RegionScannerImpl.nextInternal(HRegion.java:6836) at org.apache.hadoop.hbase.regionserver.HRegion$RegionScannerImpl.nextRaw(HRegion.java:6606) at org.apache.h"
13433894,Set java.io.tmpdir on mvn command when running jenkins job,Resolved,Major,Fixed,"Recently on hbase1-10, it is easy to eat all the space of /tmp. I've checked several times, it is always the stderr*deferred file, which is the temp output of our UTs. I think it means we have some problem for some of our UTs which could generate very big output, but if the tmp is full, it is not easy for us to find out the root cause as we need to delete the file to recover first... Looking at the code of surefire https://github.com/apache/maven-surefire/blob/68bca29b23d27dba3e06cf5e73a3fdc1a22598db/maven-surefire-common/src/main/java/org/apache/maven/plugin/surefire/report/Utf8RecodingDeferredFileOutputStream.java#L69 It just creates the file with jdk's Files.createTempFile, the location can be controlled by java.io.tmpdir, so let's point it to the target directory under the jenkins workspace to avoid wat all the spaces of /tmp first."
13434372,Refactor TestMasterRegionOnTwoFileSystems to avoid dead loop,Resolved,Major,Fixed,See the posts on HBASE-26848.
13436661,Remove warnings from meta replicas feature references in the HBase book,Resolved,Major,Fixed,"Meta replicas is a new feature in HBase 2.4 and mentioned in ""Use with caution"" in the docs. Given that the feature and the related ""async wal replication for meta"" is actively used in production already, I'd like to remove these warnings from the docs. With this change, users will have more confidence in the feature."
13437034,Spotless formatting can leave line-ending whitespace that violates whitespace check in PR,Open,Major,,It looks like this happens for blank lines in javadoc.
13436053,Use new hbase-thirdparty and jackson 2.13.2.1 due to CVE-2020-36518,Open,Major,,https://github.com/FasterXML/jackson-databind/issues/2816
13433645,Adapt ConnectionRule for both sync and async connections,Resolved,Major,Fixed,"Backporting recent tracing work to branch-2 has presented some difficulties using the {{ConnectionRule}}. The issue comes down to {{AsyncConnection}} on master provides a {{toConnection}} method, which is not available on branch-2. Start with a branch-2 implementation and then forward-port the API changes to master."
13429755,Minor refactor of async scanning code,Resolved,Major,Fixed,Some small changes to internal/private classes implementing async scan will make the code easier to read and reason about.
13429754,Implement generic exception support for TraceUtil methods over Callables and Runnables,Resolved,Major,Fixed,{{TraceUtil.trace}} methods can be consolidated with some generics.
13428868,Fix trace continuity through CallRunner,Resolved,Major,Fixed,We appear to be generating spans with without a parent context with the name {{RegionScanner.close}}. Track this down.
13436154,list_quota_snapshots fails with ‘ERROR NameError: uninitialized constant Shell::Commands::ListQuotaSnapshots::TABLE’,Resolved,Major,Fixed,"The list_quota_snapshots command fails with {noformat} ERROR NameError: uninitialized constant Shell::Commands::ListQuotaSnapshots::TABLE{noformat} regardless of the parameters it's called with. Apparently, it used to work in HBase 2.2. I don't know enough about Ruby to tell why it used to work, and what broke this exactly, but using qualified constants fixes the problem."
13425289,HFileArchiver can remove referenced StoreFiles from the archive,Resolved,Major,Fixed,"There is a comment in {{HFileArchiver#resolveAndArchiveFile}}: {code:java} // if the file already exists in the archive, move that one to a timestamped backup. This is a // really, really unlikely situtation, where we get the same name for the existing file, but // is included just for that 1 in trillion chance. {code} In reality, we did encounter this frequently enough to cause problems. More details will be included and linked in a separate issue. But regardless of how we get into this situation, we can consider a different approach to solving it. If we assume store files are immutable, and a store file with the same name and location already exists in the archive, then it can be safer to assume the file was already archived successfully, and react accordingly."
13434782,Load rate calculator for cost functions should be more precise,Resolved,Major,Fixed,"The rate calculator should avoid negative values, e.g. if a region is moved from RS1 to RS2, the request count loads in the balancer cache maybe [100,200,0,100,200], then the region load cost calculated by CostFromRegionLoadAsRateFunction#getRegionLoadCost will be (100-200+100+100)/4=25, while the real cost is (100+0+100+200)/4=100. {code:java} protected double getRegionLoadCost(Collection<BalancerRegionLoad> regionLoadList) { Iterator<BalancerRegionLoad> iter = regionLoadList.iterator(); if (!iter.hasNext()) { return 0; } double previous = getCostFromRl(iter.next()); if (!iter.hasNext()) { return 0; } double cost = 0; do { double current = getCostFromRl(iter.next()); cost += current - previous; previous = current; } while (iter.hasNext()); return Math.max(0, cost / (regionLoadList.size() - 1)); } {code} We should change the cost accumulate codes to, {code:java} cost += current >= previous ? current - previous : current; {code}"
13436395,Pooled and reuse scanner lease,Open,Major,,"We can make the scanner lease be pooled and reuse them to reduce the GC pressure, e.g. when there are large concurrent scans for the meta table, many new leases can be avoid to create."
13436186,Crash Meta-RS and active HMaster successively make cluster out of service,Open,Major,,"We got a cluster of 2 master nodes (hm1, hm2) and 3 slaves nodes (rs1, rs2, rs3) # hm1 becomes active # rs3 becomes the meta RS # rs3 crashes # hm1 crashes. At this time, the meta-region-server in ZooKeeper is still rs3 # hm2 becomes active, but stucks in ""master.HMaster: hbase:meta,,1.1588230740 is NOT online; state=\{1588230740 state=OPEN, ts=1648007404659, server=rs3,16020,1648007272771}; ServerCrashProcedures=true. Master startup cannot progress, in holding-pattern until region onlined."""
13422764,Implement a shell command for change SFT implementation,Resolved,Major,Fixed,
13435705,Crash HM and META-RS when truncating table causes data loss,Open,Major,,"I have a hbae cluster of 2 master nodes (C1HM1:172.0.0.2 and C1HM2:172.0.0.3) and 3 slave nodes (C1RS1:172.0.0.4, C1RS2:172.0.0.5, C1RS3:172.0.0.6). The following is the bug triggering process ({color:#de350b}red {color}for crash and exception events; {color:#00875a}green {color}for events in hbase nodes): * the active master is C1HM1, the meta server is C1RS2 * client requests to create a table ""FAVMyInfo"" * {color:#de350b}2022-03-24 01:44:54,317 [MyTest] - INFO - Going to crash node 172.25.0.5（table ""FAVMyInfo"" exists in the ZooKeeper at this time）{color} * {color:#00875a}C1HM1 assigns meta regions to C1RS3{color} * client receives ACK about creating table ""FAVMyInfo"", and then makes some changes to ""FAVMyInfo"" * 2022-03-24 01:46:20,664 [MyTest] - INFO - Client has disabled table ""FAVMyInfo"" and requests to truncate ""FAVMyInfo"" * {color:#00875a}C1HM1 first deleted table ""FAVMyInfo"", and then create a new ""FAVMyInfo"" region;{color} * {color:#de350b}2022-03-24 01:46:23,302 [MyTest] - INFO - Going to crash node 172.25.0.2 (at this time, table ""FAVMyInfo"" does not exist in the ZooKeeper). The node C1HM1 was killed before:{color} {code:java} org.apache.hadoop.hbase.shaded.protobuf.gen"
13435938,nightly yetus tests don't reflect failure when required environment variables are missing.,Open,Major,,"the nightly yetus wrapper shows an error when we're missing some needed environment variables, but the stage shows success still. e.g {code:java} [2022-03-24T22:35:39.450Z] [ERROR] Required environment variable 'DEBUG' is not set. [2022-03-24T22:35:39.451Z] [ERROR] Required environment variable 'USE_YETUS_PRERELEASE' is not set. [2022-03-24T22:35:39.451Z] [ERROR] Please set the required environment variables before invoking. If this error is on Jenkins, then please file a JIRA about the error. {code}"
13435936,Update branch-specific nightly test handling to allow for earlier release line feature branches,Open,Major,,"due to limitations in ASF infra our branch protection rules prohibit force pushes or deletions on branches that start with ""master"" or ""branch-"". Our current nightly tests assume that feature branches specific to branch-2 or branch-1 will start with the release branch name rather than the feature Jira key. However, doing so would mean we need to file INFRA jiras to clean up afterwards. We can't change the limitations of branch protection rules, so we should update the nightly tests to allow for feature branches named like {{{}HBASE-XXXXX-branch-2{}}}."
13435935,nightly integration test claims success while showing error parsing shell output,Open,Major,,"current master branch claims that the integration test is succeeding, but looking at the detailed output shows a failure to parse the shell output: {code:java} Starting up Hadoop waiting for Hadoop to finish starting up. waiting for Hadoop to finish starting up. waiting for Hadoop to finish starting up. waiting for Hadoop to finish starting up. Verifying configs WARNING: log4j.properties is not found. HADOOP_CONF_DIR may be incomplete. /home/jenkins/jenkins-home/workspace/HBase_Nightly_master/output-integration/hadoop-3/hbase-conf/core-site.xml: valid /home/jenkins/jenkins-home/workspace/HBase_Nightly_master/output-integration/hadoop-3/hbase-conf/hbase-site.xml: valid OK Listing HDFS contents Starting up HBase running master, logging to /home/jenkins/jenkins-home/workspace/HBase_Nightly_master/hbase-install/bin/../logs/hbase-jenkins-master-jenkins-hbase12.out retry waiting for hbase to come up. Setting up table 'test:example' with 1,000 regions writing out example TSV to example.tsv uploading example.tsv to HDFS WARNING: log4j.properties is not found. HADOOP_CONF_DIR may be incomplete. WARNING: log4j.properties is not found. HADOOP_CONF_DIR may be incomplete. Importing TSV via shad"
13434155,Nightlies should test our gateway services,Open,Major,,"Our nightly integration test runs a small cluster, but I don't think it tests any of our gateway interfaces. It would be nice if we could also stand up the various gateway services and ping them as well. Having such automation would increase my confidence in changes like HBASE-26813."
13434881,Nightly tests should exercise all of our public tools,Open,Major,,"As noticed on HBASE-26838, we have previously released breaking changes for some of the tools we ship to our users. We should catalogue what all those tools are and add explicit coverage that at least launching all of those tools works."
13427742,Tests for shell exit behavior,Open,Major,,HBase shell exit behavior and exception handling is not covered with tests. The tests should cover the clean exits and also when a command throws exceptions in interactive and non-interactive modes.
13435030,TestRegisterPeerWorkerWhenRestarting fails with IllegalStateException,Open,Major,,"{noformat} 2022-03-21T12:25:09,067 ERROR [RS_REFRESH_PEER-regionserver/b0aef29cdb13:0-0.replicationSource,1] regionserver.ReplicationSource(434): Unexpected exception in RS_REFRESH_PEER-regionserver/b0aef29cdb13:0-0.replicationSource,1 currentPath=null java.lang.IllegalStateException: Source should be active. at org.apache.hadoop.hbase.replication.regionserver.ReplicationSource.initialize(ReplicationSource.java:553) ~[classes/:?] at java.lang.Thread.run(Thread.java:834) ~[?:?] 2022-03-21T12:25:09,068 ERROR [RS_REFRESH_PEER-regionserver/b0aef29cdb13:0-0.replicationSource,1] regionserver.HRegionServer(2284): ***** ABORTING region server b0aef29cdb13,33413,1647865503466: Unexpected exception in RS_REFRESH_PEER-regionserver/b0aef29cdb13:0-0.replicationSource,1 ***** java.lang.IllegalStateException: Source should be active. at org.apache.hadoop.hbase.replication.regionserver.ReplicationSource.initialize(ReplicationSource.java:553) ~[classes/:?] at java.lang.Thread.run(Thread.java:834) ~[?:?] 2022-03-21T12:25:09,069 ERROR [RS_REFRESH_PEER-regionserver/b0aef29cdb13:0-0.replicationSource,1] regionserver.HRegionServer(2291): RegionServer abort: loaded coprocessors are: [org.apache.hadoop.hb"
13430440,HBase client does not honor UserGroupInformation.doAs,Resolved,Major,Won't Fix,"Despite passing necessary UserInformation to the RegionServer, which does authorize the request, the async and block clients do not work correctly with the following access pattern: {code:java} Connection connection = ConnectionFactory.createConnection(); Table table = connection.getTable(name); UserGroupInformation proxy = UserGroupInformation.createProxyUser( ""testUser"", UserGroupInformation.getCurrentUser() ); Result result = proxy.doAs(() -> table.get(get));{code} In this case, you would expect the get to be executed as ""testUser"", but instead it is executed as whichever user created the initial connection. This can be verified by checking the security logger on the RegionServer side. The reason for this is we stash the current User onto the actual ConnectionImplementation, and we pass that through all calls in the stack when executing an RPC. I think the appropriate way would be to replace usage of this stashed User with a call to UserGroupInformation.getCurrentUser() in RpcConnection, where sasl is negotiated and headers generated."
13431535,Memstore flush fencing issue for SFT,Resolved,Major,Fixed,"The scenarios is the following: # rs1 is flushing file to S3 for region1 # rs1 loses ZK lock # region1 gets assigned to rs2 # rs2 opens region1 # rs1 completes flush and updates sft file for region1 # rs2 has a different “version” of the sft file for region1 The flush should fail at the end, but the SFT file gets overwritten before that, resulting in potential data loss. Potential solutions include: * Adding timestamp to the tracker file names. This and creating a new tracker file when an rs open the region would allow us to list available tracker files before an update and compare the found timestamps to the one stored in memory to verify the store still owns the latest tracker file * Using the existing timestamp in the tracker file content. This would also require us to create a new tracker file when a new rs opens the region, but instead of listing the available tracker files, we could try to load and de-serialize the last tracker file and compare the timestamp found in it to the one stored in memory."
13435174,Allow Accepting snapshot location also to mapreduce jobs to run over exported snapshot.,Open,Major,,Currently there is no way to provide the snapshot location to mapreduce jobs to run over the exported snapshot. It would be better to provide the option so that even we can scan snapshots available at exported location.
13434510,Fix flaky TestSnapshotFromMaster.testSnapshotHFileArchiving,Resolved,Major,Fixed,"After investigating, finally I found that the problem is we just use tryLock in SnapshotFileCache.getUnreferencedFiles. If we failed to grab lock, we will skip cleaning of the archive files. We should add some retries in the test to make it more stable."
13431735,[hbase-thirdparty] Release hbase-thirdparty 4.1.0,Resolved,Major,Fixed,We have added a new module so I think we'd better dump the minor version.
13431742,[hbase-thirdparty] Put up 4.1.0RC0,Resolved,Major,Fixed,
13421966,AsyncFSWAL.unackedAppends should clear after transfered to AsyncFSWAL.toWriteAppends,Resolved,Major,Won't Fix,"When {{ASyncFSWAL}} syncing to HDFS failed, {{AsyncFSWAL.unackedAppends}} are transfered to {{AsyncFSWAL.toWriteAppends}} to avoid data loss, but {{AsyncFSWAL.unackedAppends}} itself is not cleared. I think there is no need to continue retain them in {{AsyncFSWAL.unackedAppends}} because we would open a new HDFS pipeline to resend the {{AsyncFSWAL.unackedAppends}}. BTW : It would also simplify the logic for fixing HBASE-25905, current fix for HBASE-25905 is somewhat hard to understand. I think the problem to cause HBASE-25905 is that {{AsyncFSWAL.unackedAppends}} could not exactly reflect the *unacked* for current HDFS pipeline. If we clear {{AsyncFSWAL.unackedAppends}} after transferring them to {{AsyncFSWAL.toWriteAppends}}, HBASE-25905 could also avoid."
13424583,EOL HBase 2.3.x,Resolved,Major,Fixed,VOTE thread is here: [https://lists.apache.org/thread/v3gfoyf255rpvql4h3g68ong5p4ps4rs] * remove from [https://hbase.apache.org/downloads] * delete from dist svn repo [https://dist.apache.org/repos/dist/release/hbase/] (which will remove the release from downloads.apache.org) * send an announcement to user@hbase and dev@hbase * delete Jenkins jobs
13434115,--hadoop-profile is not honored in branch-2 PR builds,Resolved,Major,Invalid,"I noticed in the PR builds for HBASE-26834 that the {{HADOOP_PROFILE}} is apparently not honored. This is problematic for the JDK11 build, which only works on Hadoop3, which must be enabled via this variable."
13434282,Rsgroup: move machine to group error report table is disabledrsgroup,Open,Major,,1. Start rsgroup in cluster 2. Add a group 3. Move a machine into a group and report the following error !微信图片_20220317150240(1).png!
13433654,Rewrite TestLruAdaptiveBlockCache to make it more stable,Resolved,Major,Fixed,Similiar to HBASE-26830.
13433569,TestAdminShell2 is failing because of we referenced a deleted method,Resolved,Major,Fixed,"{noformat} src/test/ruby/hbase/admin2_test.rb:70:in `block in test_Get_detailed_status' /home/zhangduo/hbase/code/hbase-shell/src/test/ruby/test_helper.rb:161:in `capture_stdout' 67: end 68: 69: define_test 'Get detailed status' do ^[[48;5;16;38;5;226;1m => 70: output = capture_stdout { admin.status('detailed', '') }^[[0m 71: puts ""Status output:\n#{output}"" 72: # Some text which isn't in the simple output 73: assert output.include? 'regionsInTransition' src/test/ruby/hbase/admin2_test.rb:70:in `block in test_Get_detailed_status' uri:classloader:/hbase/admin.rb:926:in `status' Error: ^[[48;5;16;38;5;226;1mtest_Get_detailed_status(Hbase::StatusTest)^[[0m: NoMethodError: undefined method `getMaster' for #<Java::OrgApacheHadoopHbase::ClusterMetricsBuilder::ClusterMetricsImpl:0x4eee1637> Did you mean? get_master_name {noformat} It is introduced by HBASE-26730."
13433522,Rewrite TestLruBlockCache to make it more stable,Resolved,Major,Fixed,"It is very easy to fail when the build machine is busy, use Waiter.waitFor as much as possible and also increase the wait time, to make it more stable."
13429996,Rest server should not use a large Header Cache.,Resolved,Major,Fixed,"In the RESTServer we set the HeaderCache size to DEFAULT_HTTP_MAX_HEADER_SIZE (65536). That's not compatible with jetty-9.4.x because the cache size is limited by Character.MAX_VALUE - 1 (65534) there. According to the Jetty source code comments, it's possible to have a buffer overflow in the cache for higher values and that might lead to wrong/incomplete values returned by cache and following incorrect header handling. There are a couple of ways to fix it: 1. change the value of DEFAULT_HTTP_MAX_HEADER_SIZE to 65534 2. make header cache size configurable and set its size separately from the header size. I believe that the second would give us more flexibility."
13425052,Introduce path configuration for system coprocessors,Resolved,Major,Fixed,"Currently when region server starts, system coprocessors are normally loaded as part of the local classpath and the jar is stored in the local storage; in short words, Operator would have to copy the jar to each host (or a shared file system) and construct it as part of HBASE_CLASSPATH. although operator may have been doing the presetup of copying jar and making it available to the HBASE_CLASSPATH without any issue, it could be helpful if we provide an alternative method and centralize this configuration in hbase-site similar to the support of table-level coprocessor, e.g. configuring {{hbase.coprocessor.region.classes}} with the local/remote path along with the classname with a specific path token in the form of {{className|priority|path}}. Similarly in HBASE-23710, it provided the priority configuration via hbase-site that this new improvement aligns with the same purpose, and further help to simplify the deployment of System Coprocessors to e.g. hdfs or supported cloud storage."
13426520,"Backport ""HBASE-26714 Introduce path configuration for system coprocessors"" to branch-2",Resolved,Major,Fixed,"backport HBASE-26714 to branch-2, mainly it's due to the unclear cherry pick of the change of HBaseCommonTestUtility to HBaseCommonTestingUtility"
13423647,Threads shared EMPTY_RESULT may lead to unexpected client job down.,Resolved,Major,Fixed,"Currently, we use a pre-created EMPTY_RESULT in the ProtoBuf.util to reduce the object creation. But these objects could be shared by multi client threads. The Result#cellScannerIndex related methods could throw confusing exception and make the client job down. Could refine the logic of these methods. The precreated objects in ProtoBufUtil.java: {code:java} private final static Cell[] EMPTY_CELL_ARRAY = new Cell[]{}; private final static Result EMPTY_RESULT = Result.create(EMPTY_CELL_ARRAY); final static Result EMPTY_RESULT_EXISTS_TRUE = Result.create(null, true); final static Result EMPTY_RESULT_EXISTS_FALSE = Result.create(null, false); private final static Result EMPTY_RESULT_STALE = Result.create(EMPTY_CELL_ARRAY, null, true); {code} Result#advance {code:java} public boolean advance() { if (cells == null) return false; cellScannerIndex++; if (cellScannerIndex < this.cells.length) { return true; } else if (cellScannerIndex == this.cells.length) { return false; } // The index of EMPTY_RESULT could be incremented by multi threads and throw this exception. throw new NoSuchElementException(""Cannot advance beyond the last cell""); } {code} Result#current {code:java} public Cell curren"
13433040,Revert the changes on hbase-daemon.sh after switching to log4j2 properties file,Resolved,Major,Fixed,"In HBASE-19577, we changed to use two ENVVARs to specify log level and appender, so we also changed hbase-daemon.sh to use two ENVVARs. In HBASE-26723 we switched back to use one ENVVAR, so we should also revert the changes in hbase-daemon.sh."
13432731,TestFanOutOneBlockAsyncDFSOutput is flakey,Resolved,Major,Fixed,"{code:java} // [ERROR] Tests run: 7, Failures: 1, Errors: 0, Skipped: 0, Time elapsed: 160.408 s <<< FAILURE! - in org.apache.hadoop.hbase.io.asyncfs.TestFanOutOneBlockAsyncDFSOutput [ERROR] org.apache.hadoop.hbase.io.asyncfs.TestFanOutOneBlockAsyncDFSOutput.testConnectToDatanodeFailed Time elapsed: 9.631 s <<< FAILURE! java.lang.AssertionError: expected:<2> but was:<1> at org.junit.Assert.fail(Assert.java:89) at org.junit.Assert.failNotEquals(Assert.java:835) at org.junit.Assert.assertEquals(Assert.java:647) at org.junit.Assert.assertEquals(Assert.java:633) at org.apache.hadoop.hbase.io.asyncfs.TestFanOutOneBlockAsyncDFSOutput.testConnectToDatanodeFailed(TestFanOutOneBlockAsyncDFSOutput.java:220) at sun.reflect.NativeMethodAccessorImpl.invoke0(Native Method) at sun.reflect.NativeMethodAccessorImpl.invoke(NativeMethodAccessorImpl.java:62) at sun.reflect.DelegatingMethodAccessorImpl.invoke(DelegatingMethodAccessorImpl.java:43) at java.lang.reflect.Method.invoke(Method.java:498) at org.junit.runners.model.FrameworkMethod$1.runReflectiveCall(FrameworkMethod.java:59) at org.junit.internal.runners.model.ReflectiveCallable.run(ReflectiveCallable.java:12) at org.junit.runners.model.Framew"
13433166,ci-hbase expansion,In Progress,Major,,I need a place to host images related to a dev@hbase discussion about how ci-hbase is going an what we as a project would like to expand into.
13432855,Document HBaseInterfaceAudience values,Open,Major,,We have several values in {{HBaseInterfaceAudience}} that are not documented in their javadoc. Most of these values are not [documented in the book|https://hbase.apache.org/book.html#_interface_classifications]. Fix this.
13426702,Update jackson to 2.13.1,Resolved,Major,Fixed,Update jackson-databind to 2.13.1 to address a raised vulnerability that could possible DoS attack certain versions of Jackson. Please refer to https://github.com/FasterXML/jackson-databind/issues/3328 for further info.
13432480,YCSB section of docs refers to unexisting github repo,Open,Major,,"in [the YCSB section|https://hbase.apache.org/book.html#ycsb] of the Apache HBase book the [Ted Dunning's YCSB repo|https://github.com/tdunning/YCSB] is mentioned. This repo doesn't exist anymore, maybe to be replaced by [Brian Frank Cooper|https://github.com/brianfrankcooper/YCSB/] ones?"
13432155,Ban reload4j and logback dependencies,Resolved,Major,Fixed,"Multiple logging framework on classpath can lead to strange behaviors, so we need to make sure that there is only one framework on our classpath. We used to ban log4j when switching to log4j2, now since hadoop is going to switch to reload4j for current release branches and zookeeper has switched to logback, we should exclude them too."
13432205,TestRegionHDFSBlockLocationFinder is flaky,Resolved,Major,Fixed,"THe refresh of the cache is async, we need to make sure the refresh is complete before doing assertion."
13432398,HBase tombstone markers for MOB files are not flushed during the major compaction,Open,Major,,"Hi, While running the major compaction, non MOB Files are flushed while MOB Files are not flushed. Can someone suggest the solution."
13431854,TestCanaryTool.testWriteTableTimeout is flaky,Resolved,Major,Fixed,"{noformat} Wanted but not invoked: appender.append(<custom argument matcher>); -> at org.apache.hadoop.hbase.tool.TestCanaryTool.testWriteTableTimeout(TestCanaryTool.java:310) However, there were exactly 2 interactions with this mock: appender.getName(); -> at org.apache.logging.log4j.core.config.AbstractConfiguration.addLoggerAppender(AbstractConfiguration.java:859) appender.getName(); -> at org.apache.logging.log4j.core.config.AppenderControl.<init>(AppenderControl.java:56) {noformat} May be related to the recent log4j2 change."
13431738,[hbase-thirdparty] Generate CHANGES.md and RELEASENOTES.md for 4.1.0,Resolved,Major,Fixed,
13431737,[hbase-thirdparty] Set version as 4.1.0 in master in prep for first RC of 4.1.0,Resolved,Major,Fixed,
13431387,[hboss] Limit synchronization from hot path of HBoss APIs,Resolved,Major,Fixed,"Problem:- While using HBase with S3, timeouts were observed while restoring a snapshot of a table having many regions and HFiles, and the problem regressed as we added more restores or snapshots in parallel. Root cause:- HBoss has some of the APIs interacting with the cache as synchronized, but as these are in the hot path of the interaction with the filesystem, threads are blocked until one is done, causing all threads working on the filesystem to run serially. In the case of restore_snapshot, which includes getting a list of completed snapshots, validating each store file, creating an HFile link in the target table, archiving files, etc. Therefore the problem is highlighted more with restore snapshot. Solution:- Remove the synchronization as those seem unnecessary, change cache data structure to a thread-safe which provides the required level concurrency."
13431405,TestRegionReplicaReplicationError should inject error in replicateToReplica method,Resolved,Major,Fixed,"{{TestRegionReplicaReplicationError}} added by HBASE-26233 now injects error in {{RSRpcServices.replay}}, but {{RSRpcServices.replay}} in fact is not invoked, seems we should inject error in {{RSRpcServices.replicateToReplica}}."
13431293,[hbase-thirdparty] Introduce the sun.misc.Signal delegation in hbase-unsafe,Resolved,Major,Fixed,
13431366,hbck setTableState and setRegionState should accept one or more files for batch processing,Resolved,Major,Fixed,"They should take a list of input files containing list of target and state pair, one pair per line. This aa separate jira and pr from HBASE-24587 because that involves changing the interface of calls to server."
13431208,Introduce a config to enable setting normalizer target region count through hbase site.,Open,Major,,"Currently, we can define NORMALIZER_TARGET_REGION_COUNT in table descriptors. I am thinking of introducing a global property through hbase-site so we don't need to set it at each level but just add the property and that would be considered a default value. If we want to override this value we can always use htable descriptor for selected tables. priority of configs (priority decreases as we move down) NORMALIZER_TARGET_REGION_COUNT hbase.normalizer.target_region_count"
13430800,[hbase-thirdparty] Set version as 4.1.0-SNAPSHOT,Resolved,Major,Duplicate,
13422257,The ByteBuffer of metadata in RAMQueueEntry in BucketCache could be reused.,Resolved,Major,Fixed,"Currently, the process to write HFileBlocks into IOEngine in BucketCache is: {code:java} if (data instanceof HFileBlock) { // If an instance of HFileBlock, save on some allocations. HFileBlock block = (HFileBlock) data; ByteBuff sliceBuf = block.getBufferReadOnly(); ByteBuffer metadata = block.getMetaData(); ioEngine.write(sliceBuf, offset); ioEngine.write(metadata, offset + len - metadata.limit()); } {code} The getMetaData() function in HFileBlock is: {code:java} public ByteBuffer getMetaData() { ByteBuffer bb = ByteBuffer.allocate(BLOCK_METADATA_SPACE); bb = addMetaData(bb, true); bb.flip(); return bb; } {code} It will allocate new ByteBuffer every time. We could reuse a local variable of WriterThread to reduce the new allocation of this small piece ByteBuffer. Reasons: 1. In a WriterThread, blocks in doDrain() function are written into IOEngine sequentially, there is no multi-threads problem. 2. After IOEngine.write() function, the data in metadata ByteBuffer has been transferred into ByteArray (ByteBufferIOEngine) or FileChannel (FileIOEngine) safely. The lifecycle of it is within the if statement above. So that it could be cleared and reused by the next block's writing process"
13430447,Update create-release template to link to publicly visible resources,Open,Major,,"Per discussion on [0], let us update the template used by release managers to link to resources that are not gated by any type of authentication. [0]: https://lists.apache.org/thread/148xwk7vsgsncbomqqrzh477rlr7smdr"
13421173,Create module hbase-client-test-support,Resolved,Major,Won't Fix,I have test utilities that I need available to test code in both hbase-client and hbase-server modules. Introduce a module where such code can be consumed by any tests downstream of the hbase-client module.
13429616,Setback occurs to AsyncFSWAL#highestProcessedAppendTxid and then IllegalArgumentException,Resolved,Major,Duplicate,"The consumer thread in AsyncFSWAL crashed by IllegalArgumentException, stack trace is as follows, {code:java} Exception in thread ""XXXX"" java.lang.IllegalArgumentException: fromKey > toKey at java.util.TreeMap$NavigableSubMap.<init>(TreeMap.java:1368) at java.util.TreeMap$AscendingSubMap.<init>(TreeMap.java:1855) at java.util.TreeMap.subMap(TreeMap.java:913) at java.util.TreeSet.subSet(TreeSet.java:325) at java.util.TreeSet.subSet(TreeSet.java:361) at org.apache.hadoop.hbase.regionserver.wal.AsyncFSWAL.isHsync(AsyncFSWAL.java:375) at org.apache.hadoop.hbase.regionserver.wal.AsyncFSWAL.sync(AsyncFSWAL.java:392) at org.apache.hadoop.hbase.regionserver.wal.AsyncFSWAL.appendAndSync(AsyncFSWAL.java:504) at org.apache.hadoop.hbase.regionserver.wal.AsyncFSWAL.consume(AsyncFSWAL.java:565) at java.util.concurrent.ThreadPoolExecutor.runWorker(ThreadPoolExecutor.java:1142) at java.util.concurrent.ThreadPoolExecutor$Worker.run(ThreadPoolExecutor.java:617) at java.lang.Thread.run(Thread.java:745) Exception in thread ""XXXX"" java.lang.IllegalArgumentException: fromKey > toKey at java.util.TreeMap$NavigableSubMap.<init>(TreeMap.java:1368) at java.util.TreeMap$AscendingSubMap.<init>(TreeMap.java:18"
13428517,hbase thrift2 FilterString not working,Open,Major,,I am trying to connect hbase by thrift2 golang client. Everything works well but the filterString field. No matter what value I set (just simply convert from string to []byte) it doesn't work and return an empty result. And I had tried the thrift service of the old version and it worked. Is there some hint trick to generate the filterString []byte in thrift2?
13422498,Backporting of HBASE-25643,Resolved,Major,Fixed,
13424115,Migrate our jenkins jobs from ci-hadoop to ci-hbase,Resolved,Major,Fixed,We have our own jenkins controller now. Let's do the migration.
13428391,remove disabled hbase jobs from ci-hadoop,Resolved,Major,Fixed,There are a bunch of disabled jobs on ci-hadoop from us cautiously moving to ci-hbase. Delete them all once we're confident that things are moved over to ci-hbase enough that we are going to handle future problems by fixing them in-place on ci-hbase rather than rolling back to running on ci-hadoop.
13427328,Use python2 instead of python in our python scripts,Resolved,Major,Fixed,"According to the suggestion from INFRA team, let's specify python2 directly. Later we could see if we can migrate to python3."
13427082,Comparator of NOT_EQUAL NULL is invalid for checkAndMutate,Resolved,Major,Fixed,"In server side, checkAndMutate ignores CompareOperator for null or empty comparator value, but NOT_EQUAL should be treated specially. The check logic in HRegion#checkAndMutateInternal is as follows, {code:java} boolean valueIsNull = comparator.getValue() == null || comparator.getValue().length == 0; if (result.isEmpty() && valueIsNull) { matches = true; } else if (result.size() > 0 && result.get(0).getValueLength() == 0 && valueIsNull) { matches = true; cellTs = result.get(0).getTimestamp(); } else if (result.size() == 1 && !valueIsNull) { Cell kv = result.get(0); cellTs = kv.getTimestamp(); int compareResult = PrivateCellUtil.compareValue(kv, comparator); matches = matches(op, compareResult); }{code} For current logics, here are some counter examples(Comparator value is set null), # result is null, operator is NOT_EQUAL, but matches is true; # result size >0, the value of the first cell is empty, operator is NOT_EQUAL, but matches is true; # result size is 1, operator is NOT_EQUAL, but matches is false;"
13428359,HBase website generation should show error details on failure,Resolved,Major,Fixed,website build failed this morning while running maven. no details because we have to opt-in via {{--errors}}
13428849,HBase Thirdparty repo should have nightly for checking main repo tests on top of SNAPSHOT artifacts,Open,Major,,"We should have a nightly test that runs if there are changes to * top level pom * any of the hbase-shaded-* modules That test should grab the current HEAD of a configurable branch of the main repo (which defaults to the repo's default branch, currently master) and then attempt a build + tests while setting {{hbase-thirdparty.version}} to the in-progress SNAPSHOT build. The test run should exclude the current set of flaky tests."
13428124,RegionReplicationSink.send set timeout for replicating meta edits error,Resolved,Major,Fixed,"HBASE-26539 introduce separate {{RegionReplicationSink.metaEditRpcTimeoutNs}} and {{RegionReplicationSink.metaEditOperationTimeoutNs}} for replicating meta edits, but seems in {{RegionReplicationSink.send}} set timeout is erroneous: {code:java} if (hasMetaEdit) { rpcTimeoutNsToUse = rpcTimeoutNs; operationTimeoutNsToUse = operationTimeoutNs; } else { rpcTimeoutNsToUse = metaEditRpcTimeoutNs; operationTimeoutNsToUse = metaEditOperationTimeoutNs; } {code}"
13426965,migrate ARM specific build,Resolved,Major,Fixed,
13427424,Migrate HBase main pre commit job to ci-hbase,Resolved,Major,Fixed,"We used to run this on the hadoop label so first we need to change the label in jenkins file. And before migration, we need to move the 10 hbase nodes from ci-hadoop to ci-hbase as there are no jobs on them any more."
13424116,Migrate HBase Nightly HBase-Flaky-Tests and HBase-Find-Flaky-Tests to ci-hbase,Resolved,Major,Fixed,They are tied together so let's do them at once. We also need to modify the url for our pre commit job.
13420609,Spurious compaction failures with file tracker,Resolved,Major,Not A Problem,"Noticed when running a basic {{{}hbase pe randomWrite{}}}, we'll see compactions failing at various points. One example: {noformat} 2022-01-03 17:41:18,319 ERROR [regionserver/localhost:16020-shortCompactions-0] regionserver.CompactSplit(670): Compaction failed region=TestTable,00000000000000000004054490,1641249249856.2dc7251c6eceb660b9c7bb0b587db913., storeName=2dc7251c6eceb660b9c7bb0b587db913/info0, priority=6, startTime=1641249666161 java.io.IOException: Root-level entries already added in single-level mode at org.apache.hadoop.hbase.io.hfile.HFileBlockIndex$BlockIndexWriter.writeSingleLevelIndex(HFileBlockIndex.java:1136) at org.apache.hadoop.hbase.io.hfile.CompoundBloomFilterWriter$MetaWriter.write(CompoundBloomFilterWriter.java:279) at org.apache.hadoop.hbase.io.hfile.HFileWriterImpl$1.writeToBlock(HFileWriterImpl.java:713) at org.apache.hadoop.hbase.io.hfile.HFileBlock$Writer.writeBlock(HFileBlock.java:1205) at org.apache.hadoop.hbase.io.hfile.HFileWriterImpl.close(HFileWriterImpl.java:660) at org.apache.hadoop.hbase.regionserver.StoreFileWriter.close(StoreFileWriter.java:377) at org.apache.hadoop.hbase.regionserver.compactions.DefaultCompactor.commitWriter(DefaultCompactor."
13427505,"The branch-1 nightly jenkins job fails with ""No such DSL method 'jiraComment' found""",Resolved,Major,Fixed,
13424831,Ban the usage of junit 3 TestCase,Resolved,Major,Fixed,We should move up all our UTs to junit 4 style.
13425524,Backport the UT changes in HBASE-24510 to branch-2.x,Resolved,Major,Fixed,We could still keep HBaseTestCase but we can modify our own UTs to not rely on it.
13424673,The replication batch size is too large and cannot be written to the standby cluster,Open,Major,,"Recently, we met a replication failure and it cannot be recovered. The main reason is that the number of data records read from the wal during synchronization is not limited. In addition, the batch size is not limited when data is written to the peer cluster. As a result, the replication will be failed because of writing timeout. It is recommended that the number of records to be written with a controllable range, for example, 2000 records, and can be modified through configuration. Here are some log stacks !image-2022-01-25-19-59-39-118.png!"
13424148,hbase regionserver keep on restarting in azure setup,Open,Major,,hadoop hbase version 2.4.8 hadoop hdfs version 2.7.7 Hbase master and regionserver keep on restarting due to procedure.SplitWALProcedure: Failed to split wa logs from master and regionserver attached
13427099,migrate hbase-thirdparty PR,Resolved,Major,Fixed,
13426827,migrate hbase-native-client PR job,Resolved,Major,Fixed,
13426931,Performance regression in asyncwal,Open,Major,,"I've been doing load testing of hbase2, using hadoop 3.3.1 (client and server). Comparing the results to an identical cluster running hbase/hadoop cdh5.16.2 (hbase ~1.2.0, hadoop ~2.6.0). With a heavy write workload I would consistently see 99th percentile sync times of 5-6ms in cdh5, but 20-30ms in hbase2. Configuring hbase2 to use 'filesystem' wal provider mostly resolves this regression, resulting in latencies of 6-8ms. So still a little slower than cdh5, but much more reasonable. Unfortunately I don't have a lot of flexibility in my environment to try various versions of hadoop. I didn't notice any exceptions or anything to indicate an API problem with hadoop 3.3.1, this may just be a general regression in the 2.x branch. I briefly tried profiling wall clock time and the process was dominated by waiting in SyncFuture.get. I haven't dug deep enough into the code yet to know how to identify a bottleneck in whatever threads are responsible for completing those futures. One thing to note, I tried enabling hbase.wal.async.use-shared-event-loop but noticed no difference."
13426825,migrate hhbase-operator-tools PR job,Resolved,Major,Fixed,
13426821,migrate hbase-connectors PR job,Resolved,Major,Fixed,
13424121,migrate website generation,Resolved,Major,Fixed,
13425829,Changes to hbase-client should result in pre-commit testing of hbase-server,Open,Major,,The client is an integral component of hbase-server. Our pre-commit check should hold a PR accountable to the hbase-server module when proposing changes to hbase-client.
13424938,Remove 2.3 from Downloads page,Resolved,Major,Fixed,
13424934,Remove jenkins files from branch-2.3,Resolved,Major,Fixed,Remove jenkins files as 2.3 reached EOL.
13422629,Standalone unit test in hbase-examples,Resolved,Major,Fixed,"Andor is already working on this with nimbus, but filing this for him. We should have a unit test which exercises the oauth bearer authentication mechanism so that we know if the feature is functional at a basic level (without having to set up on OAuth server)."
13421704,Initial commit with basic functionality and example code,Resolved,Major,Fixed,
13422547,Remove deprecated methods in MasterObserver,Resolved,Major,Fixed,We have several methods which are marked as deprecated and should be removed in 3.0.0.
13423591,[Flakey Tests] TestBackupStatusProgress fails opaquely waiting on YARN,Open,Major,,"The test failed with only this message, followed by a thread dump. Apparently something timed out. {noformat} [ERROR] org.apache.hadoop.hbase.backup.TestBackupStatusProgress Time elapsed: 0.175 s <<< ERROR! org.apache.hadoop.yarn.exceptions.YarnRuntimeException: java.util.concurrent.TimeoutException: Timed out waiting for condition. Thread diagnostics: {noformat} The junit ""main"" thread in the dump looks like, {noformat} ""Time-limited test"" daemon prio=5 tid=21 runnable java.lang.Thread.State: RUNNABLE at java.lang.Thread.dumpThreads(Native Method) at java.lang.Thread.getAllStackTraces(Thread.java:1610) at org.apache.hadoop.test.TimedOutTestsListener.buildThreadDump(TimedOutTestsListener.java:87) at org.apache.hadoop.test.TimedOutTestsListener.buildThreadDiagnosticString(TimedOutTestsListener.java:73) at org.apache.hadoop.test.GenericTestUtils.waitFor(GenericTestUtils.java:389) at org.apache.hadoop.mapreduce.v2.MiniMRYarnCluster$JobHistoryServerWrapper.serviceStart(MiniMRYarnCluster.java:260) at org.apache.hadoop.service.AbstractService.start(AbstractService.java:194) at org.apache.hadoop.service.CompositeService.serviceStart(CompositeService.java:121) at org.apache.hadoop.yarn.ser"
13423587,[Flakey Tests] TestHBCKSCPUnknown.test fails while scheduling,Open,Major,,{noformat} [ERROR] org.apache.hadoop.hbase.master.procedure.TestHBCKSCPUnknown.test Time elapsed: 89.103 s <<< FAILURE! java.lang.AssertionError: expected:<1> but was:<0> at org.junit.Assert.fail(Assert.java:89) at org.junit.Assert.failNotEquals(Assert.java:835) at org.junit.Assert.assertEquals(Assert.java:647) at org.junit.Assert.assertEquals(Assert.java:633) at org.apache.hadoop.hbase.master.procedure.TestHBCKSCPUnknown.scheduleHBCKSCP(TestHBCKSCPUnknown.java:51) at org.apache.hadoop.hbase.master.procedure.TestHBCKSCP.test(TestHBCKSCP.java:138) at sun.reflect.NativeMethodAccessorImpl.invoke0(Native Method) at sun.reflect.NativeMethodAccessorImpl.invoke(NativeMethodAccessorImpl.java:62) at sun.reflect.DelegatingMethodAccessorImpl.invoke(DelegatingMethodAccessorImpl.java:43) at java.lang.reflect.Method.invoke(Method.java:498) at org.junit.runners.model.FrameworkMethod$1.runReflectiveCall(FrameworkMethod.java:59) at org.junit.internal.runners.model.ReflectiveCallable.run(ReflectiveCallable.java:12) at org.junit.runners.model.FrameworkMethod.invokeExplosively(FrameworkMethod.java:56) at org.junit.internal.runners.statements.InvokeMethod.evaluate(InvokeMethod.java:17) at org.junit.int
13423576,[Flakey Tests] TestThriftSpnegoHttpServer violates SystemExitRule,Open,Major,,{noformat} [ERROR] org.apache.hadoop.hbase.thrift.TestThriftSpnegoHttpServer.testRunThriftServer Time elapsed: 7.604 s <<< ERROR! org.apache.hadoop.hbase.SystemExitRule$SystemExitInTestException at org.apache.hadoop.hbase.TestSecurityManager.checkExit(TestSecurityManager.java:32) at java.lang.Runtime.exit(Runtime.java:107) at java.lang.System.exit(System.java:973) at org.apache.hadoop.hbase.thrift.ThriftServer$2.run(ThriftServer.java:873) at java.security.AccessController.doPrivileged(Native Method) at javax.security.auth.Subject.doAs(Subject.java:360) at org.apache.hadoop.security.UserGroupInformation.doAs(UserGroupInformation.java:1709) at org.apache.hadoop.hbase.thrift.ThriftServer.run(ThriftServer.java:859) at org.apache.hadoop.hbase.thrift.ThriftServerRunner.run(ThriftServerRunner.java:55) {noformat}
13423574,[Flakey Tests] TestBindExceptionHandling.testProtocolPortClash doesn't assert clean starting point,Open,Major,,"Looks like the metrics subsystem is not being reset between test runs. {noformat} [ERROR] org.apache.hadoop.hbase.thrift.TestBindExceptionHandling.testProtocolPortClash Time elapsed: 6.441 s <<< ERROR! org.apache.hadoop.metrics2.MetricsException: Metrics source Thrift,sub=ThriftOne already exists! at org.apache.hadoop.metrics2.lib.DefaultMetricsSystem.newSourceName(DefaultMetricsSystem.java:152) at org.apache.hadoop.metrics2.lib.DefaultMetricsSystem.sourceName(DefaultMetricsSystem.java:125) at org.apache.hadoop.metrics2.impl.MetricsSystemImpl.register(MetricsSystemImpl.java:229) at org.apache.hadoop.hbase.metrics.BaseSourceImpl.<init>(BaseSourceImpl.java:119) at org.apache.hadoop.hbase.metrics.ExceptionTrackingSourceImpl.<init>(ExceptionTrackingSourceImpl.java:47) at org.apache.hadoop.hbase.thrift.MetricsThriftServerSourceImpl.<init>(MetricsThriftServerSourceImpl.java:58) at org.apache.hadoop.hbase.thrift.MetricsThriftServerSourceFactoryImpl.createThriftOneSource(MetricsThriftServerSourceFactoryImpl.java:42) at org.apache.hadoop.hbase.thrift.ThriftMetrics.<init>(ThriftMetrics.java:77) at org.apache.hadoop.hbase.thrift.ThriftServer.createThriftMetrics(ThriftServer.java:206) at org.a"
13423161,Backport HBASE-26579 to branch-1,Resolved,Major,Fixed,Our branch-1 cluster also met the storage policy problem in usage. Backport the path to branch-1.
13422965,"This is really fantastic blog with full of knowledgeable thoughts. Readers are always like to read full informational blogs, and this is one of them. You really done great job.",Resolved,Major,Invalid,
13421812,[operator-tools] Provide a utility to detect and correct incorrect RegionInfo's in hbase:meta,Resolved,Major,Fixed,"HBASE-23328 describes a problem in which the serialized RegionInfo in the value of hbase:meta cells have an encoded regionname which doesn't match the encoded region name in the rowkey for that cell. This problem is normally harmless as assignment only consults the rowkey to get the encoded region name. However, this problem does break other HBCK2 tooling, like {{{}extraRegionsInMeta{}}}. Rather than try to update each tool to account for when this problem may be present, create a new tool which an operator can run to correct meta and then use any subsequent tools as originally intended."
13421183,TestDrainReplicationQueuesForStandBy is flakey,Open,Major,,"{{TestDrainReplicationQueuesForStandBy}} is behaving badly for me, it keeps coming up as a failure in PRs. It's been passing on master nightlies. When I checkout a recent master, {{ce2bbaf30a}}, and run the test in a loop, I see it failing with this error at a rate of about 2 in 10 tries. {noformat} [INFO] Running org.apache.hadoop.hbase.replication.regionserver.TestDrainReplicationQueuesForStandBy [ERROR] Tests run: 1, Failures: 0, Errors: 1, Skipped: 0, Time elapsed: 35.264 s <<< FAILURE! - in org.apache.hadoop.hbase.replication.regionserver.TestDrainReplicationQueuesForStandBy [ERROR] org.apache.hadoop.hbase.replication.regionserver.TestDrainReplicationQueuesForStandBy.test Time elapsed: 15.628 s <<< ERROR! java.lang.IndexOutOfBoundsException: Index 0 out of bounds for length 0 at java.base/jdk.internal.util.Preconditions.outOfBounds(Preconditions.java:64) at java.base/jdk.internal.util.Preconditions.outOfBoundsCheckIndex(Preconditions.java:70) at java.base/jdk.internal.util.Preconditions.checkIndex(Preconditions.java:248) at java.base/java.util.Objects.checkIndex(Objects.java:372) at java.base/java.util.ArrayList.get(ArrayList.java:459) at org.apache.hadoop.hbase.replication.re"
13420914,Auto-disable setCacheBlocks when large scans are detected,Open,Major,,"Block cache churn is the biggest driver of GC issues, and also impacts the performance of clients which may rely on the cache. Ideally all users would remember to call setCacheBlocks(false) on their scan before doing a large scan, but it's also easy to forget. Operators may not realize this was a problem until a job is running which is quickly churning your cache. It seems like we could provide a mechanism to detect large scans and transparently disable block caching on the server side when they might churn large portions of the cache."
13420268,Split TestMasterFailoverWithProcedures,Resolved,Major,Fixed,"For each test in it, we will start a new mini cluster. Let's split it into several tests."
13420207,Cherry-pick the ReflectionUtils improvements in HBASE-21515 to branch-2,Resolved,Major,Fixed,So we can accept null parameters when finding constructors.
13427243,MetricsStochasticBalancerSource metrics don't render in /jmx endpoint,Resolved,Minor,Fixed,"The check in JSONBean [here|https://github.com/apache/hbase/blob/master/hbase-http/src/main/java/org/apache/hadoop/hbase/util/JSONBean.java#L266] causes the balancer cost metrics to be excluded from the {{/jmx}} endpoint. I think we should just remove the check for "":"". I don't think including metrics with a colon in them poses any problem, since the strings are quoted. We removed this check in our cdh5 fork almost a year ago and have not seen any issues. Alternatively we can fix the MetricsStochasticBalancerSource metrics to emit metrics that adhere to these filters, but I think that would be a backwards incompatible change since this is only a json rendering issue and people might be consuming JMX directly."
13434643,Update downloads.xml for 2.4.11,Resolved,Minor,Fixed,
13434711,Introduce a FlushProcedure,Resolved,Minor,Fixed,Reimplement proc-v1 based flush procedure in proc-v2.
13433867,Fix flaky TestBasicWALEntryStreamFSHLog.testSizeOfLogQueue,Open,Minor,,The failed info is described in HBASE-26843.
13420758,WALPlayer should obtain token from filesystem,Resolved,Minor,Fixed,"When we use WALPlayer, we got the following exceptions: {code:java} 2021-12-27 17:20:13,388 WARN [main] org.apache.hadoop.mapred.YarnChild: Exception running child : java.io.IOException: Failed on local exception: java.io.IOException: org.apache.hadoop.security.AccessControlException: Client cannot authenticate via:[TOKEN, KERBEROS]; Host Details : local host is: ""c4-hadoop-tst-st95.bj/10.132.18.11""; destination host is: ""c4-hadoop-tst-ct01.bj"":58300; at org.apache.hadoop.net.NetUtils.wrapException(NetUtils.java:775) at org.apache.hadoop.ipc.Client.call(Client.java:1488) at org.apache.hadoop.ipc.Client.call(Client.java:1415) at org.apache.hadoop.ipc.ProtobufRpcEngine$Invoker.invoke(ProtobufRpcEngine.java:232) at com.sun.proxy.$Proxy13.getFileInfo(Unknown Source) at org.apache.hadoop.hdfs.protocolPB.ClientNamenodeProtocolTranslatorPB.getFileInfo(ClientNamenodeProtocolTranslatorPB.java:807) at sun.reflect.NativeMethodAccessorImpl.invoke0(Native Method) at sun.reflect.NativeMethodAccessorImpl.invoke(NativeMethodAccessorImpl.java:62) at sun.reflect.DelegatingMethodAccessorImpl.invoke(DelegatingMethodAccessorImpl.java:43) at java.lang.reflect.Method.invoke(Method.java:498) at org.apache"
13432822,Fix CME in ReplicationSourceManager,Resolved,Minor,Fixed,"Exception in thread ""regionserver/hostname/ip:port"" java.util.ConcurrentModificationException at java.util.ArrayList$Itr.checkForComodification(ArrayList.java:901) at java.util.ArrayList$Itr.next(ArrayList.java:851) at org.apache.hadoop.hbase.replication.regionserver.ReplicationSourceManager.join(ReplicationSourceManager.java:832) at org.apache.hadoop.hbase.replication.regionserver.Replication.join(Replication.java:162) at org.apache.hadoop.hbase.replication.regionserver.Replication.stopReplicationService(Replication.java:155) at org.apache.hadoop.hbase.regionserver.HRegionServer.stopServiceThreads(HRegionServer.java:2623) at org.apache.hadoop.hbase.regionserver.HRegionServer.run(HRegionServer.java:1175) at java.lang.Thread.run(Thread.java:745)"
13431803,Enhance StochasticLoadBalancer reported metrics and logs,Open,Minor,,"Sometimes we have noticeable skew in our hbase clusters but see the balancer cannot find a better plan to resolve this skew. When trying to reason about why the StochasticLoadBalancer is not taking action and appropriately tuning costs as needed, it is often hard to quickly reason about how the published metrics and output in the logs correlate and impact the balancer actions. It is also sometimes hard to reason about how a cost like the move cost (which doesnt show up in imbalance and is a hidden cost against every move in calculating a new plan) might be impacting the balancer effectiveness. It would be nice to include some additional information like the sumMultiplier and overallCost in the logs as well as publish the weighted imbalance metrics and rename the cost metrics to CostFunctionPercentage. Also additional logging for the state of the cost functions when an improved plan cannot be found would also be helpful."
13430490,Shell suspended in background,Resolved,Minor,Fixed,"The hbase shell process hangs when running in the background with piped input. {noformat} $ cat command.sh #!/bin/bash echo ""list"" | bin/hbase shell > shell.out 2>&1 $ ./command.sh & [1] 62907 $ [1] + 62907 suspended (tty output) ./command.sh{noformat} This regression was introduced with JRuby 9.1 -> 9.2 upgrade and the process hangs on this line: [https://github.com/apache/hbase/blob/master/hbase-shell/src/main/ruby/jar-bootstrap.rb#L41]"
13427251,Update protobuf-java to 3.19.4,Resolved,Minor,Fixed,"Refer, https://nvd.nist.gov/vuln/detail/CVE-2021-22569"
13426622,Metrics for tracking of active scanners,Resolved,Minor,Fixed,"Active scanners take up resources on the RegionServer. This can result in GC issues or even OOMs in cases of leaked scanners. It'd be helpful to have metrics for tracking scanners. I was thinking of: * activeScanners - a gauge, showing the number of active scanners at a point in time * scannerLeaseExpirations - a counter of lease expirations"
13435130,TableInputFormatBase should cache RegionSizeCalculator,Resolved,Minor,Fixed,"TableInputFormatBase's getSplits() method instantiates a new RegionSizeCalculator every time. Instantiating a RegionSizeCalculator involves scanning for all regionlocations for a given table in meta. This can be costly for large tables, and we don't know how often a subclass will call getSplits(). When initializeTable is called, we already cache the RegionLocator and Admin that are used for passing into the RegionSizeCalculator. We should similarly cache the RegionSizeCalculator itself at that same time to avoid unnecessary meta scans on repeat getSplits() calls."
13429192,"LICENSE handling should not allow non-aggregated ""apache-2.0""",Resolved,Minor,Fixed,"our non-aggregated license check currently allows the malformed name ""apache-2.0"". All ALv2 licenses should be aggregated. - remove ""apache-2.0"" from the {{non_aggregate_fine}} list - figure out what dependencies are referring to this license and correct them in {{supplemental-models.xml}} nice to have: maybe add a precommit check that complains if the {{non_aggregate_fine}} set is changed?"
13424517,Allow configuration of IPC queue balancer,Resolved,Minor,Fixed,"Currently we randomly assign IPC calls to queues using a RandomQueueBalancer, which relies on ThreadLocalRandom. I would like to make that configurable so that one can plug in their own queue balancer. This usefully combines with the existing ability to specify a pluggable queue type."
13425864,Allow disable of region warmup before graceful move,Resolved,Minor,Fixed,"We have encountered two issues with region warmup before the assignment manager gracefully moves a region from one regionserver to another. The first instance is HBASE-26722. Part of the failure chain is temporary double assignment like conditions where both the source and destination regionservers think they have exclusive rights to storefile management (as they should) but warmup opens a region before it is closed and then both regionservers take compaction related actions. While this can be remediated with more care to this case, it is unclear if warmup affords significant advantage. The motivation of the original commit in 2015 introducing this feature was avoidance of blockcache misses once region ownership transfer was advertised to clients. Depending on use case and additional default-false schema options (like preload) this could be valuable. Or not. The second instance is in place upgrade from HBase 1 to HBase 2. In a scenario where regionservers have been replaced by HBase 2 versions, but the master is still HBase 1, the region warmup RPC request fails. This is not particularly harmful but indicates it will not be useful during the transition period. We think it would be "
13425290,Remove 'patch' file added as part of commit for HBASE-25973,Resolved,Minor,Fixed,
13426540,Extend hbase shell 'status' command to support an option 'tasks',Resolved,Minor,Fixed,"Extend status command to support an option 'tasks', which will iterate over live regionservers and pretty print the status of any active MonitoredTasks. 1. Expose monitored tasks state in ClusterStatus API via new option in ServerLoad 2. Add shell support for interrogating monitored tasks state in ServerLoad Here is a prototype running on a small test cluster of a fork of branch-2.4: !Screen Shot 2022-02-03 at 5.57.26 PM.png!"
13429415,TestMobStoreScanner (testGetMassive) can OOME,Resolved,Minor,Fixed,"Running TestMobStoreScanner, looks like it may need to go on a diet. The test case testGetMassive will reliably OOME for me. It might be because I am using an aarch64 Java 8 JVM and surefire.Xmx as currently defined in pom.xml at 2200m is not quite enough. {noformat} 2022-02-18T17:04:04,886 ERROR [RS:0;buildbox:45315] util.OOMEChecker(40): Run out of memory; RSRpcServices will abort itself immediate ly java.lang.OutOfMemoryError: Java heap space {noformat} Where the OOME is thrown is usually not germane so the rest of the stacktrace is not included. A repeatable failure for me."
13434935,Use toStringBinary for rowkey in RegionServerCallable error string,Resolved,Minor,Fixed,"Bytes.toString does not work well with most row keys, since the row key is very unlikely to actually be a simple UTF-8 string. Bytes.toStringBinary is better"
13425884,Fix CallDroppedException reporting,Resolved,Minor,Fixed,"HBASE-26623 added a new metric for counting CallDroppedExceptions, but actually was not being incremented because the exception is thrown before it ever gets handled by the RpcServer. We need to increment the exception in the CallRunner.drop(), where the exception is thrown."
13431333,Minor code cleanup in and around RpcExecutor,Resolved,Minor,Fixed,"While working on tracing, I see some minor cleanup that can be done around the RpcExecutor class. The implementations of the {{dispatch}} methods don't actually throw the exceptions defined in their signatures, and there's some simplification to be done and checkstyle warnings to resolve while I'm in there."
13432906,Minor code cleanup in and around RpcScheduler,Resolved,Minor,Fixed,Following the coattails of HBASE-26782. See detailed compatibility discussion on https://github.com/apache/hbase/pull/4173 See a related concern regarding {{IA.LimitedPrivate}} annotations on class hierarchies on HBASE-26817.
13421904,ProfileServlet should move the output location to hbase specific directory,Resolved,Minor,Fixed,"Since ProfileServlet is forked and being used by several projects, we should allow HBase specific profile servlet to use hbase specific profiler output location rather than the common location: ""${java.io.tmpdir}/prof-output""."
13434933,RpcRetryingCallerImpl translateException ignores return value of recursive call,Resolved,Minor,Fixed,"RpcRetryingCallerImpl.translateException recurses if the translated exception is a ServiceException. The stated reason is because the ServiceException may be a RemoteException, which should be unwrapped. However, the return value of that recursion is ignored so the RemoteException is not being properly unwrapped (unless it's a DoNotRetryIOException in which case it will throw) Looking at the similar translateException call in the AsyncRpcRetryingCaller, it looks like that bug was fixed there. We should similarly fix in the blocking client for branch-2."
13433770,Fix NPE in the retry of logroller,Resolved,Minor,Fixed,"{code:java} LOG.warn(""Retry to roll log, nAttempts={}, waiting time={}ms, sleeping 1s to retry,"" + "" last excepiton= {}"", nAttempts, waitingTime, ioe.getCause().getClass().getSimpleName()); {code} ioe.getCause() maybe null."
13427208,Normalizer exits without normalizing all the tables,Resolved,Minor,Fixed,"Currently if there are multiple tables to normalize, normalizer is exiting even before iterating all the table if there is a table that doesnot require normalization here is the offending code [https://github.com/apache/hbase/blob/branch-1/hbase-server/src/main/java/org/apache/hadoop/hbase/master/HMaster.java#L1736] {code:java} List<NormalizationPlan> plans = this.normalizer.computePlansForTable(table); if (plans == null || plans.isEmpty()) { return true; } {code} this is running inside loop over tables"
13430338,"add archive directory, old WAL direcotry and disabled tables space usage information to metrics",Open,Minor,,"Currently we don't have space usage information for the archive directory, the old wal directory and disabled tables. This patch is to add this part of the information to the metric system."
13425281,[hbase-thirdparty] hbase-shaded-jersey packages unshaded classes,Resolved,Minor,Duplicate,Found artifact with unexpected contents: '/home/apurtell/src/hbase/hbase-shaded/hbase-shaded-mapreduce/target/hbase-shaded-mapreduce-2.5.0-SNAPSHOT.jar' com/sun/activation/ javax/activation/ javax/xml/bind/
13437094,Bump checkstyle from 8.28 to 8.29,Resolved,Minor,Fixed,Dependabot generated pull request. Bumps checkstyle from 8.28 to 8.29. The security fix is disabling the 'external-parameter-entities' feature by default.
13434553,Fix CME when closing region,Resolved,Minor,Won't Fix,"KeyValueHeap.scannersForDelayedClose is not thread safe, CME might occurs when closing a scanning region, who is adding scanners to the delayed close list. {code:java} 2022-03-18 17:24:17,435 INFO [regionserver/hostname/ip:16020-splits-0] regionserver.SplitRequest: Running rollback/cleanup of failed split of hmart-waimaiups_poi_bitmap_theme_pool,,1645769651132.56363df04da85752aa67669989de19fd.; java.util.ConcurrentModificationException java.io.IOException: java.util.ConcurrentModificationException at org.apache.hadoop.hbase.regionserver.HRegion.doClose(HRegion.java:1767) at org.apache.hadoop.hbase.regionserver.HRegion.close(HRegion.java:1593) at org.apache.hadoop.hbase.regionserver.SplitTransactionImpl.stepsBeforePONR(SplitTransactionImpl.java:394) at org.apache.hadoop.hbase.regionserver.SplitTransactionImpl.createDaughters(SplitTransactionImpl.java:276) at org.apache.hadoop.hbase.regionserver.SplitTransactionImpl.execute(SplitTransactionImpl.java:567) at org.apache.hadoop.hbase.regionserver.SplitRequest.doSplitting(SplitRequest.java:82) at org.apache.hadoop.hbase.regionserver.SplitRequest.run(SplitRequest.java:156) at java.util.concurrent.ThreadPoolExecutor.runWorker(ThreadPoolExe"
13435875,Add unit test for custom RpcControllerFactory's ability to overwrite priorities,Resolved,Minor,Fixed,We're planning on using the pluggable nature of RpcControllerFactory to send along custom priorities that are calculated based on some special logic in our stack. Unfortunately it's virtually impossible to test this from user code. On the other hand it's relatively easy to test within the hbase codebase. We should add a test class which verifies for users that this logic works. Then it's just up to them to test their own implementation of their HBaseRpcController rather than do the full integration test.
13435960,Make MetricsConnection scope configurable,Resolved,Minor,Fixed,"Currently MetricsConnection scope is just the connection.toString(), which is typically the default toString() implementation for an object. This is not very useful for identifying different connections in processes that might connect to multiple clusters or maintain different connections to the same cluster. We can add a new config param ""hbase.client.metrics.scope"" which defaults to connection.toString()."
13435215,Misspelling commands in hbase shell will crash the shell,Resolved,Minor,Fixed,"Misspelling commands in hbase shell will crash the shell, e.g. {noformat} hbase:001:0> hlep NameError: undefined local variable or method `hlep' for #<HBaseReceiver:0x1610c03c> Did you mean? help evaluate at (hbase):1 eval at org/jruby/RubyKernel.java:1048 evaluate at uri:classloader:/META-INF/jruby.home/lib/ruby/stdlib/irb/workspace.rb:85 evaluate at uri:classloader:/META-INF/jruby.home/lib/ruby/stdlib/irb/context.rb:380 eval_input at uri:classloader:/irb/hirb.rb:112 signal_status at uri:classloader:/META-INF/jruby.home/lib/ruby/stdlib/irb.rb:623 eval_input at uri:classloader:/irb/hirb.rb:109 each_top_level_statement at uri:classloader:/META-INF/jruby.home/lib/ruby/stdlib/irb/ruby-lex.rb:246 loop at org/jruby/RubyKernel.java:1442 each_top_level_statement at uri:classloader:/META-INF/jruby.home/lib/ruby/stdlib/irb/ruby-lex.rb:232 catch at org/jruby/RubyKernel.java:1189 each_top_level_statement at uri:classloader:/META-INF/jruby.home/lib/ruby/stdlib/irb/ruby-lex.rb:231 eval_input at uri:classloader:/irb/hirb.rb:108 run at uri:classloader:/META-INF/jruby.home/lib/ruby/stdlib/irb.rb:428 catch at org/jruby/RubyKernel.java:1189 run at uri:classloader:/META-INF/jruby.home/lib/ruby/stdlib"
13436473,Bump httpclient from 4.5.3 to 4.5.13,Resolved,Minor,Fixed,Dependabot auto-generated dependency upgrade: https://github.com/apache/hbase/pull/4291 We can't accept the dependabot PR as-is because it causes a unit test failure. Bump the dependency and fix the test by hand. There is a comment in our POM indicating this is a known issue: {noformat} <!-- Updating the httpclient will break hbase-rest. It writes out URLs with '//' in it especially when writing out 'no column families'. Later httpclients collapse the '//' into single '/' as double-slash is not legal in an URL. Breaks #testDelete in TestRemoteTable. --> {noformat} Staying back on a version of httpclient with CVE listed vulnerabilities just for this isn't a good option.
13436470,Bump bcprov-jdk15on from 1.60 to 1.67,Resolved,Minor,Fixed,Dependabot generated dependency upgrade. https://github.com/apache/hbase/pull/4292
13436478,[REST] Client must disable URI normalization,Resolved,Minor,Won't Fix,"There is a comment in our POM indicating we cannot upgrade httpclient, which is problematic. {noformat} <!-- Updating the httpclient will break hbase-rest. It writes out URLs with '//' in it especially when writing out 'no column families'. Later httpclients collapse the '//' into single '/' as double-slash is not legal in an URL. Breaks #testDelete in TestRemoteTable. --> {noformat} This behavior in httpclient manifests when URI normalization is enabled, which is the default. The client must disable it, Otherwise some required URI constructions for performing various actions against the REST gateway are impossible."
13434426,Split TestSnapshotProcedure to several smaller tests,Resolved,Minor,Fixed,TestSnapshotProcedure is too big. It's easy to timeout.
13434106,[Documentation] Point out compatibility issues with WAL Compression and Replication in doc,Resolved,Minor,Fixed,"Could see details in HBASE-26849. We had a discuss in dev mail list, and decided to point out this problem in doc."
13433730,Fix compatibility issues in 2.4.11RC0,Resolved,Minor,Fixed,"package org.apache.hadoop.hbase.http SecurityHeadersFilter LimitedPrivate(CONFIG) Removed method: SecurityHeadersFilter.getDefaultParameters ( Configuration conf ) [static] : Map<String,String> package org.apache.hadoop.hbase.filter RandomRowFilter Public Field random of type java.util.Random has been removed from this class. A client program may be interrupted by NoSuchFieldError exception."
13433871,Move AsyncProcess configs to HConstants,Open,Minor,,"AsyncProcess has a few public static config constants, but the class itself is package-private so users cannot access them. Moving them to HConstants will make it easier for users to change these settings: {code:java} hbase.client.primaryCallTimeout.multiget hbase.client.start.log.errors.counter hbase.client.log.batcherrors.details hbase.client.log.detail.period.ms {code}"
13433873,Move ConnectionImplementation public configs to HConstants,Open,Minor,,"ConnectionImplementation has a few public static config constants, but the class itself is package-private so users cannot access them. Moving them to HConstants will make it easier for users to change these settings: {code:java} hbase.client.retries.by.server hbase.resolve.hostnames.on.failure {code} Note: AsyncConnectionImpl also separately defines the second config, so we can unify them both in HConstants."
13433870,Expose meta lookup configs in HConstants,Open,Minor,,"This makes it easier for clients to set this config in an upgrade-compatible way. In other words, if a future release changes or removes these configs it will be clear to users because imports will break. Otherwise hbase may start silently ignoring these fields: {code:java} hbase.hconnection.meta.lookup.threads.max hbase.hconnection.meta.lookup.threads.core{code}"
13433515,MultiRowRangeFilter does not appear in hbase-client/src/main/java/org/apache/hadoop/hbase/filter/ParseFilter.java,Resolved,Minor,Works for Me,"You can instantiate a Filter using the REST API. For Instance, the following is the body of the POST request against the REST API that instantiates a filter list comprised of a RowFilter and a ColumnRangeFilter: <Scanner><filter>{""type"": ""FilterList"", ""op"": ""MUST_PASS_ALL"", ""filters"": [\{""type"": ""RowFilter"", ""op"": ""EQUAL"", ""comparator"": {""type"": ""BinaryComparator"", ""value"": ""Rm1vYy1BbGFuaW5lLU5lZ2F0aXZlLUNFLVJhbXAtRm1vYy1BbGFuaW5lIFtNLUhdLS0wMDAwMDAwMDA5NDk5""}}, \{""type"": ""ColumnRangeFilter"", ""minColumn"": ""MDAwNTAuMDI2OTA="", ""minColumnInclusive"": true, ""maxColumn"": ""MDA1MDAuMDI2OTA="", ""maxColumnInclusive"": true}]}</filter></Scanner> However, it seems impossible to do that with a MultiRowRangeFilter (using the REST API). Upon closer look, this class does not seem to appear in the ParseFilter class (hbase-client/src/main/java/org/apache/hadoop/hbase/filter/ParseFilter.java). It is completely missing."
13432945,Bump dependencies in /dev-support/git-jira-release-audit,Resolved,Minor,Fixed,Bumps urllib3 from 1.25.8 to 1.26.5 to resolve two dependabot warnings - CRLF injection (Moderate) urllib3 (pip) · dev-support/git-jira-release-audit/requirements.txt - Catastrophic backtracking in URL authority parser when passed URL containing many @ characters (High) urllib3 (pip) · dev-support/git-jira-release-audit/requirements.txt Bumps cryptography from 2.8 to 3.3.2 to resolve one dependabot warning - RSA decryption vulnerable to Bleichenbacher timing vulnerability (Moderate) cryptography (pip) · dev-support/git-jira-release-audit/requirements.txt
13431575,Implement ScanInfo#toString,Resolved,Minor,Fixed,We don't have ScanInfo#toString. We use ScanInfo while creating StoreScanner which is used in preFlushScannerOpen in co-proc.
13423935,"[HBase-Client] In some cases, no value is obtained using method Result.getValue()",Resolved,Minor,Not A Problem,"Results are not sorted during the query by Result.getValue(). As a result, existing values cannot be queried. In normal cases, the results by get or scan are sorted and this problem does not occur. However, in some cases, such as when the HFile file is read by MR and the cells obtained are combined as result by rowkey, there is no sorting. Result.getvalue (byte [] family, byte [] qualifier) is null. * The test results are shown in the figures !1.png!!2.png![^Test.java]"
13427413,"In the multi-instance deployment scenario, the specific instance that fails to synchronize cannot be queried",Open,Minor,,"In the multi-instance deployment scenario, the specific instance that fails to synchronize cannot be queried since it only output the hostname of RegionServer"
13427946,Fix flappy test TestSimpleRegionNormalizerOnCluster.java,Resolved,Minor,Fixed,TestSimpleRegionNormalizerOnCluster.java can hang after HBASE-26744 The assumption that order of HTable list is sorted is wrong so depending on that order can cause the test to hang or be inaccurate
13424428,"Make ageOfLastShip, ageOfLastApplied extend TimeHistogram instead of plain histogram.",Resolved,Minor,Fixed,Currently age of last ship metric is an instance of an Histogram type. [Here|https://github.com/apache/hbase/blob/master/hbase-hadoop-compat/src/main/java/org/apache/hadoop/hbase/replication/regionserver/MetricsReplicationGlobalSourceSourceImpl.java#L58] {quote} ageOfLastShippedOpHist = rms.getMetricsRegistry().getHistogram(SOURCE_AGE_OF_LAST_SHIPPED_OP); {quote} We can change it to TimeHistogram so that we get the range information also.
13425171,NPE caused by converting uppercase hostname to lowercase in RegionMover,Open,Minor,,"In HBASE-19456, we introduced case-insensitivity feature in RegionMover and converted uppercase hostnames to lowercase hostnames. But this maybe causes that we can't get the rsgroup info of unloading server, because the addresses in hbase are case insensitive. This will make org.apache.hadoop.hbase.util.TestRegionMoverWithRSGroupEnable fail. 2022-01-27T20:53:31,948 INFO [Time-limited test] util.TestRegionMoverWithRSGroupEnable(127): Unloading {*}VM{*}-154-75-centos 2022-01-27T20:53:31,959 INFO [RpcServer.default.FPBQ.Fifo.handler=2,queue=0,port=49232] master.MasterRpcServices(3011): rsGroupInfo of {*}vm{*}-154-75-centos:39126 is null 2022-01-27T20:53:31,961 INFO [pool-332-thread-1] util.RegionMover(419): rsgroup of {*}vm{*}-154-75-centos:39126 is null 2022-01-27T20:53:31,961 ERROR [pool-332-thread-1] util.RegionMover(471): Error while unloading regions java.lang.NullPointerException: null at org.apache.hadoop.hbase.util.RegionMover.lambda$unloadRegions$3(RegionMover.java:421) ~[classes/:?] at java.util.concurrent.FutureTask.run(FutureTask.java:266) [?:1.8.0_292] at java.util.concurrent.ThreadPoolExecutor.runWorker(ThreadPoolExecutor.java:1149) [?:1.8.0_292] at java.util.concurrent."
13423690,Backport HBASE-24443 Refactor TestCustomSaslAuthenticationProvider,Resolved,Minor,Fixed,Test execution times for TestCustomSaslAuthenticationProvider on branch-2 takes 24 minutes. The refactored tests after HBASE-24443 on master succeed in just under 2 * 2 minutes.
13423941,Throw exception if region has same start key when writePartitions use HFileOutputFormat2,Open,Minor,,"Some exception info is not friendly in MapReduce task log such as: {code:java} 2022-01-21 06:23:39,156 WARN [main] org.apache.hadoop.mapred.YarnChild: Exception running child : java.lang.IllegalArgumentException: Can't read partitions file at org.apache.hadoop.mapreduce.lib.partition.TotalOrderPartitioner.setConf(TotalOrderPartitioner.java:116) at org.apache.hadoop.util.ReflectionUtils.setConf(ReflectionUtils.java:73) at org.apache.hadoop.util.ReflectionUtils.newInstance(ReflectionUtils.java:133) at org.apache.hadoop.mapred.MapTask$NewOutputCollector.<init>(MapTask.java:719) at org.apache.hadoop.mapred.MapTask.runNewMapper(MapTask.java:797) at org.apache.hadoop.mapred.MapTask.run(MapTask.java:344) at org.apache.hadoop.mapred.YarnChild$2.run(YarnChild.java:169) at java.security.AccessController.doPrivileged(Native Method) at javax.security.auth.Subject.doAs(Subject.java:422) at org.apache.hadoop.security.UserGroupInformation.doAs(UserGroupInformation.java:1865) at org.apache.hadoop.mapred.YarnChild.main(YarnChild.java:163) Caused by: java.io.IOException: Wrong number of partitions in keyset at org.apache.hadoop.mapreduce.lib.partition.TotalOrderPartitioner.setConf(TotalOrderPartitio"
13423942,Throw exception if region has same start key when writePartitions use HFileOutputFormat2,Resolved,Minor,Duplicate,"Some exception info is not friendly in MapReduce task log such as: {code:java} 2022-01-21 06:23:39,156 WARN [main] org.apache.hadoop.mapred.YarnChild: Exception running child : java.lang.IllegalArgumentException: Can't read partitions file at org.apache.hadoop.mapreduce.lib.partition.TotalOrderPartitioner.setConf(TotalOrderPartitioner.java:116) at org.apache.hadoop.util.ReflectionUtils.setConf(ReflectionUtils.java:73) at org.apache.hadoop.util.ReflectionUtils.newInstance(ReflectionUtils.java:133) at org.apache.hadoop.mapred.MapTask$NewOutputCollector.<init>(MapTask.java:719) at org.apache.hadoop.mapred.MapTask.runNewMapper(MapTask.java:797) at org.apache.hadoop.mapred.MapTask.run(MapTask.java:344) at org.apache.hadoop.mapred.YarnChild$2.run(YarnChild.java:169) at java.security.AccessController.doPrivileged(Native Method) at javax.security.auth.Subject.doAs(Subject.java:422) at org.apache.hadoop.security.UserGroupInformation.doAs(UserGroupInformation.java:1865) at org.apache.hadoop.mapred.YarnChild.main(YarnChild.java:163) Caused by: java.io.IOException: Wrong number of partitions in keyset at org.apache.hadoop.mapreduce.lib.partition.TotalOrderPartitioner.setConf(TotalOrderPartitio"
13423943,Throw exception if region has same start key when writePartitions use HFileOutputFormat2,Resolved,Minor,Duplicate,"Some exception info is not friendly in MapReduce task log such as: {code:java} 2022-01-21 06:23:39,156 WARN [main] org.apache.hadoop.mapred.YarnChild: Exception running child : java.lang.IllegalArgumentException: Can't read partitions file at org.apache.hadoop.mapreduce.lib.partition.TotalOrderPartitioner.setConf(TotalOrderPartitioner.java:116) at org.apache.hadoop.util.ReflectionUtils.setConf(ReflectionUtils.java:73) at org.apache.hadoop.util.ReflectionUtils.newInstance(ReflectionUtils.java:133) at org.apache.hadoop.mapred.MapTask$NewOutputCollector.<init>(MapTask.java:719) at org.apache.hadoop.mapred.MapTask.runNewMapper(MapTask.java:797) at org.apache.hadoop.mapred.MapTask.run(MapTask.java:344) at org.apache.hadoop.mapred.YarnChild$2.run(YarnChild.java:169) at java.security.AccessController.doPrivileged(Native Method) at javax.security.auth.Subject.doAs(Subject.java:422) at org.apache.hadoop.security.UserGroupInformation.doAs(UserGroupInformation.java:1865) at org.apache.hadoop.mapred.YarnChild.main(YarnChild.java:163) Caused by: java.io.IOException: Wrong number of partitions in keyset at org.apache.hadoop.mapreduce.lib.partition.TotalOrderPartitioner.setConf(TotalOrderPartitio"
13423593,Account for HBASE-24500 in regionInfoMismatch tool,Resolved,Minor,Fixed,"Had a coworker try to use the RegionInfoMismatch tool I added in HBASE-26656. Curiously, the tool failed on the sanity check I added. {noformat} Aborting: sanity-check failed on updated RegionInfo. Expected encoded region name 736ee6186975de6967cd9e9e242423f0 but got 323748c77dde5b05982df0285b013232. Incorrectly created RegionInfo was: {ENCODED => 323748c77dde5b05982df0285b013232, NAME => 'test4,,1642405560420_0002.323748c77dde5b05982df0285b013232.', STARTKEY => '', ENDKEY => ''} {noformat} I couldn't understand why the tool wasn't working until I hooked up a debugger and realized that the problem wasn't in my code :). The version of HBase on the system did not have the fix from HBASE-24500 included which meant that I was hitting the same ""strange behavior"", as Duo put it, in the RegionInfoBuilder ""copy constructor"". While the versions of HBase which do not have this fix are EOL in terms of Apache releases, we can easily work around this in operator-tools (which may be used by any hbase 2.x release still in the wild)."
13422738,Misspellings of hbck usage,Resolved,Minor,Fixed,"In the manual of hbck, option cleanReplicationBarrier is spelled cleanReplicationBrarier"
13422758,The threadGroup.destroy in ProcedureExecutor.join fails in some tests,Open,Minor,,"Always see it dumps the threads in the group to stdout. This is an example {noformat} java.lang.ThreadGroup[name=PEWorkerGroup,maxpri=10] Thread[HFileArchiver-1,5,PEWorkerGroup] {noformat} I guess the problem is that we create a thread pool when executing a procedure so the thread pool will inherit the thread group. Not a big problem but still a bit nasty..."
13421233,Unintuitive AccesControlClient.getUserPermissions() semantics,Open,Minor,,"The behaviour of the AccesControlClient.getUserPermissions() calls is unintuitive. It takes a tablename regex, and return the union of all permissinons on all tables that it matches. While the returned UserPermission objects do have the information on the object they apply to, this still requires post-processing the results. To get the permissions for a single table, one has to either do something like {code:java} Admin.getTablePermission(conn, ""^"" + tableName.getNameWithNamespaceInclAsString() + ""$"") {code} or post-process the results of the call. We should add some methods that return the permission for a single table / family / qualifier without making the caller jump though hoops, or at least call out the non-intuitive behavior in the Javadoc, and advise on how to use the API to get the results the caller likely wants."
13426884,[Documentation] Correct description of WAL directory,Resolved,Trivial,Fixed,"h3. [Write Ahead Log (WAL)|https://hbase.apache.org/book.html#purpose.wal] {quote}The WAL resides in HDFS in the _/hbase/WALs/_ directory, with subdirectories per region. {quote} The subdirectory should belong to RegionServer."
13424321,KafkaProxy enablePeer parameter mismatch,Resolved,Trivial,Fixed,"In KafkaProxy class, enable peer by setting ""e"" {code:java} options.addOption(""e"", ""enablepeer"", false, ""enable peer on startup (defaults to false)""); {code} but it actually uses ""a"": {code:java} if (commandLine.hasOption('a')){ createPeer=true; } if (commandLine.hasOption(""a"")){ enablePeer=true; }{code}"
13600308,Proper bulk load tracking,Open,Critical,,"As part of the incremental backup mechanism, HBase tracks which files were bulk-loaded (since the last backup). This data is stored in the backup:system_bulk table. Entries are added when a bulk load occurs through the BackupObserver co-processor. Entries are deleted when an incremental backup is completed. There are 2 flaws in this implementation: 1) Performing a full backup should clear the list. Imagine following scenario: * Create a full backup B1 of table T. * Perform a bulk load L1. * Take a full backup B2 of table T. * Take an incremental backup of table T. ** The data stored for this backup will include L1, even though that data is already present due to B2. (This is an inefficiency, not a real error.) 2) Performing a table deletion should clear the list of bulk-loaded files. Imagine the following scenario: * Create a full backup of table T. * Perform a bulk-load B1 into T. * Disable, delete and recreate T. * Create an incremental backup (taking a full backup instead is similar to the previous case) ** The backup will contain B1, even though it doesn't belong there. Note that this *can also cause backup corruption* after a backup restores (which is how we encountered this i"
13601221,"When StoreFileTracker is FILE, unable to recognize StoreFileListFile after upgrade from 2.5 to 2.6",Resolved,Critical,Fixed,"h1. Symptoms After upgrading from HBase 2.5.10 to HBase 2.6.1, I observed an inconsistent read across versions. Before the upgrade, I created a table with one row. Invoking a count command returns 1. After upgrading to 2.6.1, execute the same count command, it returns 0. {code:java} count 'test' Old Version Result: 1 row(s) Took 0.5582 seconds => 1 New Version Result: 0 row(s) Took 1.4439 seconds => 0 {code} h1. Reproduce It can be reproduced deterministically with the following steps Step1: Start up the HBase cluster in 2.5.10 and execute the following commands {code:java} create 'test', 'cf', CONFIGURATION => {'hbase.store.file-tracker.impl' => 'FILE'} put 'test', 'row', 'cf:q', 'value'{code} Step2: Execute the count command in the old version {code:java} count 'test' 1 row(s) Took 0.5582 seconds => 1 {code} Step3: Stop the entire cluster, upgrade to 2.6.1 and execute the same count command {code:java} count 'test' 0 row(s) Took 0.0842 seconds => 0{code} h1. Analysis The names of {{StoreFileListFile}} differ between the two versions: * In 2.5.10: {{f1}} or {{f2}} * In 2.6.1: {{{}f1.{timestamp{}}}} or {{{}f2.{timestamp{}}}} The addition of a timestamp to the file name was introduc"
13599371,Static resources are not loaded on REST web UI pages in dev mode,Patch Available,Major,,"The HBase REST server component has a web UI (exposes an info servlet on the hbase.rest.info.port, default: 8085). While working on HBASE-28832 noticed that with the git cloned project, started REST server, on these REST web UI pages the static resources (images, CSS, JS files) are not loaded (server responds with HTTP 404 Not Found). !image-2024-11-20-12-38-16-447.png|width=453,height=323! In the downloaded HBase 2.5.9 distribution (production release) this was still working: !screenshot-1.png|width=543,height=228!"
13601594,Phase 1: Enhance the full backup command to support continuous backups by introducing an additional flag,In Progress,Major,,
13599532,Enhancing WALPlayer for Continuous Backup Capabilities,In Progress,Major,,"*Add Support for Bulk-Loaded Files in WALPlayer* Currently, WALPlayer lacks support for bulk-loaded files. We need to add functionality to handle bulk-loaded files both during the batching of WALs to generate HFiles and while replaying the WALs"
13599496,Port HBASE-26932 to branch-3,Resolved,Major,Fixed,"HBASE-26932 is landed before branch-3 is cut, we should include it in branch-3 too."
13599530,Developing a Custom ReplicationEndpoint to Support External Storage Integration,In Progress,Major,,"*Develop a Custom Replication Endpoint* Implement a custom replication endpoint to support the backup of WALs to external storage systems, such as HDFS-compliant storages (including HDFS, S3, ADLS, and GCS via respective Hadoop connectors). *Support for Bulk-loaded Files* Add functionality to back up bulk-loaded files in addition to regular WALs. *Ensure Process Durability* Ensure the backup process is durable, with no WALs being missed, even in the event of issues in the cluster."
13599770,Implement Custom ReplicationEndpoint to Enable WAL Backup to External Storage,Resolved,Major,Fixed,
13594357,Incremental backup test missing explicit test for bulkloads,Open,Major,,"Our incremental backup tests don't explicitly test our ability to backup and restore bulkloads. It'd be nice to have this to verify bulkloads work in the context of the backup/restore flow, and to avoid regressions in the future"
13599462,Alter table causes AccessDeniedException at the client side,In Progress,Major,,"When altering a table there is a chance that the client catches some AccessDeniedExceptions: {code:java} #444021290, table=***, attempt=1/5 failed=1ops, last exception: org.apache.hadoop.hbase.security.AccessDeniedException: org.apache.hadoop.hbase.security.AccessDeniedException: Insufficient permissions (user=***, scope=default:***, family=***, params=[table=***,family=***],action=WRITE) at org.apache.hadoop.hbase.security.access.AccessController.prePut(AccessController.java:1388) at org.apache.hadoop.hbase.coprocessor.RegionObserver.prePut(RegionObserver.java:413) at org.apache.hadoop.hbase.regionserver.RegionCoprocessorHost$23.call(RegionCoprocessorHost.java:907) at org.apache.hadoop.hbase.regionserver.RegionCoprocessorHost$23.call(RegionCoprocessorHost.java:904) at org.apache.hadoop.hbase.coprocessor.CoprocessorHost$ObserverOperationWithoutResult.callObserver(CoprocessorHost.java:558) at org.apache.hadoop.hbase.coprocessor.CoprocessorHost.execOperation(CoprocessorHost.java:631) at org.apache.hadoop.hbase.regionserver.RegionCoprocessorHost.prePut(RegionCoprocessorHost.java:904) at org.apache.hadoop.hbase.regionserver.HRegion$MutationBatchOperation.callPreMutateCPHook(HRegion.jav"
13601645,Replace some deprecated calls,Resolved,Major,Fixed,"While working on https://issues.apache.org/jira/browse/HBASE-28832 I noticed that there are several calls to deprecated methods. * {{java.net.URLEncoder.encode()}} - Deprecated. The resulting string may vary depending on the platform's default encoding. Instead, use the encode(String,String) method to specify the encoding. * java.net.URLEncoder.encode(String) -> java.net.URLEncoder.encode(String, Charset) * org.apache.hadoop.util.StringUtils.humanReadableInt(long) -> org.apache.hadoop.util.StringUtils.TraditionalBinaryPrefix.long2String(long, """", 1) * org.apache.hadoop.fs.FileSystem.getLength(Path) -> getFileStatus(Path).getLen() * org.apache.hadoop.hbase.ServerName.getStartcode() -> org.apache.hadoop.hbase.ServerName.getStartCode() These will not be replaced as we'd need to add commons-text dependency which was decided no to do (see PR): * {{org.apache.commons.lang3.StringEscapeUtils.escapeHtml4()}} - Deprecated As of 3.6, use Apache Commons Text [StringEscapeUtils|https://commons.apache.org/proper/commons-text/javadocs/api-release/org/apache/commons/text/StringEscapeUtils.html] instead * {{org.apache.commons.lang3.StringEscapeUtils.escapeXml()}} - Deprecated As of 3.6, use Apache"
13595719,Soft drop for destructive table actions,Open,Major,,"When we administratively drop a table column or entire table, or truncate a table, the process begins rapidly. Procedures are scheduled for immediate execution that then modify or remove descriptors and state in META and on disk, and take unrecoverable actions at the HDFS layer. Although HFiles are copied to the archive in a destructive action, recovery scenarios are not automatic and involve some operator labor to reconstruct the table and re-import the archived data. If the HFileCleaner is not properly configured to facilitate such recovery then some data is not recoverable soon after procedure execution commences and all affected data is not recoverable within minutes. A customer faced with such an accident will be unhappy because the recovery scenarios available to them from this will involve either a restore from backup or from an earlier snapshot, and any changes committed more recently than the time of the last backup or last snapshot will be lost. An effective solution is very simple: We can easily prevent the deletion of the HFiles of a deleted table or table column family by taking a snapshot of the table immediately prior to taking any destructive actions. We set a TTL o"
13597615,RSMobFileCleanerChore may close the StoreFileReader object which is being used by Compaction thread,Resolved,Major,Fixed,"For MOB table, RSMobFileCleanerChore is responsible for cleaning MOB files that are no longer referebced by the region located in the current RegionServer. RSMobFileCleanerChore get the the information of MOB files by reading the storefile, as fallow. ```java // RSMobFileCleanerChore.chore() sf.initReader(); byte[] mobRefData = sf.getMetadataValue(HStoreFile.MOB_FILE_REFS); byte[] bulkloadMarkerData = sf.getMetadataValue(HStoreFile.BULKLOAD_TASK_KEY); // close store file to avoid memory leaks sf.closeStoreFile(true); ``` There is an issue in here, if the StoreFileReader was not created by RSMobFileCleanerChore, but RSMobFileCleanerChore closed it, which will cause the thread that created the object to be unusable, resuting ERROR finally. Reproduction: This is an occasional problem, but the probability of its occurrence can be increased by making the following modifications. 1. Setting hbase.master.mob.cleaner.period from 24h to 10s, and restart hbase. 2. Puting some mob data into a MOB table. 3. At the same time, executing compaction command for the MOB table, and it is possible that this problem may occur. The error logs as follow. ERROR: java.io.IOException: Cannot invoke ""org.ap"
13599538,"Introduce ""pitr"" Command for Point-in-Time Recovery/Restore",In Progress,Major,,"The PITR command restores table data to a specific point in time using a combination of full backups, incremental backups, and WALs. If no end time is specified, it defaults to the current time. {*}Command{*}: {code:java} $ hbase pitr [-t <table_name[,table_name]>] [-s <backup_set_name>] [-q <name>] [-c] [-m <target_tables>] [-o] [--to-datetime <end_time>] {code} {*}Options{*}: * -to-datetime <end_time>: _(Optional)_ Specifies the end time for restoration. Defaults to the current time if not provided. {*}Description{*}: * For each specified table: * Locate the most recent full backup taken before the -to-datetime. * Apply the full backup, followed by all incremental backups up to the specified point. * Replay the WALs to bring the data to the exact state as of -to-datetime."
13600831,"POC: Ensure Continuous Backup Durability with No Missed WALs, Even During Cluster Issues",Resolved,Major,Implemented,"This task focuses on ensuring the durability of the continuous backup process for WALs, even during cluster issues, as part of implementing a custom replication endpoint for backing up WALs and bulk-loaded files to external storage systems."
13597446,WAL Split Delays Due to Concurrent WAL Splitting During worker RS Abort,In Progress,Major,,"When a worker RS gets aborted after the SplitWALRemoteProcedure got dispatched, RegionServerTracker takes care of it and [aborts the pending Operation|https://github.com/apache/hbase/blob/rel/2.5.8/hbase-server/src/main/java/org/apache/hadoop/hbase/master/procedure/RSProcedureDispatcher.java#L160] on the aborting region as part of [expireServer|https://github.com/apache/hbase/blob/rel/2.5.8/hbase-server/src/main/java/org/apache/hadoop/hbase/master/RegionServerTracker.java#L172]. It did help the parent procedure, SplitWalProcedure, to choose another worker RS but the aborting RS is also splitting the WAL. Now while creating the recovered edits both will try to write the same file. One RS that starts late for the file deletes the previous file that cause failures. h4. Logs - region server tracker marking the remove procedure failed {code:java} 2024-10-01 23:02:32,274 WARN [RegionServerTracker-0] procedure.SplitWALRemoteProcedure - Sent hdfs://hbase1a/hbase/WALs/regionserver-33.regionserver.hbase.<cluster>,XXXXX,1727362162836-splitting/regionserver-33.regionserver.hbase.<cluster>%2CXXXXX%2C1727362162836.1727822221172 to wrong server regionserver-283.regionserver.hbase.<cluster>,XXXXX,"
13596382,Abort RS if unable to sync internal markers.,Open,Major,,"RS kept on running even if it was unable to write replication marker for 5 minutes. But this issue is not specific to just replication marker. It applies to compaction marker as well as region event marker (like open, close). Sample exception trace: {noformat} 2024-10-09 10:12:21,659 ERROR [regionserver/regionserver-33:60020.Chore.3] regionserver.ReplicationMarkerChore - Exception whil e sync'ing replication tracker edit org.apache.hadoop.hbase.exceptions.TimeoutIOException: Failed to get sync result after 300000 ms for txid=15030132, WAL system stuck? at org.apache.hadoop.hbase.regionserver.wal.SyncFuture.get(SyncFuture.java:171) at org.apache.hadoop.hbase.regionserver.wal.AbstractFSWAL.blockOnSync(AbstractFSWAL.java:876) at org.apache.hadoop.hbase.regionserver.wal.FSHLog.publishSyncThenBlockOnCompletion(FSHLog.java:802) at org.apache.hadoop.hbase.regionserver.wal.FSHLog.doSync(FSHLog.java:836) at org.apache.hadoop.hbase.regionserver.wal.AbstractFSWAL.lambda$sync$3(AbstractFSWAL.java:602) at org.apache.hadoop.hbase.trace.TraceUtil.trace(TraceUtil.java:187) at org.apache.hadoop.hbase.regionserver.wal.AbstractFSWAL.sync(AbstractFSWAL.java:602) at org.apache.hadoop.hbase.regionserver"
13597488,Add coprocessor hook to authorize user based on client SSL certificate chain,In Progress,Major,,"In order to authorize the connected user based on the provided SSL client certificate chain, a new coprocessor hook is needed for Master and RegionServer, because currently there's no way to abort connection by a coprocessor when or after the user is authenticated."
13602213,s390x Nightly jobs are not running,Open,Major,,Hi [~zhangduo] This is regarding the s390x jobs that have been disabled - [https://ci-hbase.apache.org/job/HBase-Nightly-s390x/]. The last job ([https://ci-hbase.apache.org/job/HBase-Nightly-s390x/605/console]) does produce a result with some flaky test fails. Most of them fails due to timeout issue. Please let me know if there is something I can do at my end to help re-enable s390x jobs in CI.
13594184,Force CF compatibility during incremental backup,Resolved,Major,Fixed,"Incremental backups can be taken even if the table descriptor of the current table does not match the column families of the full backup for that same table. When restoring the table, we choose to use the families of the full backup. This can cause the restore process to fail if we add a column family in the incremental backup that doesn't exist in the full backup. The bulkload process will fail because it is trying to write column families that don't exist in the restore table. I think the correct solution here is to prevent incremental backups from being taken if the families of the current table don't match those of the full backup. This will force users to instead take a full backup."
13595715,ColumnFamilyMismatchException mixes IA public and private,Resolved,Major,Fixed,"The current implementation of ColumnFamilyMismatchException is IA public, but extends BackupException, which is IA private."
13601119,Provide HBase Docker Image for Integration Testing on Docker Hub or Github Packages,Open,Major,,* I noticed that documents like [https://hbase.apache.org/book.html#_get_started_with_hbase] require batch shell commands to initialize the HBase environment. * It would be nice if HBase could provide a runtime Docker image on Docker Hub or Github Packages. This would help writing unit tests for third-party libraries like *testcontainers-java* . - Some early investigation came from https://issues.apache.org/jira/browse/PHOENIX-6912 and https://issues.apache.org/jira/browse/PHOENIX-6919 . Previous test images: [https://github.com/F21/hbase-phoenix-all-in-one] [https://github.com/cloudera/opdb-docker]
13602993,Optimize read performance for accumulated delete markers on the same row or cell,Patch Available,Major,,"I have been confronted with a problem that some Get operations take several seconds. !screenshot-2.png! The reason was founded that users Put and Delete on some rows repeatedly. As delete markers are accumulated on the same row or cell, Get operations slow down. It can be reproduced by follow HBase shell commands. {code:java} create 'test', 'c' java_import org.apache.hadoop.hbase.client.Delete java_import org.apache.hadoop.hbase.TableName java_import java.lang.System con = @hbase.instance_variable_get(:@connection) table = con.getTable(TableName.valueOf('test')) 1000.times do |i| # batch 10000 deletes with different timestamps every 10 seconds now = System.currentTimeMillis() dels = 10000.times.map do |i| del = Delete.new(Bytes.toBytes('row')) del.addFamily(Bytes.toBytes('c'), now + i) end table.delete(dels) sleep(10) puts ""i - #{i}"" get 'test', 'row' end {code} {code:java} i - 0 COLUMN CELL 0 row(s) Took 0.0251 seconds ... i - 10 COLUMN CELL 0 row(s) Took 0.0412 seconds ... i - 20 COLUMN CELL 0 row(s) Took 0.0760 seconds ... i - 30 COLUMN CELL 0 row(s) Took 0.1014 seconds ... i - 40 COLUMN CELL 0 row(s) Took 0.1616 seconds ... {code} But the performance of Get operations can be op"
13601505,Remove spymemcached from assembly,Resolved,Major,Won't Do,"As discussed on the mailing list, we should remove the spymemcached client jar from the assembly. At the same time, we should add instructions in the reference guide on how to add it manually."
13598935,StoreFileInfo.isMobRefFile() would return true if the file is mob file not a reference mob file,Open,Major,,"StoreFileInfo.isMobRefFile() is used to determine whether a file is a reference MOB file created through snapshot. But StoreFileInfo.isMobRefFile() may mistakenly identify the real MOB file as a reference MOB file created through snapshot. For example: A reference MOB file, the name is t02_mob=34916d9a943a3b1fdb4a2bbeef2e3e97-d41d8cd98f00b204e9800998ecf8427e20241112464aebcdfc354fbb834d58900de1226d_6424974cfc2ba56e1c6f43c34e833a8e, StoreFileInfo.isMobRefFile() would return true for this name; A real MOb file, the name is d41d8cd98f00b204e9800998ecf8427e202411128ebcda68f97943cb80b64a00a0841a8d_6424974cfc2ba56e1c6f43c34e833a8e， StoreFileInfo.isMobRefFile() would also return true for this name."
13600330,Optimize unnecessary type castings in Scan and Get setter methods,Resolved,Major,Fixed,"In the setter methods of Scan and Get, we invoke the super class method, type cast and return the object. {code:java} public Scan setColumnFamilyTimeRange(byte[] cf, long minStamp, long maxStamp) { return (Scan) super.setColumnFamilyTimeRange(cf, minStamp, maxStamp); }{code} In profiler reports it's observed that this typecasting does take some additional cpu cycles. we can optimize this by adding an explicit return statement with current object. {code:java} public Scan setColumnFamilyTimeRange(byte[] cf, long minStamp, long maxStamp) { super.setColumnFamilyTimeRange(cf, minStamp, maxStamp); return this; }{code}"
13598077,Refactor direct interactions of HFilelink file creations to SFT interface,Resolved,Major,Fixed,"HBASE-27826 introduces tracking of Link/Reference files with StoreFileTracker interface and with that, we can have the FileBasedStoreFileTracker implementation to track Link/Reference files only using .filelist file itself and not create actual link/ref files (virtual links). To support the same, we need to refactor all the direct interactions of Ref/Link file creations to SFT layer and this change - adds a createHFilelink() api to StoreFileTrackerBase. - Moves all the creations of HFileLink (except for Snapshot which will be handled in HBASE-28863) to SFT layer"
13598049,Bump jruby to 9.4.9.0 to fix rexml CVE,Resolved,Major,Fixed,"JRuby 9.4.9.0 has been released on November 04 2024 See release notes at [https://www.jruby.org/2024/11/04/jruby-9-4-9-0.html] This release drops moderate rexml [CVE-2024-49761|https://github.com/advisories/GHSA-2rxp-v6pw-ch6m] [ |https://github.com/advisories/GHSA-2rxp-v6pw-ch6m]from our classpath with following change along with several other bugs/fixes: * REXML was updated to 3.3.9 to get recent fixes and to address [CVE-2024-49761|https://github.com/advisories/GHSA-2rxp-v6pw-ch6m], a ReDOS vulnerability. Only users parsing unsanitized XML with REXML are affected. [#8396|https://github.com/jruby/jruby/pull/8396] Also, based on our internal sonatype scanner we had following CVE due to rexml in 9.4.8.0: |THREAT|SECURITY ISSUE|CVSS SCORE|COMPONENT| |8|[CVE-2024-35176|https://nvd.nist.gov/vuln/detail/CVE-2024-35176]|7.5|rexml 3.2.5| |8|[CVE-2024-41123|https://nvd.nist.gov/vuln/detail/CVE-2024-41123]|7.5|rexml 3.2.5| |8|[CVE-2024-41946|https://nvd.nist.gov/vuln/detail/CVE-2024-41946]|7.5|rexml 3.2.5| |7|[CVE-2024-39908|https://nvd.nist.gov/vuln/detail/CVE-2024-39908]|5.3|rexml 3.2.5| Let's see which all CVEs we get rid of with this change!"
13602516,Amount of region cached in the region metrics not updated for a region immediately after it is flushed with cacheOnWrite turned on,In Progress,Major,,"An issue has been observed where if a new region is created and flushed with the configuration ""hbase.rs.cacheblocksonwrite"" is set to true, then, the region metrics does not reflect the amount of region cached for this new region. It starts reflecting the correct metric when this region is reopened for whatever reason. The steps to reproduce this issue are as follows: * Create a table {{create 'tprefetch', 'cf'}} * {{{}{}}}Insert a record in the table {{put 'tprefetch', 'row1', 'cf:col1', 'aaaaa'}} * {{{}{}}}{{{}flush 'tprefetch'{}}} After the flush, query the region metrics for this region and it will show that the region is 05 cached. This leads to the cacheAwareLoadBalancer take incorrect decisions whenever a region server is restarted. {{}}"
13595648,Deleted data reappears: Files generated by compaction interruption or failure cause deleted data to reappear,Open,Major,,"Encountered a ghost data issue in the online production environment: A business batch request simultaneously includes put and delete operations. Deleted data has a very small probability of reappearing after some time, and the problematic data is within a single region. The primary cluster has a backup cluster, and after the problematic rowkey appears in the primary cluster, it cannot be found in the backup cluster."
13599537,"Modify the ""Incremental"" Command to Leverage Existing Backed-Up WALs for Continuous Backup",Open,Major,,"The incremental backup collects all the WALs generated since the last full or incremental backup and processes them into HFiles for optimized restoration. With the new continuous backup feature, the necessary WALs are already available at the backup location and are used directly, eliminating the need to retrieve them from the source cluster. The incremental backup command itself remains unchanged. If previous backups are part of a continuous backup: Uses the WALs already backed up in the backup location. If previous backups are not part of a continuous backup: Operates as a traditional incremental backup, collecting WALs from the source cluster."
13598094,Get asyncfs working with custom SASL mechanisms,Resolved,Major,Fixed,"There are a lot of SASL changes in Hadoop 3.5. We need to somehow handle this. There are two changes we need to make: - Correctly handle SASL mechanisms that do not support QOP, like SCRAM - Correctly handle SASL mechanisms that do send a non-empty initial response."
13600535,Upgrade JAX-WS to to 2.3.7,Resolved,Major,Fixed,"The current version is old and pulls in a lot of CVEs. -The jaxws-ri artifact is for the binary assembly, jaxws-rt is the one to be used from maven.- -(Actual dependencies should be identical)-"
13599104,Change the default Hadoop 3 version to 3.4.1 on branch-2.5 and branch-2.6,Resolved,Major,Fixed,"We've already done this on the non-release branches. Opening a separate ticket to track doing the same on the non-release branches. To recap the discussion: Duo and I +1 this change. Nick has reservations, and has suggesed involving [~apurtell@yahoo.com] in the dicussion."
13601841,Backport missing UI patches to branch-2.5,Resolved,Major,Fixed,"While working on HBASE-28832, we noticed that some UI-related patches were not merged to branch-2.5, branch-2.6 or branch-2 which makes it harder to backport HBASE-28832 changes. It was suggested to identify specific JIRAs that need to be backported. Reason: it's better/easier to do that work than to maintain and enhance divergence between the branches."
13600875,Refactor assembly creation to use only DependencySets and move cached classpath creation to a new module,Resolved,Major,Fixed,"There are a few problem with the current assembly creation: * The assembly and cached classpath creation is done from the same module, even though they need to include different JARs. * To filter out the test jars, the descriptor uses a combination of moduleSets and dependencySets. * However, the results are less than ideal, as some test-related JARs are still included in the assembly, while some others have multiple versions of the same jar added to the assembly. Separating the assembly and cached classpath creation lets us build the assembly without the extra test dependencies and duplicate versions in a much simpler and more robust manner. Relying heavily on the maven dependency mechanism solves the problem of duplicate versions, and not depending on the test-related modules at all solves the problem of lingering test dependencies."
13602527,Backport missing UI patches to branch-2.6,Resolved,Major,Fixed,"While working on HBASE-28832, we noticed that some UI-related patches were not merged to branch-2.5, branch-2.6 or branch-2 which makes it harder to backport HBASE-28832 changes. It was suggested to identify specific JIRAs that need to be backported. Reason: it's better/easier to do that work than to maintain and enhance divergence between the branches."
13599536,"Extending the ""Full Backup"" Command to Enable Continuous Backup Support",In Progress,Major,,"Enhance the Full Backup command to support continuous backup functionality. This includes: * Adding new options/parameters to the backup create command that are required for continuous backup. * Creating the replication peer and replicating WALs to the specified storage location, in addition to the usual full backup process."
13602530,Backport missing UI patches to branch-2,Resolved,Major,Fixed,"While working on HBASE-28832, we noticed that some UI-related patches were not merged to branch-2.5, branch-2.6 or branch-2 which makes it harder to backport HBASE-28832 changes. It was suggested to identify specific JIRAs that need to be backported. Reason: it's better/easier to do that work than to maintain and enhance divergence between the branches. The following Jira patches were backported to branch-2 in this Jira: * HBASE-24624 Optimize table.jsp code * HBASE-25402 Sorting order by start key or end key is not considering empty start key/end key * HBASE-28778 NPE may occur when opening master-status or table.jsp or procedure.jsp while Master is initializing * HBASE-20452 Master UI: Table merge button should validate required fields before submit"
13603366,Bump jinja2 from 3.1.4 to 3.1.5 in /dev-support/flaky-tests,Resolved,Major,Fixed,
13603146,Remove the java 16 instanceof usage in BulkLoad.java,Resolved,Major,Fixed,"We still want to align the code between branch-3+ and branch-2+, so we should not use new grammers from java9+. And it also causes the mvn site command fail because checkstyle can not process the statement."
13602399,Document enable/disable_rpc_throttle shell commands,Open,Major,,"Over on HBASE-21159 we gained the nice {{disable_rpc_throttle}} shell command. However it's not mentioned in the book, so it's relatively hidden. Let's at least make mention of it in the book."
13596259,Poll SSL cert file for changes,Resolved,Major,Fixed,"At my company we have an issue with our HBase servers not reloading TLS certificate files after they change on disk. We run our HMasters inside Kubernetes Pods, and define our certificate contents as Kubernetes Secrets. Then, the Secrets are projected into the HMaster containers as files. When the value of a Secret changes, the file changes automatically. However, Kubernetes does some complicated indirection, and does not change the files directly. It swaps a new directory in with new files in it. HBase sets up a WatchService on the directory containing the TLS cert. For example, at my company, the cert is at {{{}/etc/hadoop/conf/ssl/cert/server-chain.pem{}}}. Then, events from that WatchService are delivered to a [handler method|https://github.com/apache/hbase/blob/836630422df2776287a860eff9d7104c3eca0582/hbase-common/src/main/java/org/apache/hadoop/hbase/io/crypto/tls/X509Util.java#L530] which contains this check: {code:java} Path eventFilePath = dirPath.resolve((Path) event.context()); if (filePath.equals(eventFilePath)) { shouldResetContext = true; }{code} Debug logs show why this conditional is never true: {code:java} 2024-10-21T17:48:13,659 [FileChangeWatcher-server-chain.pem"
13602405,Add a shell command for inspecting the state of enable/disable_rpc_throttle,Open,Major,,Over in HBASE-21159 we added shell commands to enable/disable rpc quotas. We should also have a command provides read-only access to the current state.
13600635,Performance regression in hot reads after split/merge,Open,Major,,"We noticed a significant performance regression which comes from HBASE-27474. In that ticket, logic is added so that we don't cache blocks that exist within a reference or a link if compactions are enabled. The issue we noticed is that we had a cluster which had compactions enabled, but compactions were a bit delayed. During the time, there were some regions which were recently split/merged and they contained references. This cluster is very hot reads and relies heavily on bloom filters. I noticed through profiles that we were spending a lot of time fetching BLOOM_CHUNK blocks from hdfs. This is almost never the case since we continually rightside the block cache to ensure all blooms are cached. In fact, we had no evictions at the time. So why weren't they getting cached? With trace logging enabled I noticed that all of the blocks being read over and over happened to come from hfiles that looked to be references. This led me to the ticket in question. This feels like a very serious regression, as it leads to substantantial impact to both hdfs and hbase in terms of request times and GC time and the host becomes fully hosed. I sort of wonder if we should revert that issue, or at the "
13601649,Introduce a new WALProvider to generate WAL files consumed by Replication,Open,Major,,"Under our current Replication implementation, all WAL files will be consumed and the data will be filtered by a table attribute REPLICATION_SCOPE_GLOBAL We are using 2.4.11 version in our production env. And we have a small group table to use the replication to do CDC, however with the growth of the number of other non-replicated tables, we met the log queue accumulation issue and the data lag grew to hours level. To solve the issue we write the tables, which has CF marked the replication_scope to global, to separated WAL files and let the replication only consume those files. The feature solved our problems and push it to the community. In our env, we have 19 tables and only 8 of them need to be replicated. There are write heavy tables in the the rest of 11. So that our business benefits a lot from this feature. The attached screenshot shows the improvement."
13600712,The RegionServer metrics of WALs is incorrect,Resolved,Major,Fixed,"RegionServer Metrics of wals (file count and file size) is incorrect. We should should recalculate every time, rather than continuously accumulating them. // MetricsRegionServerWrapperImpl.RegionServerMetricsWrapperRunnable.run() List<WALProvider> providers = regionServer.getWalFactory().getAllWALProviders(); for (WALProvider provider : providers) { numWALFiles += provider.getNumLogFiles(); walFileSize += provider.getLogFileSize(); }"
13602407,Add a banner to the masterUI when disable_rpc_throttle is active,Open,Major,,"When quotas are enabled, rpc throttling is also enabled. There's a shell command to disable rpc throttles, added in HBASE-21159. As we do with the balancer, we should display a warning banner on the master UI when the quota system is enabled but the {{disable_rpc_throttle}} has been activated."
13600555,Depend on jaxws-rt instead jaxws-ri,Resolved,Major,Fixed,"Jaxws-ri pulls in extra dependencies that are not needed for either the rest server or client: _jakarta.mail-api-1.6.3.jar_ _jakarta.persistence-api-2.2.2.jar_ _jaxb-jxc-2.3.2.jar_ _jaxb-xjc-2.3.2.jar_ _jaxws-eclipselink-plugin-2.3.2.jar_ _jaxws-rt-2.3.2.jar_ _jaxws-tools-2.3.2.jar_ _org.eclipse.persistence.asm-2.7.4.jar_ _org.eclipse.persistence.core-2.7.4.jar_ _org.eclipse.persistence.moxy-2.7.4.jar_ _org.eclipse.persistence.sdo-2.7.4.jar_ _sdo-eclipselink-plugin-2.3.2.jar_ However replacing jaxws-rt with jaxws-ri adds the following duplicate dependencies to the assembly: stax2-api-4.1.jar woodstox-core-5.1.0.jar The assembly already has several duplicate dependencies, which is tracked in HBASE-29002 ."
13602053,Restore bulkload testing to branch-2 branches,Open,Major,,"While backporting HBASE-28767 I noticed that {{TestIncrementalBackupWithBulkLoad}} wasn't present on branch-2. This is the only backups test that wasn't present. I tried to restore it but found that {{TestIncrementalBackupWithBulkLoad}} depends on {{TestBulkLoadHFiles}}, which also doesn't exist on branch-2. We should ensure basic test coverage of the bulkload features on branch-2 release lines and consider reintroducing these tests (and others?)"
13600564,Remove unrelocated JAX-WS from assembly,Resolved,Major,Fixed,HBase-rest uses thirdparty jax-ws. The only thing requiring unrelocated JAX-WS is hbase-it. (and probably even that could be replaced with the thirdparty version) There is no need to ship jax-ws in the assembly if we don't ship hbase-it.
13599684,Snapshots tab is always empty (not implemented) on Master web UI,Resolved,Major,Invalid,"While working on HBASE-28832 noticed that the Snapshots tab content on the Master web UI is always empty. !image-2024-11-22-11-14-24-161.png|width=1307,height=664! Actually the tab content div is completely empty in the .jamon file: {code:java} <div class=""tab-pane"" id=""tab_userSnapshots""> </div> {code} See: https://github.com/apache/hbase/blob/master/hbase-server/src/main/jamon/org/apache/hadoop/hbase/tmpl/master/MasterStatusTmpl.jamon#L286"
13601456,Simplify & remove reflections in FanOutOneBlockAsyncDFSOutputSaslHelper,Open,Major,,"HBASE-23833 maintained compatibility for both Hadoop 3.3 and below, using reflection to access protobuf objects. Now that HBase master branch moved up Hadoop version (3.4.1), we can remove the complex reflection hack to simplify the code. Make it less error prone."
13601130,Update logging references to org.apache.hadoop.ipc in docs and examples,Resolved,Major,Fixed,That hasn't worked for a long time. The correct subsystem is: _org.apache.hadoop.hbase.ipc_ or _org.apache.hadoop.hbase.ipc.RpcServer_ . and TRACE level is required.
13598633,Investigate integrating OpenAPI / Swagger to hbase-rest,Resolved,Major,Won't Do,Using OpenAPI / Swagger it would be possible to generate a schema file of HBase REST API. In theory the generated schema file could be used as documentation / generating API clients. Even Swagger UI could be used to have an interactive playground for the HBase REST API. Check how much HBase could gain having this.
13600299,Duplicate dependency versions in assembly,Resolved,Major,Duplicate,"When building master, I see the following duplicate dependencies in /lib in the assembly. {noformat} -rw-r--r-- 1 stoty stoty 193322 Jan 22 2020 checker-qual-2.5.2.jar -rw-r--r-- 1 stoty stoty 204610 Jan 22 2020 checker-qual-3.1.0.jar -rw-r--r-- 1 stoty stoty 36576 Jan 22 2020 jackson-module-jaxb-annotations-2.12.7.jar -rw-r--r-- 1 stoty stoty 37123 Jan 22 2020 jackson-module-jaxb-annotations-2.17.2.jar -rw-r--r-- 1 stoty stoty 44399 Jan 22 2020 jakarta.activation-api-1.2.1.jar -rw-r--r-- 1 stoty stoty 46613 Jan 22 2020 jakarta.activation-api-1.2.2.jar -rw-r--r-- 1 stoty stoty 25150 Jan 22 2020 jakarta.annotation-api-1.3.4.jar -rw-r--r-- 1 stoty stoty 25058 Jan 22 2020 jakarta.annotation-api-1.3.5.jar -rw-r--r-- 1 stoty stoty 115498 Jan 22 2020 jakarta.xml.bind-api-2.3.2.jar -rw-r--r-- 1 stoty stoty 115638 Jan 22 2020 jakarta.xml.bind-api-2.3.3.jar -rw-r--r-- 1 stoty stoty 56674 Jan 22 2020 javax.activation-api-1.2.0.jar -rw-r--r-- 1 stoty stoty 26366 Jan 22 2020 javax.annotation-api-1.2.jar -rw-r--r-- 1 stoty stoty 116120 Jan 22 2020 kerb-crypto-1.0.1.jar -rw-r--r-- 1 stoty stoty 115065 Jan 22 2020 kerb-crypto-2.0.3.jar -rw-r--r-- 1 stoty stoty 36708 Jan 22 2020 kerb-util-1.0.1.ja"
13600151,Scan endpoint returns HTTP 500 Internal Server Error when table is disabled,Resolved,Major,Won't Fix,"h2. Scenario Try to use stateless scanner a *disabled table* on REST interface. h2. Actual result Scan endpoint returns HTTP 500 Internal Server Error. {code:java} { ""servlet"":""org.apache.hbase.thirdparty.org.glassfish.jersey.servlet.ServletContainer-33c2bd"", ""message"":""Request failed."", ""url"":""/test/*"", ""status"":""500"" } {code} h2. Expected result It should NOT return HTTP 500 Internal Server Error. (?) Probably some client error status code (4xx). h2. How to reproduce * Create a new table (e.g via hbase shell, etc) * Disable the table * Try to scan the table with the [stateless scanner|https://issues.apache.org/jira/browse/HBASE-9343] REST endpoint {code:java} curl -v -X GET \ -H ""Accept: application/json"" \ ""http://localhost:8080/test/*"" ... < HTTP/1.1 500 Server Error ...{code} h2. Additional information REST server logs snippet: {code:java} 2024-11-26T08:53:25,140 WARN [qtp485475507-50 {}] server.HttpChannel: handleException /test/* com.fasterxml.jackson.databind.JsonMappingException: org.apache.hadoop.hbase.TableNotEnabledException: test (through reference chain: org.apache.hadoop.hbase.rest.TableScanResource$CellSetModelStream[""Row""])2024-11-26T08:53:25,141 WARN [qtp485475507"
13600995,bin/hbase-daemons.sh start rest does not work,Open,Major,,"The REST server cannot be started by the hbase-daemons.sh script: {noformat} 2024-12-05T10:49:02,588 INFO [main] RESTServer: ***** STARTING service 'RESTServer' ***** 2024-12-05T10:49:02,592 INFO [main] util.VersionInfo: HBase 4.0.0-alpha-1-SNAPSHOT 2024-12-05T10:49:02,592 INFO [main] util.VersionInfo: Source code repository git://stoty-Precision-5570/home/stoty/workspaces/hbase/hbase revision=c556dde144612aa71524a011e01892316ca15d57 2024-12-05T10:49:02,592 INFO [main] util.VersionInfo: Compiled by stoty on Wed Dec 4 03:33:22 PM CET 2024 2024-12-05T10:49:02,592 INFO [main] util.VersionInfo: From source with checksum 560992c1bb047ee39799a052cd32c63379cb7622c8fa8ef46f6260c9ce65f50501eb8b041b6570791fd520f39648c75d2359a5344a04b85da65532baa0fa2d7e 2024-12-05T10:49:02,730 ERROR [main] RESTServer: Could not parse: org.apache.hbase.thirdparty.org.apache.commons.cli.UnrecognizedOptionException: Unrecognized option: -Dhbase.regionserver.port=16020 at org.apache.hbase.thirdparty.org.apache.commons.cli.Parser.processOption(Parser.java:244) ~[hbase-shaded-miscellaneous-4.1.9.jar:4.1.9] at org.apache.hbase.thirdparty.org.apache.commons.cli.Parser.parse(Parser.java:176) ~[hbase-shaded-miscellaneo"
13600408,Cannot split hbase:quota table when quota enforcement is enabled,Resolved,Major,Fixed,"When quotas are enabled, splitting the quota table fails due to the namespace region quotas system being partially initialized. {noformat} 2024-11-28T14:11:38,672 ERROR [PEWorker-2 {}] procedure2.ProcedureExecutor(1844): CODE-BUG: Uncaught runtime exception: pid=7, state=RUNNABLE:SPLIT_TABLE_REGION_PRE_OPERATION, hasLock=true; SplitTableRegionProcedure table=hbase:quota, parent=3c1dbd551845ed2e8033b76570c6d8f6, daughterA=a8f5e70728d93859d7c3d95aa5a0f63b, daughterB=c71f49ad7e689a57742a9fe65b918d08 java.lang.NullPointerException: Cannot invoke ""java.util.concurrent.atomic.AtomicInteger.addAndGet(int)"" because the return value of ""java.util.Map.get(Object)"" is null at org.apache.hadoop.hbase.namespace.NamespaceTableAndRegionInfo.incRegionCountForTable(NamespaceTableAndRegionInfo.java:101) ~[classes/:?] at org.apache.hadoop.hbase.namespace.NamespaceStateManager.checkAndUpdateNamespaceRegionCount(NamespaceStateManager.java:95) ~[classes/:?] at org.apache.hadoop.hbase.namespace.NamespaceAuditor.checkQuotaToSplitRegion(NamespaceAuditor.java:116) ~[classes/:?] at org.apache.hadoop.hbase.quotas.MasterQuotaManager.onRegionSplit(MasterQuotaManager.java:544) ~[classes/:?] at org.apache.hadoop."
13596878,Clear all meta caches of the server on which hardware failure related exceptions occurred,Patch Available,Major,,"CallTimeoutException and ConnectException might be caused by a network or hardware issue of that server. We might not be able to connect to that server for a while. So we have to clear all meta caches of the server on which hardware failure related exceptions occurred. If we don't clear the caches, we might get the same exceptions as many times as the number of location caches of that server. https://issues.apache.org/jira/browse/HBASE-7590 https://issues.apache.org/jira/browse/HBASE-22261 We already have ClusterStatusPublisher/Listener feature. But it is not possible to use this feature in some infrastructure environments like me."
13600183,SLF4j logging backend incorrectly picked up from Hadoop when external Hadoop is specified,Resolved,Major,Fixed,When I set HADOOP_CLASSPATH: {noformat} SLF4J: Class path contains multiple SLF4J bindings. SLF4J: Found binding in [jar:file:/home/stoty/x/hadoop-3.4.1/share/hadoop/common/lib/slf4j-reload4j-1.7.36.jar!/org/slf4j/impl/StaticLoggerBinder.class] SLF4J: Found binding in [jar:file:/home/stoty/workspaces/hbase/hbase/hbase-assembly/target/hbase-2.5.11-SNAPSHOT-client/lib/client-facing-thirdparty/log4j-slf4j-impl-2.17.2.jar!/org/slf4j/impl/StaticLoggerBinder.class] SLF4J: See http://www.slf4j.org/codes.html#multiple_bindings for an explanation. SLF4J: Actual binding is of type [org.slf4j.impl.Reload4jLoggerFactory] {noformat} HBase should always pick its own log4j2 backend.
13600492,Master Failed to Start after upgrading from 2.5.10 to 3.0.0-beta-1,Resolved,Major,Duplicate,"Master Failed to Start after upgrading from 2.5.10 to 3.0.0-beta-1 {code:java} 2024-12-01T19:00:47,390 ERROR [master/master:16000:becomeActiveMaster] master.HMaster: Failed to become active master java.lang.IllegalStateException: Expected the service ClusterSchemaServiceImpl [FAILED] to be RUNNING, but the service has FAILED at org.apache.hbase.thirdparty.com.google.common.util.concurrent.AbstractService.checkCurrentState(AbstractService.java:384) ~[hbase-shaded-miscellaneous-4.1.5.jar:4.1.5] at org.apache.hbase.thirdparty.com.google.common.util.concurrent.AbstractService.awaitRunning(AbstractService.java:324) ~[hbase-shaded-miscellaneous-4.1.5.jar:4.1.5] at org.apache.hadoop.hbase.master.HMaster.initClusterSchemaService(HMaster.java:1535) ~[hbase-server-3.0.0-beta-1.jar:3.0.0-beta-1] at org.apache.hadoop.hbase.master.HMaster.finishActiveMasterInitialization(HMaster.java:1204) ~[hbase-server-3.0.0-beta-1.jar:3.0.0-beta-1] at org.apache.hadoop.hbase.master.HMaster.startActiveMasterManager(HMaster.java:2494) ~[hbase-server-3.0.0-beta-1.jar:3.0.0-beta-1] at org.apache.hadoop.hbase.master.HMaster.lambda$run$0(HMaster.java:613) ~[hbase-server-3.0.0-beta-1.jar:3.0.0-beta-1] at org.apache"
13600440,The region assignment retry logic in unconstrained and may cause workload amplification,Open,Major,,"We found a potential feedback loop in the region assignment process that may overload the RegionServer (RS). The `AssigmentManager.processAssignmentPlans()` will retry the assignment when any HBaseIOException happens. For example, `FavoerableNodeAssignmentHelper.canPlaceFavoredNodes` may throw an HIOE when the nodes available are less than three. The HIOE will be caught by the catch block here: {code:java} private void processAssignmentPlans(final HashMap<RegionInfo, RegionStateNode> regions, final HashMap<RegionInfo, ServerName> retainMap, final List<RegionInfo> hris, final List<ServerName> servers) { boolean isTraceEnabled = LOG.isTraceEnabled(); if (isTraceEnabled) { LOG.trace(""Available servers count="" + servers.size() + "": "" + servers); } final LoadBalancer balancer = getBalancer(); // ask the balancer where to place regions if (retainMap != null && !retainMap.isEmpty()) { if (isTraceEnabled) { LOG.trace(""retain assign regions="" + retainMap); } try { acceptPlan(regions, balancer.retainAssignment(retainMap, servers)); } catch (HBaseIOException e) { LOG.warn(""unable to retain assignment"", e); addToPendingAssignment(regions, retainMap.keySet()); } } {code} The assignment is simpl"
13600285,Remove lib/jdk11 directory in 3.0+,Resolved,Major,Duplicate,"As 3.0+ requires JDK17+, there is no longer a point in handling the libraries that were removed from JDK11 specially. I propose removing the jdk11 directory, and treating those libraries like the rest of the dependencies. The special code handling it could also be removed from the script(s). WDYT [~zhangduo] [~ndimiduk] [~nihaljain] ?"
13599925,Backup support for S3 broken by checksum added in HBASE-28625,Open,Major,,"With the 2.6.1 version, we fail to backup to S3 because of the introduction of the checksum validation (introduced with HBASE-28625). Stacktrace: {code:java} Error: java.io.IOException: Checksum mismatch between hdfs://hdfsns/hbase/hbase/data/SYSTEM/CATALOG/b884434cc05aae3a21c0d0723173ce02/0/43b0e3a7b608441eab7dbce2782511bf and s3a://product-eks-v2-brt-master-574-backup/hbase/backup_1732545852227/SYSTEM/CATALOG/archive/data/SYSTEM/CATALOG/b884434cc05aae3a21c0d0723173ce02/0/43b0e3a7b608441eab7dbce2782511bf. Input and output filesystems are of different types. Their checksum algorithms may be incompatible. You can choose file-level checksum validation via -Ddfs.checksum.combine.mode=COMPOSITE_CRC when block-sizes or filesystems are different. Or you can skip checksum-checks altogether with -no-checksum-verify, for the table backup scenario, you should use -i option to skip checksum-checks. (NOTE: By skipping checksums, one runs the risk of masking data-corruption during file-transfer.) at org.apache.hadoop.hbase.snapshot.ExportSnapshot$ExportMapper.verifyCopyResult(ExportSnapshot.java:596) at org.apache.hadoop.hbase.snapshot.ExportSnapshot$ExportMapper.copyFile(ExportSnapshot.java:33"
13599785,Table Regions Total Locality value on the UI shows 1.0 even though some of the regions locality value is zero,Open,Major,,"Table Regions Total Locality value on the UI shows 1.0 even though some of the regions locality value is zero. This is due to the rounding of happening inside the String.format() function. I have a table with 200 regions and 1 of the regions locality is zero, the overall locality calculated value is ~0.99524385, but the String.format function rounded of this value to 1.0. If some of the table regions localtiy is zero then we should not show the total Locality of the table as 1.0 as this can be misleading to the user."
13597927,Meta replication is inconsistent after startup when reusing hbase storage location,Open,Major,,"Meta replication is inconsistent after startup when reusing HBase storage location for example the new cluster is created with the same S3 storage location that a previous one had. USE_META_REPLICAS is set to true META_REPLICAS_NUM is set to 3 For both hbck output: {noformat} ERROR: hbase:meta, replicaId 1 is not found on any region. ERROR: hbase:meta, replicaId 2 is not found on any region. ERROR: hbase:meta table is not consistent. Run HBCK with proper fix options to fix hbase:meta inconsistency. Exiting... Summary: 3 inconsistencies detected. Status: INCONSISTENT{noformat}"
13599126,"Backport ""HBASE-28608 More sensible client meta operation timeout default"" to branch-2",Resolved,Major,Duplicate,
13599542,Enhance Remaining Backup Commands to Support Continuous Backup and Point-in-Time Recovery (PITR),Open,Major,,"Investigate whether any of the following remaining commands need modification to support continuous backup. If necessary, make the required changes: * Merge * Describe * Progress * History * Repair * Help"
13599540,"Ensure the Existing ""Delete"" Backup Command Functions Properly with Continuous Backup Enablement",Open,Major,,"Ensure that the current ""Delete"" backup command continues to work as expected. Additionally, the command should: * Clean up the replication peer. * Provide an option to purge all collected data from the storage."
13599539,"Add a ""Cleanup"" Command to Free Up Storage Beyond a Specified Time Period",Open,Major,,"Implement a ""cleanup"" command to allow users to free up storage by removing data older than a specified time period. This should include: * Full backup cleanup * WAL cleanup * HFile cleanup"
13597682,Adding support for continuous Backup and Point-in-Time Recovery,Open,Major,,"Current solutions like replication and snapshots offer data redundancy but have limitations that prevent effective point-in-time recovery in cases of data corruption or accidental changes. Replication requires maintaining a live cluster that mirrors the original, which incurs substantial costs to keep both clusters operational. Snapshots, on the other hand, do not support point-in-time recovery, leading to potential data loss between snapshots. Incremental snapshots improve this situation but still do not provide full protection, as they only capture data at specific intervals. Limitations of the Current Incremental Backup Solution The current incremental backup solution in HBase has several critical limitations that highlight the need for continuous backup and PITR: • Risk of Data Loss: Since incremental backups are created in batches rather than continuously, any changes made since the last backup are at risk of being lost if data corruption or deletion occurs before the next scheduled backup. • Restore Point Limitations: Users can only restore data to specific backup timestamps rather than any exact moment in time, restricting flexibility and the ability to revert to the most re"
13598610,Fix UT flakeyness in TestBucketCache.testBlockAdditionWaitWhenCache and TestVerifyBucketCacheFile.testRetrieveFromFile,Resolved,Major,Fixed,"Noticed these two tests failing intermittently on some of the pre-commit runs. 1) TestBucketCache.testBlockAdditionWaitWhenCache: The test calls BucketCache.cacheBlock() passing true to the waitWhenCache parameter, assuming the cache call will wait for a success cache, however this is only true if the BucketCache.QUEUE_ADDITION_WAIT_TIME property is also defined, so I believe this may be causing the intermittent failures when the pre-commit runs on slower vms. 2) TestVerifyBucketCacheFile.testRetrieveFromFile: One of the checks performed by this test is to delete the bucket cache file, shutdown the current BucketCache instance, then create a new BucketCache instance that would load the persistent file but should fail to recover the cache, as the cache file has been deleted. The way this recover works, internally, is async. We first read the contents of the persistent file, which includes the last serialized backingMap and a checksum of the cache file at that time. It then compares this recovered checksum against the current cache file checksum. If this verification fails, it starts a background thread to traverse all backingMap entries and check if those entries are still available"
13596726,Change the default Hadoop 3 version to 3.4.1,Resolved,Major,Fixed,
13598275,Support client access to HBase servers using IP in IPV6 env,Open,Major,,"Using IPV6 address failed to create the WAL path. IPV6 address contains "":"", eg: [0:0:0:0:0:0:0:1] WAL path creation will fail, because FS will not support to create path with "":"". so for use IP is true and the env is ipv6 # Encode for wal path creation with IPV6 address # Decode the IPV6 address, if RS servernames are prepared from the WAL path. {noformat} 2024-11-18 10:55:43,931 | ERROR | master/<HOSTNAME>:16000:becomeActiveMaster | ***** ABORTING master 0:0:0:0:0:0:0:1,16000,1731910552237: Unhandled exception. Starting shutdown. ***** | org.slf4j.helpers.MarkerIgnoringBase.error(MarkerIgnoringBase.java:159) java.lang.IllegalArgumentException: Pathname /hbase/MasterData/WALs/0:0:0:0:0:0:0:1,16000,1731910552237 from hdfs://hacluster/hbase/MasterData/WALs/0:0:0:0:0:0:0:1,16000,1731910552237 is not a valid DFS filename. at org.apache.hadoop.hdfs.DistributedFileSystem.getPathName(DistributedFileSystem.java:272) at org.apache.hadoop.hdfs.DistributedFileSystem$31.doCall(DistributedFileSystem.java:1849) at org.apache.hadoop.hdfs.DistributedFileSystem$31.doCall(DistributedFileSystem.java:1846) at org.apache.hadoop.fs.FileSystemLinkResolver.resolve(FileSystemLinkResolver.java:81) at org.a"
13597946,Updating Quota Factors is too expensive,Resolved,Major,Fixed,"My company is running Quotas across a few hundred clusters of varied size. One cluster has hundreds of servers and tens of thousands of regions. We noticed that the HMaster was quite busy for this cluster, and after some investigation we realized that RegionServers were hammering the HMaster's ClusterMetrics endpoint to facilitate the refreshing of table machine quota factors. There are a few things that we could do here — in a perfect world, I think the RegionServers would have a better P2P communication of region states, and whatever else is, necessary to derive new quota factors. Relying solely on the HMaster for this coordination creates a tricky bottleneck for the horizontal scalability of clusters. That said, I think that a simpler and preferable initial step would be to make our code a bit more cost conscious. At my company, for example, we don't even define any table-scoped quotas. Without any table scoped quotas in the cache, our cache could be much more thoughtful about the work that it chooses to do on each refresh. So I'm proposing that we check [the size of the tableQuotaCache keyset|https://github.com/apache/hbase/blob/db3ba44a4c692d26e70b6030fc519e92fd79f638/hbase-se"
13597605,Improve lease renew for FanOutOneBlockAsyncDFSOutput,Resolved,Major,Fixed,"When working with hadoop 3.4.x, we saw this in the stdout file {noformat} Exception in thread ""LeaseRenewer:zhangduo@home"" java.lang.NullPointerException: Cannot invoke ""org.apache.hadoop.hdfs.DFSOutputStream.getNamespace()"" because ""outputStream"" is null at org.apache.hadoop.hdfs.DFSClient.getNamespaces(DFSClient.java:596) at org.apache.hadoop.hdfs.DFSClient.renewLease(DFSClient.java:618) at org.apache.hadoop.hdfs.client.impl.LeaseRenewer.renew(LeaseRenewer.java:425) at org.apache.hadoop.hdfs.client.impl.LeaseRenewer.run(LeaseRenewer.java:445) at org.apache.hadoop.hdfs.client.impl.LeaseRenewer.access$800(LeaseRenewer.java:77) at org.apache.hadoop.hdfs.client.impl.LeaseRenewer$1.run(LeaseRenewer.java:336) at java.base/java.lang.Thread.run(Thread.java:840) {noformat} This is because in newer DFSClient implementation, we need to pass namespace when renewer lease so we can not just pass null as DFSOutputStream when calling DFSClient.beginFileLease. We should find a way to deal with it."
13598014,Make the approach in HBASE-28955 can work together with hadoop 2.x,Resolved,Major,Fixed,"The solution before HBASE-28955 can work with hadoop 2.x but after applying the changes in HBASE-28955, we can work with hadoop 3.4.x but we can not compile with hadoop 2.x then. We should find a way to support hadoop 2.x so we can also port the changes to branch-2.x as well."
13597228,Remove the netty 3 dependency management section,Resolved,Major,Fixed,"After HBASE-28942, netty will only be pulled in from hadoop 3.3.x, so we can remove the dependency management section for it. This will also remove the dependabot warnings about netty 3."
13598546,Update dev-support/hbase_docker Dockerfiles to use JDK17,Open,Major,,"HBase master branch requires JDK17, but the docker files under dev-support/hbase_docker install only JDK8. Time to update to JDK17."
13597310,"After modifying the 'zookeeper.znode.parent' parameter and restarting HBase, HBase is unable to complete its initialization.",Resolved,Major,Fixed,"In my tests, after modifying the 'zookeeper.znode.parent' parameter and restarting HBase, HBase is unable to complete its initialization with versions 2.3.* and 2.4.* , but this issue does not occur with version 2.2.* . If the Zookeeper cluster crashes and the data stored in zk cannot be recovered, and only a new ZK cluster can be set up, the HBase cluster will never be able to return to a normal state. This problem is particularly severe under certain failure scenarios. The following describes the situation after I modified the znode and restarted HBase. The data in the hbase:meta table was lost, the number of regions displayed on the Master UI remained at 1, and the meta table could not come online. Moreover, there were no obvious error messages found in the logs of the Master or Region Servers. Maybe it's related to the issue fixed by HBASE-26193?"
13598166,Limit the number of retries in FanOutOneBlockAsyncDFSOutputHelper.completeFile,Resolved,Major,Fixed,"After HBASE-28955, when shutting down MiniDFSCluster, we will close all the output streams. And in some WAL related tests, we want to keep the WAL file as open so we set namenode to safe mode before shutting down, like TestWALFactory.testAppendClose. And in FanOutOneBlockAsyncDFSOutputHelper.completeFile, we will only give up when hitting LeaseExpireException, so in this scenario, we will block there forever... In general, if there is an error while complete file, we could go with the recoverLease logic so it is OK to throw exception when completeFile. We should change the implementation so it does not block there forever."
13597195,Update nightlies to run with HADOOP2_VERSION = 2.10.2,Resolved,Major,Fixed,We are running nighlies with older hadoop2 and hence expected failures are not seen: * I see hadoop distributed 2.10.0 installed for last run at [https://ci-hbase.apache.org/job/HBase%20Nightly/job/branch-2.5/lastCompletedBuild/execution/node/121/ws/hadoop-2/share/hadoop/hdfs/] ** Ref: [https://github.com/apache/hbase/blob/master/dev-support/Jenkinsfile#L133] IMO they are wrong should be 2.10.2 for all branches. CC: [~stoty]
13597207,"Backport ""HBASE-27598 Upgrade mockito to 4.x"" to branch-2.5",Resolved,Major,Fixed,"Mockito 2.28.2 is release May 29, 2019, which is very old now. Let's upgrade to the latest 4.x version, as mockito 5.0.0 requires java 11, which is not suitable for us. Need to backport this to branch-2.5 as we face https://issues.apache.org/jira/browse/HBASE-28944 w/o this."
13598118,FSHLog can not roll the WAL log properly,Open,Major,,"For the FSHLog, when we try to roll the writer, we will # initiate the zigzagLatch, and wait for the safe point # After the safe point obtained, continue to close the writer For above process, looks like we have [assumption|https://github.com/apache/hbase/blob/branch-2.6/hbase-server/src/main/java/org/apache/hadoop/hbase/regionserver/wal/FSHLog.java#L388] that the highestSyncedTxid will must be bigger than highestUnsyncedTxid, I do not think it must be true, because for [attainSafePoint|https://github.com/apache/hbase/blob/branch-2.6/hbase-server/src/main/java/org/apache/hadoop/hbase/regionserver/wal/FSHLog.java#L1119] we did not limit the save point much be sync workload, if its stop at append workload, the highestUnsyncedTxid will always be bigger highestSyncedTxid, right? In our environment, we can reproduce the issue which will causing the wal log pilling up very quickly if a lot of writing, if we want to to make sure the the existing logic is working, we need to add a check and make attainSafePoint get correct safe point, or make sure the doReplaceWriter handle the WAL close correctly when highestUnsyncedTxid > highestSyncedTxid"
13595735,Add Clearwater Analytics to powered by hbase,In Progress,Major,,"According to [https://hbase.apache.org/poweredbyhbase.html] is this the right ticket to add my organization name? If so, could you please add the content below? LMK if you have any questions. Thank you! ========== Clearwater Analytics ([https://clearwateranalytics.com/]) has an HBase cluster with 9 nodes in production. We have a handful of tables hosting billions of rows (and growing) in a time series manner. Some tables are pretty wide, with several hundreds of columns, while others are very tall and narrow. ========== Thanks! Sanjeev Dhiman Principal Engineer Clearwater Analytics"
13597910,Add essential build plugins to hbase-diagnostics,Resolved,Major,Fixed,Seems I missed to add some essential / required plugin while adding the new module.
13595823,Avoid bundling hbase-webapps folder in default jars,Resolved,Major,Fixed,"We are bundling all webapp resources in hbase-server, hbase-thrift and transitively to hbase-shaded-mapreduce jar. This can be an issue as if any of the js projects used by hbase are vulnerable, security scan tools like sonatype start flagging the jars too as vulnerable since they contain vulnerable code. With this JIRA, we want to avoid bundling static webapp resources in our jars. For example: Bootstrap 3.4.1 which is used by hbase, has multiple medium CVEs reported recently. See [https://security.snyk.io/package/npm/bootstrap/3.4.1] for details. And since we are bundling all webapp resources in hbase-server, hbase-thrift and transitively to hbase-shaded-mapreduce jar. And hence sonatype reports all such jars also as vulnerable: |3|CVE-2024-6484|2.3|bootstrap 3.4.1| |3|CVE-2024-6484|2.3|org.apache.hbase : hbase-server : 2.6.0| |3|CVE-2024-6484|2.3|org.apache.hbase : hbase-shaded-mapreduce : 2.6.0| |3|CVE-2024-6484|2.3|org.apache.hbase : hbase-thrift : 2.6.0| It is wise to remove such files from our jars to avoid any bigger hiccups in future."
13596930,"Remove all jackson 1.x dependencies for hadoop-3 profile, since all jackson 1.x versions have vulnerabilities",Resolved,Major,Fixed,"Building hbase with hadoop-3 profile on branch-2, still requires jackson 1.x jars, which has vulnerabilities. Ideally these should not be needed as with HADOOP-13332 hadoop has already ""Remove jackson 1.9.13 and switch all jackson code to 2.x code line"" for branch-3. Also in HBASE-27148, where we worked on ""Move minimum hadoop 3 support version to 3.2.3"" we had did a similar cleanup for branch-3 but somehow we missed to port the relevant changes to the branch-2 backport of same jira. This task is to take care of this so that we donot need jackson 1.x to build/run hbase with hadoop-3 profile on branch-2.x. We have following in our dependency tree: {code:java} [INFO] ----------< org.apache.hbase:hbase-shaded-client-byo-hadoop >----------- [INFO] Building Apache HBase - Shaded - Client 2.7.0-SNAPSHOT [33/53] [INFO] from hbase-shaded/hbase-shaded-client-byo-hadoop/pom.xml [INFO] --------------------------------[ jar ]--------------------------------- [INFO] [INFO] +- org.codehaus.jackson:jackson-jaxrs:jar:1.9.13:provided [INFO] +- org.codehaus.jackson:jackson-xc:jar:1.9.13:provided . . [INFO] --------------< org.apache.hbase:hbase-shaded-mapreduce >--------------- [INFO] Building Apach"
13598035,[hbase-thirdparty] add jersey-media-json-jackson in hbase-shaded-jersey,Open,Major,,"In a REST service built using hbase-shaded-jersey.jar, I'm unable to convert a Response object into a JSON string. The reason I cannot convert a Response object to a JSON string in my REST service built with hbase-shaded-jersey.jar is because it lacks the necessary dependencies from jersey-media-json-jackson."
13596253,Clean up explicit depency versions in poms,Open,Major,,"Unless there is some specific reason, all dependency versions should be set in DependencyManage sections. Right now we at least some Hadoop dependencies where the versions are redundantly set directly in the Dependency entries. We should also consistently set hadoop.version from the hadoop3 profiles in the modules that have them. (I think that those aren't relevant in branch-3+, but we should either set them consistently, or just remove them outside branch-2.x)"
13597601,Apply workaround for HADOOP-19164 for Hadoop 3.4.1,Resolved,Major,Fixed,"HADOOP-19164 is also present in 3.4.1, not just 3.4.0. We need to update the scripts to apply the workaround for both 3.4.0 and 3.4.1"
13597874,TestMemStoreLAB often fails with OOM,Open,Major,,"I see this quite often in the failed nightly tests: IIRC I've always seen this on the JDK8 tests, but the sample size is very small. [https://ci-hbase.apache.org/job/HBase%20Nightly/job/branch-2.5/619/]"
13597217,RegionMover tool fails when table is deleted,Resolved,Major,Fixed,"The issue occurs when the RegionMover tool encounters a TableNotFoundException while moving regions. This happens if the table being processed is deleted while the RegionMover is running. {noformat} 2024-10-30 11:58:20,500 INFO org.apache.hadoop.hbase.util.RegionMover: Moving 10 regions to server0.example.org,16020,1730289478970 using 30 threads.Ack mode:false 2024-10-30 11:58:20,564 ERROR org.apache.hadoop.hbase.util.RegionMover: Error while loading regions to server0.example.org org.apache.hadoop.hbase.TableNotFoundException: cluster_test at org.apache.hadoop.hbase.client.HBaseAdmin$46.rpcCall(HBaseAdmin.java:2120) at org.apache.hadoop.hbase.client.HBaseAdmin$46.rpcCall(HBaseAdmin.java:2116) at org.apache.hadoop.hbase.client.RpcRetryingCallable.call(RpcRetryingCallable.java:57) at org.apache.hadoop.hbase.client.RpcRetryingCallerImpl.callWithRetries(RpcRetryingCallerImpl.java:104) at org.apache.hadoop.hbase.client.HBaseAdmin.executeCallable(HBaseAdmin.java:3088) at org.apache.hadoop.hbase.client.HBaseAdmin.executeCallable(HBaseAdmin.java:3080) at org.apache.hadoop.hbase.client.HBaseAdmin.checkTableExists(HBaseAdmin.java:2116) at org.apache.hadoop.hbase.client.HBaseAdmin.isTableEna"
13596894,Purge all netty 3 dependencies by default,Resolved,Major,Fixed,"After bumping default hadoop version to 3.4.1, we should be able to remove all netty 3 dependencies. Now the problem is in hbase-external-blockcache, where we use jmemcached for testing, it is an old library which still depends on netty 3. We should find a way to deal with this."
13595857,"Prioritize ""orphan"" blocks for eviction inside BucketCache.freespace",Resolved,Major,Fixed,"The Persistent Cache feature brought the ability to recover the cache in the event of a restart or crash. Under certain conditions, the cache recovery can lead to _orphan_ blocks hanging on the cache, causing unnecessary extra cache usage. For example, when a region server crashes or restarts, the original regions on this region server would be immediately reassigned on the remaining servers. Once the crashed/restarted server comes back online, persistent cache will recover the cache state prior to the crash/restart, which would contain the blocks from the regions it was holding prior to the incident. This can lead to the _orphan_ blocks situation described above in the following conditions: * If balancer is off, or cache aware balancer fails to move back the very same regions from prior the crash; * If compaction completes for the regions on the temporary servers; Also, with the default evictsOnClose is set to false, any region move would leave ""orphans"" blocks behind. This proposes additional logic for identifying blocks not belonging to any files from current online regions inside BucketCache.freeSpace method. This would need to modify both BlockCacheFactory and BucketCache to p"
13594485,Run nightly tests with multiple Hadoop 3 versions,Resolved,Major,Fixed,
13596587,Should check if compaction are needed after flushing,Open,Major,,"Regardless of whether we have enabled flsuh procedure or not, even if the threshold is reached, hbase would not execute comapct after flushing operation. I think we should check the HRegion.FlushResult, and send compact request if it is needed."
13596837,Do not run the backwards compatibility tests with the default Hadoop3 version,Resolved,Major,Fixed,"We are running the full test suite with it already, running the dev tests as well is completely redundant and a waste of time and resources."
13597193,Update nightlies to run with HADOOP3_VERSION = 3.2.4,Resolved,Major,Duplicate,We are running nighlies with older hadoop3 on branch-2.5 and hence expected failures are not seen: * Also I see hadoop 3.1.1 for hadoop3 at [https://ci-hbase.apache.org/job/HBase%20Nightly/job/branch-2.5/lastCompletedBuild/execution/node/121/ws/hadoop-3/share/hadoop/client/] ** Ref: [https://github.com/apache/hbase/blob/branch-2.5/dev-support/Jenkinsfile#L157] IMO is is wrong should 3.2.4 for branch-2.5 CC: [~stoty]
13596190,Handle NPE in Split/Merge table when getMasterQuotaManager returns null,Resolved,Major,Fixed,Currently when doing splits or merge we notify quota manager about the same. But if quota instance is null on below call {code:java} // code placeholder env.getMasterServices().getMasterQuotaManager() {code} So the below two lines will throw unexpected exception which ideally can be handled. {code:java} // SplitTableRegionProcedure.java env.getMasterServices().getMasterQuotaManager().onRegionSplit(this.getParentRegion()); {code} {code:java} // MergeTableRegionProcedure.java env.getMasterServices().getMasterQuotaManager().onRegionMerged(this.mergedRegion); {code}
13597184,TestShadedHBaseTestingUtility fails with NCDFE: org/mockito/stubbing/Answer,Resolved,Major,Duplicate,"While working on https://github.com/apache/hbase/pull/6414 found we have following pre-existing test failure: {code:java} [INFO] ------------------------------------------------------- [INFO] T E S T S [INFO] ------------------------------------------------------- [INFO] Running org.apache.hbase.shaded.TestShadedHBaseTestingUtility [ERROR] Tests run: 1, Failures: 0, Errors: 1, Skipped: 0, Time elapsed: 0.006 s <<< FAILURE! - in org.apache.hbase.shaded.TestShadedHBaseTestingUtility [ERROR] org.apache.hbase.shaded.TestShadedHBaseTestingUtility Time elapsed: 0.002 s <<< ERROR! java.lang.NoClassDefFoundError: org/mockito/stubbing/Answer at org.apache.hadoop.hdfs.MiniDFSCluster.isNameNodeUp(MiniDFSCluster.java:2590) at org.apache.hadoop.hdfs.MiniDFSCluster.isClusterUp(MiniDFSCluster.java:2604) at org.apache.hadoop.hdfs.MiniDFSCluster.waitClusterUp(MiniDFSCluster.java:1479) at org.apache.hadoop.hdfs.MiniDFSCluster.initMiniDFSCluster(MiniDFSCluster.java:958) at org.apache.hadoop.hdfs.MiniDFSCluster.<init>(MiniDFSCluster.java:849) at org.apache.hadoop.hbase.HBaseTestingUtility.startMiniDFSCluster(HBaseTestingUtility.java:689) at org.apache.hadoop.hbase.HBaseTestingUtility.startMiniDFSClust"
13595961,Fix spotbugs issues introduced by refactoring to hbase-diagnostics with HBASE-28432,Resolved,Major,Fixed,"Seeing a lot of spotbugs issues across PRs lately. These are coming due to newly added main code refactored as part of https://issues.apache.org/jira/browse/HBASE-28432 I was not aware spotbugs issues will be on complete code and not just PR code change. Also wanted to avoid changing code as we were just 'refactoring'. As now code sits inside main and not test, we should try to fix all the spotbugs issues. CC: [~ndimiduk], [~stoty]"
13596469,The HFile Reader creation should not be blocked due to waits for cache initialisation.,Resolved,Major,Fixed,"When persistent bucket cache is enabled, bucket cache needs to read and load the persistent cache file contents during region server starting time. This cache initialisation is currently asynchronous. The server restart completes after spawning a thread to initialise the cache. When the subsequent HFile readers are created, the current implementation is such that the constructor of the hfile (HFilePreadReader) waits until the cache is initialised. Due to this wait, all client requests to these regions would fail during the whole cache initialisation period, as these regions are not yet online. The correct way to handle this is that, the constructors of HFile readers should not wait for cache initialisation. Only the prefetch threads should wait for the cache initialisation. Subsequently, any client requests should be served by accessing the underlying file system if the cache is not yet initialised, and a cache miss should be computed in the cache stats. Thanks, Janardhan"
13594617,HBaseTestingUtility failed to start MiniHbaseCluster in case of Hadoop3.4.0,Open,Major,,"Test env: Hbase 2.5.10-hadoop3 Hadoop 3.4.0 *You can use the attached files to reproduce the issue.* I have noticed two error message: 1) The first is that *_NoSuchMethodException: org.apache.hadoop.hdfs.DFSClient.beginFileLease(long, org.apache.hadoop.hdfs.DFSOutputStream)._* I think this is due to the incompatible change in Hadoop 3.4.0 change [https://github.com/apache/hadoop/pull/5536/files#diff-405edd18f9ff05d7ae8c25efef90266db403ecbe0e75ae8ce8fb68bb02f03041|https://github.com/apache/hadoop/pull/4813/files#diff-405edd18f9ff05d7ae8c25efef90266db403ecbe0e75ae8ce8fb68bb02f03041] {code:java} 2024-10-08 06:08:27,401 ERROR [master/zbt-ubuntu:0:becomeActiveMaster] asyncfs.FanOutOneBlockAsyncDFSOutputHelper (FanOutOneBlockAsyncDFSOutputHelper.java:<clinit>(316)) - Couldn't properly initialize access to HDFS internals. Please update your WAL Provider to not make use of the 'asyncfs' provider. See HBASE-16110 for more information. java.lang.NoSuchMethodException: org.apache.hadoop.hdfs.DFSClient.beginFileLease(long, org.apache.hadoop.hdfs.DFSOutputStream) at java.lang.Class.getDeclaredMethod(Class.java:2130) at org.apache.hadoop.hbase.io.asyncfs.FanOutOneBlockAsyncDFSOutputHelper.create"
13594248,"Use reflection to access recoverLease(), setSafeMode() APIs.",Resolved,Major,Fixed,"HBASE-27769 used the new Hadoop API (available since Hadoop 3.3.6/3.4.0) to access recoverLease() and setSafeMode() APIs, and committed the change in a feature branch. However, until we move beyond Hadoop 3.3.6, we can not use them directly. I'd like to propose to use reflection to access these APIs in the interim so HBase can use Ozone sooner."
13595231,Automatic SSL keystore reloading for HttpServer,Open,Major,,"Since https://issues.apache.org/jira/browse/HADOOP-16524, Hadoop can reload SSL keystore without restarting. It can be adopted to HBase similarly. It is painful to rolling-restart HBase master and all the HBase regionservers on large cluster in order to refresh ssl keystore every year."
13596578,Add support for multi region splits in Catalog Janitor,Open,Major,,This is to add the API to support multi region splitting - HBASE-28438 Catalog janitor checks ongoing region splits and compactions on the daughter regions completed or not by looking at the reference files present in the daughter region directories to delete the parent region from meta. All the APIs used by catalog janitor check only two daughter regions and reference files of those two daughter regions which need to be changed to support multi region split feature - HBASE-28438.
13595863,TestPrefetch#testPrefetchWithDelay fails intermittently,Resolved,Major,Fixed,"TestPrefetch#testPrefetchWithDelay fails intermittently with {_}""{_}_AssertionError: Prefetch should start post configured delay""_"
13593977,Bump Avro dependency version to 1.11.4,Resolved,Major,Fixed,
13596197,Set hadoop-three.version in Hadoop 3 backwards compatibility tests,Resolved,Major,Fixed,Found by the new 3.4.0 nighty tests: {noformat} [ERROR] Errors: [ERROR] org.apache.hadoop.hbase.backup.TestBackupRestoreOnEmptyEnvironment.null [ERROR] Run 1: TestBackupRestoreOnEmptyEnvironment.testRestoreToCorrectTable:126->backup:223 » TestTimedOut test timed out after 1560 seconds [ERROR] Run 2: TestBackupRestoreOnEmptyEnvironment » Appears to be stuck in thread MiniHBaseClusterRegionServer-EventLoopGroup-3-1 [INFO] [ERROR] TestBackupRestoreOnEmptyEnvironment.testRestoreCorrectTableForIncremental:156->backup:223 » NoClassDefFound org/apache/hadoop/util/Sets [ERROR] org.apache.hadoop.hbase.backup.TestIncrementalBackupMergeWithBulkLoad.null [ERROR] Run 1: TestIncrementalBackupMergeWithBulkLoad.testMergeContainingBulkloadedHfiles:127->backup:219 » TestTimedOut test timed out after 1560 seconds [ERROR] Run 2: TestIncrementalBackupMergeWithBulkLoad » Appears to be stuck in thread MiniHBaseClusterRegionServer-EventLoopGroup-3-1 [INFO] [ERROR] TestIncrementalBackupMergeWithBulkLoad.testMergeContainingBulkloadedHfiles:134->backup:219 » NoClassDefFound org/apache/hadoop/util/Sets [ERROR] TestIncrementalBackupMergeWithBulkLoad.testMergeContainingBulkloadedHfiles:127->backup:219 » Interru
13596389,CopyTable to accept custom cf/qualifier for timestamp range filtering,In Progress,Major,,Currently CopyTable starttime/endtime param filters on HBase's built-in timestamp. Add the following options to support filtering based on the value of custom timestamp column. {noformat} ts.cf column family for time range checking (use HBase built-in timestamp if not specified) ts.qualifier qualifier for time range checking (use HBase built-in timestamp if not specified) {noformat}
13594309,checkcompatibility.py can run maven commands with parallelism,Resolved,Major,Fixed,We can speed up the create-release process by taking advantage of maven parallelism during creation of the API compatibility report.
13595948,Add announcement as a release in GitHub,Resolved,Major,Done,
13595843,Bump commons-io:commons-io from 2.11.0 to 2.14.0,Resolved,Major,Fixed,
13595949,Publish release artifacts in SVN,Resolved,Major,Done,Don't forget to also drop the old release candidate artifacts.
13594396,Supports enabling storage policy in the data copying scenario of bulkload,Open,Major,,"The Bulkload process consists of two steps: 1. generate hfiles using MR/SPARK and write them to an HDFS cluster. 2. execute 'hbase completebulkload [OPTIONS] </PATH/TO/HFILEOUTPUTFORMAT-OUTPUT> <TABLENAME> ' or invoke the BulkLoadHFilesTool API. [HBASE-1721|https://issues.apache.org/jira/browse/HBASE-15172] implements tiered storage capabilities for bulkload, but it is only applicable to scenarios where hfiles generated by MR/SPARK are directly written to the HDFS cluster used by HBase (tiered storage is configured). However, in most bulkload scenarios, hfiles generated by MR/SPARK are first written to an offline HDFS cluster (non-HBase HDFS Cluster, and tiered storage is not configured). Subsequently, the 'hbase completebulkload' command is used to copy these hfiles from the offline HDFS cluster to the HDFS cluster used by HBase, and rename them to the appropriate table/region/columnfamily directory. This scenario is not supported by [HBASE-1721|https://issues.apache.org/jira/browse/HBASE-15172], this issue will support tiered storage for this more general bulkload scenario."
13595649,Refactor chaos monkey related code to a new module hbase-chaos,Open,Major,,"As part of this Jira we will create a new module named {{hbase-chaos}} and optionally include it in the assembly. This change is necessary because we will be removing all test jars from our assembly (with HBASE-28433), resulting in the removal of chaos monkey and all its code, which may need to be manually copied by operators. Currently, all the code resides in {{{}hbase-it{}}}. This fix will provide an option to build hbase such that we can bundle hbase-chaos in assembly, albeit we wont do this by default. CC: [~stoty], [~ndimiduk]"
13594301,Avoid resetting bucket cache during restart if inconsistency is observed for some blocks.,Resolved,Major,Fixed,"During the execution of persistence of backing map into the persistence file, the backing map is not guarded by a lock against caching of blocks and block evictions. Hence, some of the block entries in the backing map in persistence may not be consistent with the bucket cache. During, the retrieval of the backing map from persistence if an inconsistency is detected, the complete bucket cache is discarded and is rebuilt. One of the errors, seen, is, as mentioned below: {code:java} 2024-09-30 08:58:33,840 WARN org.apache.hadoop.hbase.io.hfile.bucket.BucketCache: Can't restore from file[/hadoopfs/ephfs1/bucketcache.map]. The bucket cache will be reset and rebuilt. Exception seen: org.apache.hadoop.hbase.io.hfile.bucket.BucketAllocatorException: Couldn't find match for index 26 in free list at org.apache.hadoop.hbase.io.hfile.bucket.BucketAllocator$Bucket.addAllocation(BucketAllocator.java:140) at org.apache.hadoop.hbase.io.hfile.bucket.BucketAllocator.<init>(BucketAllocator.java:406) at org.apache.hadoop.hbase.io.hfile.bucket.BucketCache.retrieveFromFile(BucketCache.java:1486) at org.apache.hadoop.hbase.io.hfile.bucket.BucketCache.lambda$startPersistenceRetriever$0(BucketCache.java:37"
13595615,"hbase 2.5.10 execute ""./bin/hbase shell"" occurred an error jar-bootstrap.rb",Open,Major,,{code:java} $ $HBASE_HOME/bin/hbase shell -n This file has been superceded by packaging our ruby files into a jar and using jruby's bootstrapping to invoke them. If you need to source this file fo some reason it is now named 'jar-bootstrap.rb' and is located in the root of the file hbase-shell.jar and in the source tree at 'hbase-shell/src/main/ruby' {code}
13593949,NPE on TestPrefetch.testPrefetchWithDelay,Resolved,Major,Fixed,"I'm seeing some failures on TestPrefetch.testPrefetchWithDelay in some pre-commit runs, I believe this is due to a race condition in PrefetchExecutor. loadConfiguration. In these failures, it seems we are getting the NPE below: {noformat} Stacktracejava.lang.NullPointerException at java.util.concurrent.ConcurrentSkipListMap.put(ConcurrentSkipListMap.java:1580) at org.apache.hadoop.hbase.io.hfile.PrefetchExecutor.request(PrefetchExecutor.java:108) at org.apache.hadoop.hbase.io.hfile.PrefetchExecutor.lambda$loadConfiguration$0(PrefetchExecutor.java:206) at java.util.concurrent.ConcurrentSkipListMap.forEach(ConcurrentSkipListMap.java:3269) at org.apache.hadoop.hbase.io.hfile.PrefetchExecutor.loadConfiguration(PrefetchExecutor.java:200) at org.apache.hadoop.hbase.regionserver.PrefetchExecutorNotifier.onConfigurationChange(PrefetchExecutorNotifier.java:51) at org.apache.hadoop.hbase.io.hfile.TestPrefetch.testPrefetchWithDelay(TestPrefetch.java:378) {noformat} I think this is because we are completing prefetch in this test before the induced delay, then this test triggers a new configuration change, but the prefetch thread calls PrefetchExecutor.complete just before the test thread reach"
13595260,LoadBalancerPerformanceEvaluation fails with NPE,Open,Major,,"While testing [https://github.com/apache/hbase/pull/6258] found that LoadBalancerPerformanceEvaluation fails with NPE, not related to PR as fails for master as well. This Jira is to track and fix this issue. {code:java} bin % ./hbase org.apache.hadoop.hbase.master.balancer.LoadBalancerPerformanceEvaluation -regions 30000 -servers 10 2024-10-14T01:48:06,772 INFO [main {}] metrics.MetricRegistries: Loaded MetricRegistries class org.apache.hadoop.hbase.metrics.impl.MetricRegistriesImpl 2024-10-14T01:48:06,841 INFO [main {}] balancer.LoadBalancerPerformanceEvaluation: Calling roundRobinAssignment 2024-10-14T01:48:06,850 INFO [main {}] balancer.BalancerClusterState: server 0 is on rack 0 2024-10-14T01:48:06,850 INFO [main {}] balancer.BalancerClusterState: server 1 is on rack 0 2024-10-14T01:48:06,850 INFO [main {}] balancer.BalancerClusterState: server 2 is on rack 0 2024-10-14T01:48:06,850 INFO [main {}] balancer.BalancerClusterState: server 3 is on rack 0 2024-10-14T01:48:06,850 INFO [main {}] balancer.BalancerClusterState: server 4 is on rack 0 2024-10-14T01:48:06,850 INFO [main {}] balancer.BalancerClusterState: server 5 is on rack 0 2024-10-14T01:48:06,850 INFO [main {}] balancer."
13595259,NPE when starting up the HBase 2.6.0 cluster if there's a temporal network delay with HDFS cluster,Open,Major,,"I ran into an NPE exception when starting up the HBase 2.6.0 cluster This bug is non-deterministic. It happens rarely and likely requires certain concurrency control to trigger. h1. Description When starting up 2.6.0 HBase cluster: 1HM, 1RS and a HDFS cluster, some network delay between RS and HDFS cluster could lead to RS aborting with NPE. {code:java} 2024-09-28T07:59:33,183 WARN [RS_OPEN_META-regionserver/hregion1:16020-0] handler.AssignRegionHandler: Failed to open region hbase:meta,,1.1588230740, will report to master org.apache.hadoop.hbase.FailedCloseWALAfterInitializedErrorException: Failed close after init wal failed. at org.apache.hadoop.hbase.wal.AbstractFSWALProvider.getWAL(AbstractFSWALProvider.java:164) ~[hbase-server-2.6.0.jar:2.6.0] at org.apache.hadoop.hbase.wal.AbstractFSWALProvider.getWAL(AbstractFSWALProvider.java:59) ~[hbase-server-2.6.0.jar:2.6.0] at org.apache.hadoop.hbase.wal.WALFactory.getWAL(WALFactory.java:323) ~[hbase-server-2.6.0.jar:2.6.0] at org.apache.hadoop.hbase.regionserver.HRegionServer.getWAL(HRegionServer.java:2513) ~[hbase-server-2.6.0.jar:2.6.0] at org.apache.hadoop.hbase.regionserver.handler.AssignRegionHandler.process(AssignRegionHandler.ja"
13594638,Ranger doesn't work with hbase 2.6 when using hadoop 3.3.6,Resolved,Major,Duplicate,"Hello, I have this issue on my stack {code:java} 2024-09-23T08:12:51.336Z - ERROR [PolicyRefresher(serviceName=hbase-tdp)-196:Errors@168] - The following errors and warnings have been detected with resource and/or provider classes: SEVERE: Missing dependency for method public void com.sun.jersey.json.impl.provider.entity.JSONRootElementProvider.setConfiguration(com.sun.jersey.core.util.FeaturesAndProperties) at parameter at index 0 SEVERE: Missing dependency for method public void com.sun.jersey.json.impl.provider.entity.JSONListElementProvider.setConfiguration(com.sun.jersey.core.util.FeaturesAndProperties) at parameter at index 0 SEVERE: Missing dependency for method public void com.sun.jersey.json.impl.provider.entity.JSONRootElementProvider.setConfiguration(com.sun.jersey.core.util.FeaturesAndProperties) at parameter at index 0 SEVERE: Missing dependency for method public void com.sun.jersey.json.impl.provider.entity.JSONRootElementProvider.setConfiguration(com.sun.jersey.core.util.FeaturesAndProperties) at parameter at index 0 SEVERE: Missing dependency for field: javax.ws.rs.core.UriInfo com.sun.jersey.server.impl.template.ViewableMessageBodyWriter.ui SEVERE: Missing dependen"
13594522,Add metrics around FSFT backed file reads and updates,Open,Major,,"With HBASE-27826, number of interactions via SFT layer would increase, as all the interactions of StoreFiles going forward would require StoreFileTracker context and that would increase the number of reads to inherent backed file of FileBaseStoreFileTracker, this would add metrics on number of times we read/update backed file"
13594315,Performance regression from 2.5.8 to 2.6.0 when seeking SEEK_NEXT_USING_HINT to a next column family.,Open,Major,,"We have a custom hbase filter that seeks (SEEK_NEXT_USING_HINT) to a next column family (called ""cf"" in our case) based on data in a cell in a prior column family (called ""bf_slicing""). We upgraded to hbase 2.6.0 from 2.5.8, the change in this ticket https://issues.apache.org/jira/browse/HBASE-27788 caused a significant performance degradation (from instant seeking to the next family to traversing the entire bf_slicing family). We traced the cause to the following: When comparing families here, the 'cf' family is ordered lower than 'bf_slicing' due to its length, causing the first column family (""bf_slicing"") to be fully traversed. The offending code is here: [https://github.com/apache/hbase/pull/5171/files#diff-1ec9654ed8e00f46e11430fc726f8351db59597723efa0bf1e268196f00244c6R54] The original story (HBASE_27788) mentions no seeking should be done outside a column family, but our use case seems legitimate in the data model, so we think this is a bug. The attached screenshot shows a jprofiler dump with invocation counts showing it is traversing all data (going to 12M cells in this case), this is on hbase 2.6.0 [^Screenshot from 2024-10-04 15-52-32.png]"
13594276,Explore adopting Revapi for compatibility reporting in PRs and RCs,Open,Major,,"The first release candidate of 2.6.1 had quite a few incompatible changes. It would be great to surface issues at the time when changes are bring introduced, instead of at release time. Our current API Compatibility report is quite nice, but is driven by a program that carries a restrictive license and so we haven't been able to deploy it widely. It happens that I was looking at another ASF project this week and noticed that they do have compatibility checking in pre-commit, powered by [Revapi|https://revapi.org/], which has the Apache v2 license."
13594156,Automate organization of pom.xml using spotless,Open,Major,,"In our codebase, dependencies in POM files should be auto organized such that test dependencies are listed after compile dependencies. To ensure this is consistently applied across the project, we will utilize the {{sortPom}} functionality provided by the Spotless plugin. See discussion here: [https://github.com/apache/hbase/pull/6258#discussion_r1784337008] CC: [~ndimiduk], [~stoty]"
