Issue id,Summary,Status,Priority,Resolution,Description
13525982,Make PySpark working with Python 3.7,Resolved,Blocker,Fixed,"{code} + ./python/run-tests --python-executables=python3 Running PySpark tests. Output is in /home/ec2-user/spark/python/unit-tests.log Will test against the following Python executables: ['python3'] Will test the following Python modules: ['pyspark-connect', 'pyspark-core', 'pyspark-errors', 'pyspark-ml', 'pyspark-mllib', 'pyspark-pandas', 'pyspark-pandas-slow', 'pyspark-resource', 'pyspark-sql', 'pyspark-streaming'] python3 python_implementation is CPython python3 version is: Python 3.7.16 Starting test(python3): pyspark.ml.tests.test_feature (temp output: /home/ec2-user/spark/python/target/8ca9ab1a-05cc-4845-bf89-30d9001510bc/python3__pyspark.ml.tests.test_feature__kg6sseie.log) Starting test(python3): pyspark.ml.tests.test_base (temp output: /home/ec2-user/spark/python/target/f2264f3b-6b26-4e61-9452-8d6ddd7eb002/python3__pyspark.ml.tests.test_base__0902zf9_.log) Starting test(python3): pyspark.ml.tests.test_algorithms (temp output: /home/ec2-user/spark/python/target/d1dc4e07-e58c-4c03-abe5-09d8fab22e6a/python3__pyspark.ml.tests.test_algorithms__lh3wb2u8.log) Starting test(python3): pyspark.ml.tests.test_evaluation (temp output: /home/ec2-user/spark/python/target/3f42dc79-c945-4"
13524752,DataFrame.drop should handle multi columns properly,Resolved,Blocker,Fixed,"{code:java} from pyspark.sql import Row df1 = spark.createDataFrame([(14, ""Tom""), (23, ""Alice""), (16, ""Bob"")], [""age"", ""name""]) df2 = spark.createDataFrame([Row(height=80, name=""Tom""), Row(height=85, name=""Bob"")]) df1.join(df2, df1.name == df2.name, 'inner').drop('name', 'age').show() {code} This works in 3.3 {code:java} +------+ |height| +------+ | 85| | 80| +------+ {code} but fails in 3.4 {code:java} --------------------------------------------------------------------------- AnalysisException Traceback (most recent call last) Cell In[1], line 4 2 df1 = spark.createDataFrame([(14, ""Tom""), (23, ""Alice""), (16, ""Bob"")], [""age"", ""name""]) 3 df2 = spark.createDataFrame([Row(height=80, name=""Tom""), Row(height=85, name=""Bob"")]) ----> 4 df1.join(df2, df1.name == df2.name, 'inner').drop('name', 'age').show() File ~/Dev/spark/python/pyspark/sql/dataframe.py:4913, in DataFrame.drop(self, *cols) 4911 jcols = [_to_java_column(c) for c in cols] 4912 first_column, *remaining_columns = jcols -> 4913 jdf = self._jdf.drop(first_column, self._jseq(remaining_columns)) 4915 return DataFrame(jdf, self.sparkSession) File ~/Dev/spark/python/lib/py4j-0.10.9.7-src.zip/py4j/java_gateway.py:1322, in JavaMemb"
13524945,Prevent `docker-image-tool.sh` from publishing OCI manifests,Resolved,Blocker,Fixed,https://github.com/docker/buildx/issues/1509
13524305,JsonProtocol should handle null JSON strings,Resolved,Blocker,Fixed,"*Event Log* {code} {""Declaring Class"":""org.apache.spark.sql.catalyst.expressions.GeneratedClass$GeneratedIteratorForCodegenStage1"",""Method Name"":""columnartorow_nextBatch_0$"",""File Name"":null,""Line Number"":-1} {code} *Apache Spark 3.4* {code} 3/02/10 16:54:46 ERROR ReplayListenerBus: Exception parsing Spark event log: file:/Users/dongjoon/data/history/eventlog_v2_spark-1676069204164-1qq70hioosynfzib9rmi77wbavnao-driver-job/events_1_spark-1676069204164-1qq70hioosynfzib9rmi77wbavnao-driver-job.zstd java.lang.IllegalArgumentException: requirement failed: Expected string, got NULL at scala.Predef$.require(Predef.scala:281) at org.apache.spark.util.JsonProtocol$JsonNodeImplicits.extractString(JsonProtocol.scala:1614) at org.apache.spark.util.JsonProtocol$.$anonfun$stackTraceFromJson$1(JsonProtocol.scala:1561) at scala.collection.Iterator$$anon$10.next(Iterator.scala:461) at scala.collection.Iterator.foreach(Iterator.scala:943) at scala.collection.Iterator.foreach$(Iterator.scala:943) at scala.collection.AbstractIterator.foreach(Iterator.scala:1431) at scala.collection.generic.Growable.$plus$plus$eq(Growable.scala:62) at scala.collection.generic.Growable.$plus$plus$eq$(Growable.scala:53) "
13524280,CONV() silently overflows returning wrong results,In Progress,Critical,,"spark-sql> SELECT CONV(SUBSTRING('0xffffffffffffffffffffffffffffffffffffffffffffffffffffffffffffffff', 3), 16, 10); 18446744073709551615 Time taken: 2.114 seconds, Fetched 1 row(s) spark-sql> set spark.sql.ansi.enabled = true; spark.sql.ansi.enabled true Time taken: 0.068 seconds, Fetched 1 row(s) spark-sql> SELECT CONV(SUBSTRING('0xffffffffffffffffffffffffffffffffffffffffffffffffffffffffffffffff', 3), 16, 10); 18446744073709551615 Time taken: 0.05 seconds, Fetched 1 row(s) In ANSI mode we should raise an error for sure. In non ANSI either an error or a NULL maybe be acceptable. Alternatively, of course, we could consider if we can support arbitrary domains since the result is a STRING again."
13522751,Spark Driver hangs on OOM during Broadcast when AQE is enabled,Resolved,Critical,Fixed,"Repro steps: {code} $ spark-shell --conf spark.driver.memory=1g val df = spark.range(5000000).withColumn(""str"", lit(""abcdabcdabcdabcdabasgasdfsadfasdfasdfasfasfsadfasdfsadfasdf"")) val df2 = spark.range(10).join(broadcast(df), Seq(""id""), ""left_outer"") df2.collect {code} This will cause the driver to hang indefinitely. Heres a thread dump of the {{main}} thread when its stuck {code} sun.misc.Unsafe.park(Native Method) java.util.concurrent.locks.LockSupport.park(LockSupport.java:175) java.util.concurrent.locks.AbstractQueuedSynchronizer$ConditionObject.await(AbstractQueuedSynchronizer.java:2039) java.util.concurrent.LinkedBlockingQueue.take(LinkedBlockingQueue.java:442) org.apache.spark.sql.execution.adaptive.AdaptiveSparkPlanExec.$anonfun$getFinalPhysicalPlan$1(AdaptiveSparkPlanExec.scala:285) org.apache.spark.sql.execution.adaptive.AdaptiveSparkPlanExec$$Lambda$2819/629294880.apply(Unknown Source) org.apache.spark.sql.SparkSession.withActive(SparkSession.scala:809) org.apache.spark.sql.execution.adaptive.AdaptiveSparkPlanExec.getFinalPhysicalPlan(AdaptiveSparkPlanExec.scala:236) => holding Monitor(java.lang.Object@1932537396}) org.apache.spark.sql.execution.adaptive.AdaptiveSparkPla"
13526002,table directory will lost on hdfs when `INSERT OVERWRITE` faild,Closed,Critical,Cannot Reproduce,"{color:#4c9aff}when a `{*}INSERT{*} OVERWRITE *TABLE`* statment faild during execution, the table's directory will be deleted. this is not happen in spark 3.2.1.{color} {color:#4c9aff}for example: {color} *CREATE* *TABLE* *IF* *NOT* *EXISTS* test.spark32_overwrite(amt1 {*}int{*}) STORED *AS* ORC; *INSERT* OVERWRITE *TABLE* test.spark32_overwrite *select* 128; *CREATE* *TABLE* *IF* *NOT* *EXISTS* test.spark32_overwrite2(amt1 long) STORED *AS* ORC; *INSERT* OVERWRITE *TABLE* test.spark32_overwrite *select* 6000044164; *INSERT* OVERWRITE *TABLE* test.spark32_overwrite *select* amt1 *from* test.spark32_overwrite2; – {color:#de350b}*this will got Casting overflow exception*{color} {color:#4c9aff}and then :{color} *select* * *from* test.spark32_overwrite; {color:#4c9aff}will got error:{color} {color:#172b4d}java.io.FileNotFoundException{color} {color:#172b4d}!image-2023-02-24-15-21-55-273.png!{color} {color:#172b4d}the table's directory is losted. use `hdfs dfs -ls` cmd to check:{color} !image-2023-02-24-15-23-32-977.png!"
13526097,Spark Connect Scala Client,Reopened,Major,,This is the EPIC to track all the work for the Spark Connect Scala Client.
13526136,Provide a mode to replace Py4J for local communication,Resolved,Major,Duplicate,"We can replace Py4J even when master is specified. e.g., SparkSession.builder.master(""..."") and communicate w/ JVM via Spark Connect instead of Py4J."
13525277,SPIP: Shutting down spark structured streaming when the streaming process completed current process,Open,Major,,"Spark Structured Streaming is a very useful tool in dealing with Event Driven Architecture. In an Event Driven Architecture, there is generally a main loop that listens for events and then triggers a call-back function when one of those events is detected. In a streaming application the application waits to receive the source messages in a set interval or whenever they happen and reacts accordingly. There are occasions that you may want to stop the Spark program gracefully. Gracefully meaning that Spark application handles the last streaming message completely and terminates the application. This is different from invoking interrupts such as CTRL-C. Of course one can terminate the process based on the following # query.awaitTermination() # Waits for the termination of this query, with stop() or with error # query.awaitTermination(timeoutMs) # Returns true if this query is terminated within the timeout in milliseconds. So the first one above waits until an interrupt signal is received. The second one will count the timeout and will exit when timeout in milliseconds is reached. The issue is that one needs to predict how long the streaming job needs to run. Clearly any interrupt at th"
13522896,Assign name to _LEGACY_ERROR_TEMP_0035,In Progress,Major,,
13522900,Assign name to _LEGACY_ERROR_TEMP_2256,Open,Major,,
13524401,Dateset operations should not resolve the analyzed logical plan again,Resolved,Major,Fixed,"For the following query {code:java} sql( """""" |CREATE TABLE app_open ( | uid STRING, | st TIMESTAMP, | ds INT |) USING parquet PARTITIONED BY (ds); |"""""".stripMargin) sql( """""" |create or replace temporary view group_by_error as WITH new_app_open AS ( | SELECT | ao.* | FROM | app_open ao |) |SELECT | uid, | 20230208 AS ds | FROM | new_app_open | GROUP BY | 1, | 2 |"""""".stripMargin) sql( """""" |select | `uid` |from | group_by_error |"""""".stripMargin).show(){code} Spark will throw the following error {code:java} [GROUP_BY_POS_OUT_OF_RANGE] GROUP BY position 20230208 is not in select list (valid range is [1, 2]).; line 9 pos 4 {code} This is because the logical plan is not set as analyzed and it is analyzed again. The analyzer rules about aggregation/sort ordinals are not idempotent."
13524700,Implement First batch of Dataset APIs,Resolved,Major,Done,
13525332,Add new function filter_value,In Progress,Major,,"Doing data validation in Spark can lead to a lot of extra evaluations of expressions. This is because conditionally evaluated expressions aren't candidates for subexpression elimination. For example a simple expression such as {{when(validate(col), col)}} to only keep col if it matches some condition, will lead to col being evaluated twice. And if call itself is made up of a series of expensive expressions itself, like regular expression checks, this can lead to a lot of wasted computation time. The initial attempt to resolve this was https://issues.apache.org/jira/browse/SPARK-35564, adding support for subexpression elimination to conditionally evaluated expressions. However I have not been able to get that merged, so this is an alternative (though I believe that is still useful on top of this). We can add a new higher order function ""filter_value"" that takes the column you want to validate as an argument, and then a function that runs a lambda expression returning a boolean on whether to keep that column or not. It would have the same semantics as the above when expression, except it would guarantee to only evaluate the initial column once. An alternative would be to implement a "
13522878,Assign name to _LEGACY_ERROR_TEMP_2232,Resolved,Major,Fixed,
13523901,Avoid unnecessary parquet footer reads when no filters in vectorized reader,Resolved,Major,Fixed,"Parquet footer is now read twice even if there are no filters requiring pushdown in vectorized parquet reader. When the NameNode is under high pressure, it will cost time to read twice. Actually we can avoid this unnecessary parquet footer reads and use footer metadata in {{{}VectorizedParquetRecordReader{}}}."
13525366,Scala Client: Add 2nd batch of functions,Resolved,Major,Fixed,
13526451,SparkSQLCLIDriver shall only close started hive sessionState,Resolved,Major,Fixed,
13523449,Fix constructor for java.nio.DirectByteBuffer for Java 21+,Resolved,Major,Fixed,"In the latest JDK, the constructor {{DirectByteBuffer(long, int)}} was replaced with {{{}DirectByteBuffer(long, long){}}}. We just want to support both by probing for the legacy one first and falling back to the newer one second. This change is completely transparent for the end-user, and makes sure Spark works transparently on the latest JDK as well."
13524880,Remove hadoop-2 profile from Apache Spark,Resolved,Major,Fixed,SPARK-40651 Drop Hadoop2 binary distribtuion from release process and SPARK-42447 Remove Hadoop 2 GitHub Action job
13522913,Convert `require` in `ComplexTypeMergingExpression.dataTypeCheck` to an error class,Resolved,Major,Fixed,See https://github.com/apache/spark/pull/39851#pullrequestreview-1280621488
13522899,Assign name to _LEGACY_ERROR_TEMP_1175,Resolved,Major,Fixed,
13526312,New physical type Decimal128 for DecimalType,In Progress,Major,,
13522598,Introduce conf spark.sql.parquet.inferTimestampNTZ.enabled for TimestampNTZ inference on Parquet,Resolved,Major,Fixed,"Introduce conf spark.sql.parquet.inferTimestampNTZ.enabled for TimestampNTZ inference on Parquet, instead of using spark.sql.parquet.timestampNTZ.enabled which makes it impossible for TimestampNTZ writing when the flag is disabled."
13522875,Assign name to _LEGACY_ERROR_TEMP_2189,Resolved,Major,Fixed,
13524557,Conv should return an error if the internal conversion overflows,Resolved,Major,Fixed,
13525663,Apache Spark 3.4 release,Resolved,Major,Done,An umbrella for Apache Spark 3.4 release
13524373,Better support for Istio service mesh while running Spark on Kubernetes,Open,Major,,"h3. Support for Strict MTLS In strict MTLS Peer Authentication Istio requires each pod to be associated with a service identity (as this allows listeners to use the correct cert and chain). Without the service identity communication goes through passthrough cluster which is not permitted in strict mode. Community is still investigating communication through IPs with strict MTLS [https://github.com/istio/istio/issues/37431#issuecomment-1412831780]. Today Spark backend creates a service record for driver however executor pods register with driver using their Pod IPs. In this model therefore, TLS handshake would fail between driver and executor and also between executors. As part of this Jira we want to similarly add service records for the executor pods as well. This can be achieved by adding a ExecutorServiceFeatureStep similar to existing DriverServiceFeatureStep h3. Allowing binding to all IPs Before Istio 1.10 the istio-proxy sidecar was forwarding outside traffic to localhost of the pod. Thus if the application container is binding only to Pod IP the traffic would not be forwarded to it. This was addressed in 1.10 [https://istio.io/latest/blog/2021/upcoming-networking-changes]. "
13526008,Support more subexpression elimination cases,In Progress,Major,,"h1. *Design Sketch* h2. How to support more subexpressions elimination cases * Get all common expressions from input expressions of the current physical operator to current CodeGenContext. Recursively visits all subexpressions regardless of whether the current expression is a conditional expression. * For each common expression: ** Add a new boolean variable *subExprInit* to indicate whether it has already been evaluated. ** Add a new code block in CodeGenSupport trait, and reset those *subExprInit* variables to *false* before the physical operators begin to evaluate the input row. ** Add a new wrapper subExpr function for each common subexpression. |private void subExpr_n(${argList}) { if (!subExprInit) { ${eval.code} subExprInit_n = true; subExprIsNull_n = ${eval.isNull}; subExprValue_n = ${eval.value}; } }| * When generating the input expression code, if the input expression is a common expression, the expression code will be replaced with the corresponding subExpr function. When the subExpr function is called for the first time, *subExprInit* will be set to true, and the subsequent function calls will do nothing. h2. Why should we support whole-stage subexpression elimination R"
13525136,Distributed ML <> spark connect,Open,Major,,
13523238,Support row skipping when reading CSV files,In Progress,Major,,"Spark currently can't read CSV files that contain lines with comments or annotations above the header and data. Work-arounds include pre-processing CSVs, or using RDDs and something like {{zipWithIndex}}. But all of these increase friction for less technical users. This issue proposes a {{skipLines}} option for Spark's CSV parser to drop a number of unwanted lines at the top of a CSV file."
13525372,Support of pandas API on Spark for Spark Connect,Resolved,Major,Fixed,We should enable `pandas API on Spark` on Spark Connect.
13526225,Improve output of Column.explain,In Progress,Major,,We currently display the structure of the proto in both the regular and extended version of explain. We should display a more compact sql-a-like string for the regular version.
13522880,Assign name to _LEGACY_ERROR_TEMP_1204,Resolved,Major,Fixed,
13526472,Support `isocalendar`,Resolved,Major,Fixed,We should support `isocalendar` to match pandas behavior (https://pandas.pydata.org/pandas-docs/dev/reference/api/pandas.Series.dt.isocalendar.html)
13525079,spark.kubernetes.file.upload.path not deleting files under HDFS after job completes,In Progress,Major,,"In cluster mode after uploading files to HDFS location using spark.kubernetes.file.upload.path property files are not getting cleared . File is successfully uploaded to hdfs location in this format spark-upload-[randomUUID] using {{KubernetesUtils}} is requested to uploadFileUri . [https://github.com/apache/spark/blob/76a134ade60a9f354aca01eaca0b2e2477c6bd43/resource-managers/kubernetes/core/src/main/scala/org/apache/spark/deploy/k8s/KubernetesUtils.scala#L310] following is driver log , driver is completed successfully and shutdownhook is not cleared the hdfs files. {code:java} 23/02/16 18:06:56 INFO KubernetesClusterSchedulerBackend: Shutting down all executors 23/02/16 18:06:56 INFO KubernetesClusterSchedulerBackend$KubernetesDriverEndpoint: Asking each executor to shut down 23/02/16 18:06:56 WARN ExecutorPodsWatchSnapshotSource: Kubernetes client has been closed. 23/02/16 18:06:57 INFO MapOutputTrackerMasterEndpoint: MapOutputTrackerMasterEndpoint stopped! 23/02/16 18:06:57 INFO MemoryStore: MemoryStore cleared 23/02/16 18:06:57 INFO BlockManager: BlockManager stopped 23/02/16 18:06:57 INFO BlockManagerMaster: BlockManagerMaster stopped 23/02/16 18:06:57 INFO OutputCommitCoordin"
13526476,Add `show_counts` parameter for DataFrame.info,Resolved,Major,Fixed,See https://github.com/pandas-dev/pandas/pull/37999
13525243,Improve the performance of drop partitions,Resolved,Major,Fixed,"Currently to drop the matching partitions, Spark will first get all matching Partition objects from Hive metastore, and just use the partition values of these Partition objects. We can get the matching partition names instead of the partition objects for the following reasons: 1. we can also get partition values through a partition name (like a=1/b=2) 2. the byte size of partition name is much smaller than partition object, which will help improve the performance of drop partitions."
13525582,Scala Client: Add 3rd batch of functions,Resolved,Major,Fixed,
13526490,Add `inclusive` parameter for date_range,Resolved,Major,Fixed,See https://github.com/pandas-dev/pandas/issues/40245
13526489,Add `inclusive` parameter for (DataFrame|Series).between_time,Resolved,Major,Fixed,See https://github.com/pandas-dev/pandas/pull/43248
13522892,Assign name to _LEGACY_ERROR_TEMP_2133,Resolved,Major,Fixed,
13525407,ConstantPropagation support more cases,Resolved,Major,Fixed,
13523505,Point out the user-facing documentation in Spark Connect server startup,Open,Major,,See SPARK-42375 in SparkSubmit.scala
13522901,Assign name to _LEGACY_ERROR_TEMP_2175,Resolved,Major,Fixed,
13522380,Test Parity: pyspark.sql.tests.test_udf and pyspark.sql.tests.pandas.test_pandas_udf,Resolved,Major,Fixed,
13524303,Support parameterized SQL by sql(),Resolved,Major,Fixed,
13526474,Warning for the pandas-related behavior changes in next major release,Resolved,Major,Fixed,
13526260,Deprecate & remove the APIs that will be removed in pandas 2.0.,Resolved,Major,Fixed,pandas is preparing to release 2.0 which includes bunch of API changes. ([https://pandas.pydata.org/pandas-docs/version/2.0/whatsnew/v2.0.0.html#removal-of-prior-version-deprecations-changes]) We also should deprecate the APIs so that we can remove the API in next release.
13524375,Initial prototype implementation for PySparkML,Resolved,Major,Done,
13525436,High level design doc for Distributed ML <> spark connect,Resolved,Major,Done,Design doc: https://docs.google.com/document/d/1LHzwCjm2SluHkta_08cM3jxFSgfF-niaCZbtIThG-H8/edit?usp=sharing
13522869,Assign name to _LEGACY_ERROR_TEMP_2132,Resolved,Major,Fixed,
13526587,Add Destructive Iterator for SparkResult,Resolved,Major,Fixed,"Add a destructive iterator to SparkResult. Instead of keeping everything in memory for the life time of SparkResult object, clean it up as soon as we know we are done with it. We can use this for Dataset.toLocalIterator."
13522870,Assign name to _LEGACY_ERROR_TEMP_2206,Resolved,Major,Fixed,
13526227,Streaming createDataFrame implementation,Resolved,Major,Fixed,createDataFrame in Spark Connect is now one protobuf message which doesn't allow creating a large local DataFrame. We should make it streaming.
13526291,Support unwrap date type to timestamp type,Resolved,Major,Fixed,
13526172,Extend function.lit() to match Literal.apply(),Resolved,Major,Fixed,"function.lit should support the same conversions as the original. This requires an addition to the connect protocol, since it does not support nested type literals at the moment."
13526350,Implement functions.typedlit,Resolved,Major,Fixed,We need to add functions.typedlit. This requires a change to the connect protocol. See SPARK-42579
13525613,Scala Client add partition transforms functions,Resolved,Major,Fixed,
13524408,Migrate `TypeError` into error framework for Spark Connect column API.,Resolved,Major,Fixed,We should migrate all errors into PySpark error framework.
13522888,Assign name to _LEGACY_ERROR_TEMP_2247,Resolved,Major,Fixed,
13526023,"Get ParseException when run sql: ""SELECT 1 UNION SELECT 1;""",Resolved,Major,Fixed,"When I run sql {code:java} scala> spark.sql(""SELECT 1 UNION SELECT 1;"") {code} I get ParseException: {code:java} org.apache.spark.sql.catalyst.parser.ParseException: mismatched input 'SELECT' expecting {<EOF>, ';'}(line 1, pos 15)== SQL == SELECT 1 UNION SELECT 1; ---------------^^^ at org.apache.spark.sql.catalyst.parser.ParseException.withCommand(ParseDriver.scala:266) at org.apache.spark.sql.catalyst.parser.AbstractSqlParser.parse(ParseDriver.scala:127) at org.apache.spark.sql.execution.SparkSqlParser.parse(SparkSqlParser.scala:51) at org.apache.spark.sql.catalyst.parser.AbstractSqlParser.parsePlan(ParseDriver.scala:77) at org.apache.spark.sql.SparkSession.$anonfun$sql$2(SparkSession.scala:616) at org.apache.spark.sql.catalyst.QueryPlanningTracker.measurePhase(QueryPlanningTracker.scala:111) at org.apache.spark.sql.SparkSession.$anonfun$sql$1(SparkSession.scala:616) at org.apache.spark.sql.SparkSession.withActive(SparkSession.scala:775) at org.apache.spark.sql.SparkSession.sql(SparkSession.scala:613) ... 47 elided {code} If I run with parentheses , it works well {code:java} scala> spark.sql(""(SELECT 1) UNION (SELECT 1);"") res4: org.apache.spark.sql.DataFrame = [1: int]{code} Thi"
13526259,Document SS guide doc for supporting multiple stateful operators (especially chained aggregations),Resolved,Major,Fixed,"We made a change on the guide doc for SPARK-40925 via SPARK-42105, but from SPARK-42105 we only removed the section of ""limitation of global watermark"". That said, we haven't provided any example of new functionality, especially that users need to know about the change of SQL function (window) in chained time window aggregations. In this ticket, we will add the example of chained time window aggregations, with introducing new functionality of SQL function."
13525927,"User-provided JARs can override Spark's Hive metadata client JARs when using ""builtin""",Resolved,Major,Fixed,"Recently we observed that on version 3.2.0 and Java 8, it is possible for user-provided Hive JARs to break the ability for Spark, via the Hive metadata client / {{IsolatedClientLoader}}, to communicate with Hive Metastore, when using the default behavior of the ""builtin"" Hive version. After SPARK-35321, when Spark is compiled against Hive >= 2.3.9 and the ""builtin"" Hive client version is used, we will call the method {{Hive.getWithoutRegisterFns()}} (from HIVE-21563) instead of {{Hive.get()}}. If the user has included, for example, {{hive-exec-2.3.8.jar}} on their classpath, the client will break with a {{NoSuchMethodError}}. This particular failure mode was resolved in 3.2.1 by SPARK-37446, but while investigating, we found a general issue that it's possible for user JARs to override Spark's own JARs -- but only inside of the IsolatedClientLoader when using ""builtin"". This happens because even when Spark is configured to use the ""builtin"" Hive classes, it still creates a separate URLClassLoader for the HiveClientImpl used for HMS communication. To get the set of JAR URLs to use for this classloader, Spark [collects all of the JARs used by the user classloader (and its parent, and "
13524335,`with as` executed again,Resolved,Major,Fixed,"When 'with as' is used multiple times, it will be executed again each time without saving the results of' with as', resulting in low efficiency. Will you consider improving the behavior of 'with as'"
13524675,Pyspark catalog.cacheTable allow to specify storage level Connect add support Storagelevel,Resolved,Major,Fixed,Currently PySpark version of catalog.cacheTable function does not support to specify storage level. This is to add that.
13522466,add spark.yarn.archive/jars similar option for spark on K8S,Open,Major,,"For spark on yarn, there are `spark.yarn.archive` and `spark.yarn.jars` to distribute spark runtime jars before driver/executor starts up. I'd like to propose similar functionality for spark on K8S. The benefits are: # accelerating workloads migration from yarn to K8S which use the above feature # explore new version of spark more easily without to rebuild the spark image # currently, there's really no other way to add additional/extension jars to executors on k8s before startup ."
13522887,Assign name to _LEGACY_ERROR_TEMP_2044,Resolved,Major,Fixed,
13525631,Add more WriteTo tests after Scala Client session config is supported,Resolved,Major,Fixed,"Add more test cases following the examples in ""SparkConnectProtoSuite(""WriteTo"")"" tests and add more tests."
13524174,Support for Pandas/Arrow Functions API,Resolved,Major,Resolved,"There are derivative APIs which depend on the implementation of Pandas UDFs: Pandas Function APIs and Arrow Function APIs, as shown below: !image-2023-03-29-11-40-44-318.png|width=576,height=225! Spark Connect Python Client (SCPC), as a client and server interface for PySpark will eventually replace the legacy API of PySpark. Supporting PySpark UDFs is essential for Spark Connect to reach parity with the PySpark legacy API. See design doc [here|https://docs.google.com/document/d/e/2PACX-1vRXF8nTdjwH0LbYyp3b6Zt6STEKWsvfKSO7_s4foOB-3zJ2h4_06JF147hUPlADJxZ_X22RFxgZ-fRS/pub]."
13525448,Spark SQL should do further validation on join condition fields,Resolved,Major,Won't Do,"In Spark SQL, the conditions for the join use fields that are allowed to be fields from a non-left table or a non-right table. In this case, the join will degenerate into a cross join. Suppose you have two tables, test1 and test2, which have the same table schema: {code:java} ``` CREATE TABLE `default`.`test1` ( `id` INT, `name` STRING, `age` INT, `dt` STRING) USING parquet PARTITIONED BY (dt) ```{code} The following SQL has three joins, but in the last left join, the conditions is `t1.name=t2.name`, and t3.name is not used. So the last left join will be cross join. {code:java} ``` select * from (select * from test1 where dt=""20230215"" and age=1 ) t1 left join (select * from test1 where dt==""20230215"" and age=2) t2 on t1.name=t2.name left join (select * from test2 where dt=""20230215"") t3 on t1.name=t2.name; ```{code} So i think Spark SQL should do further validation on join condition, the fields of join condition must be a left table or right table field , otherwise it is thrown `AnalysisException`."
13525639,Add NULL values for INSERT commands with user-specified lists of fewer columns than the target table,Resolved,Major,Fixed,
13525515,Extract the common .ml classes to `mllib-common`,Resolved,Major,Fixed,
13523013,Implement Grouped Map API,Resolved,Major,Fixed,
13526278,Support query inserted partitions after insert data into table when hive.exec.dynamic.partition=true,In Progress,Major,,"When hive.exec.dynamic.partition=true and hive.exec.dynamic.partition.mode=nonstrict, we can insert table by sql like 'insert overwrite table aaa partition(dt) select xxxx', of course we can know the partitions inserted into the table by the sql itself, but if we want do something for common use, we need some common way to get the inserted partitions, for example: spark.sql(""insert overwrite table aaa partition(dt) select xxxx"") //insert table val partitions = getInsertedPartitions() //need some way to get inserted partitions monitorInsertedPartitions(partitions) //do something for common use Since insert statement should not return any data, this ticket propose to introduce spark.hive.exec.dynamic.partition.savePartitions=true (default false) spark.hive.exec.dynamic.partition.savePartitions.tableNamePrefix=hive_dynamic_inserted_partitions when spark.hive.exec.dynamic.partition.savePartitions=true we save the partitions to the temporary view $spark.hive.exec.dynamic.partition.savePartitions.tableNamePrefix_$dbName_$tableName we will allow user to do this scala> spark.conf.set(""hive.exec.dynamic.partition"", true) scala> spark.conf.set(""hive.exec.dynamic.partition.mode"", ""nonstrict"")"
13525981,SPARK-42045 is incomplete in supporting ANSI_MODE fro round() and bround(),Open,Major,,"under ANSI mode SPARK-42045 added error conditions insetad of silent overflows for edge cases in round() and bround(). However it appears this fix works only for the INT data type. Trying it on a e.g. SMALLINT the function still returns wrong results: {code:java} spark-sql> select round(2147483647, -1); [ARITHMETIC_OVERFLOW] Overflow. If necessary set ""spark.sql.ansi.enabled"" to ""false"" to bypass this error.{code} {code:java} spark-sql> select round(127y, -1); -126 {code}"
13526100,Add Broadcast to functions,Resolved,Major,Fixed,Add the {{broadcast}} function to functions.scala. Please check if we can get the same semantics as the current implementation using unresolved hints. https://github.com/apache/spark/blame/master/sql/core/src/main/scala/org/apache/spark/sql/functions.scala#L1246-L1261
13524400,The built-in dialects support OFFSET and paging query.,Resolved,Major,Won't Fix,
13525592,Push down topK through join,In Progress,Major,,"{code:scala} spark.range(100000000).selectExpr(""id % 10000 as a"", ""id as b"").write.saveAsTable(""t1"") spark.range(100000000).selectExpr(""id % 10000 as x"", ""id as y"").write.saveAsTable(""t2"") sql(""select * from t1 left join t2 on a = x order by b limit 5"").collect() spark.sql(""set spark.sql.optimizer.excludedRules=org.apache.spark.sql.catalyst.optimizer.LimitPushDown"") sql(""select * from t1 left join t2 on a = x order by b limit 5"").collect() {code}"
13522830,Include column default values in DESCRIBE output for V2 tables,Resolved,Major,Fixed,
13525370,Introducing Spark Connect on the main page and adding Spark Connect Overview page,Resolved,Major,Fixed,We should document the introduction of Spark Connect at PySpark main documentation page to give a summary to users.
13525975,Remove `experimental` from Volcano docs,Resolved,Major,Fixed,
13525791,Update YuniKorn documentation with v1.2,Resolved,Major,Fixed,
13523504,User-facing documentation,Open,Major,,Should provide the user-facing documentation so end users how to use Spark Connect.
13526563,parameter markers not blocked in DDL,Resolved,Major,Fixed,"The parameterized query code does not block DDL statements from referencing parameter markers. E.g. a {code:java} scala> spark.sql(sqlText = ""CREATE VIEW v1 AS SELECT current_timestamp() + :later as stamp, :x * :x AS square"", args = Map(""later"" -> ""INTERVAL'3' HOUR"", ""x"" -> ""15.0"")).show() ++ || ++ ++ {code} It appears we have some protection that fails us when the view is invoked: {code:java} scala> spark.sql(sqlText = ""SELECT * FROM v1"", args = Map(""later"" -> ""INTERVAL'3' HOUR"", ""x"" -> ""15.0"")).show() org.apache.spark.sql.AnalysisException: [UNBOUND_SQL_PARAMETER] Found the unbound parameter: `later`. Please, fix `args` and provide a mapping of the parameter to a SQL literal.; line 1 pos 29 {code} Right now I think affected are: * DEFAULT definition * VIEW definition but any other future standard expression popping up is at risk, such as SQL Functions, or GENERATED COLUMN. CREATE TABLE AS is debatable, since it it executes the query at definition only. For simplicity I propose to block the feature from ANY DDL statement (CREATE, ALTER)."
13526155,A large stage could run indefinitely due to executor lost,Resolved,Major,Fixed,"When a stage is extremely large and Spark runs on spot instances or problematic clusters with frequent worker/executor loss, the stage could run indefinitely due to task rerun caused by the executor loss. This happens, when the external shuffle service is on, and the large stages runs hours to complete, when spark tries to submit a child stage, it will find the parent stage - the large one, has missed some partitions, so the large stage has to rerun. When it completes again, it finds new missing partitions due to the same reason. We should add a attempt limitation for this kind of scenario."
13525296,Upgrade ZooKeeper from 3.6.3 to 3.6.4,In Progress,Major,,"[ZooKeeper 3.6 is EoL since 30th December, 2022|https://zookeeper.apache.org/releases.html] [Release notes|https://zookeeper.apache.org/doc/r3.6.4/releasenotes.html]"
13524547,spark-hadoop-cloud is not provided in the default Spark distribution,Resolved,Major,Not A Problem,"The library spark-hadoop-cloud is absent in the default Spark distribution (as well as its dependencies like hadoop-aws). Therefore the dependency management section described in [Integration with Cloud Infrastructures|https://spark.apache.org/docs/3.3.1/cloud-integration.html#installation] is invalid. Actually the libraries for cloud integration are not provided. A naive workaround would be to add the spark-hadoop-cloud library as a compile-scope dependency. However, this does not work due to Spark classpath hierarchy. Spark system classloader does not see classes loaded by the application classloader. Therefore a proper fix would be to enable the hadoop-cloud build profile by default: -Phadoop-cloud"
13525201,Log4j2 doesn't works with Spark 3.3.0,Resolved,Major,Not A Problem,"Hi All, Was trying to run spark application on the cluster mode using log4j2 and Spark 3.3.0. When I run the below spark-submit command, only one worker (out of 3) starts executing the job. {code:java} // code placeholder spark-submit --master spark://spark-master-svc:7077 \ --conf spark.cores.max=4 \ --conf spark.sql.broadcastTimeout=3600 \ --conf spark.executor.cores=1 \ --jars /opt/spark/work-dir/<main_jar_name>.jar \ --deploy-mode cluster \ --class <class_name> \ --properties-file /opt/spark/conf/spark-defaults.conf \ --conf spark.driver.extraJavaOptions=""-Dcom.amazonaws.sdk.disableCertChecking=true -Dlog4j.configurationFile=file:/opt/spark/work-dir/<log4j2>.properties"" \ --conf spark.executor.extraJavaOptions=""-Dcom.amazonaws.sdk.disableCertChecking=true -Dlog4j.configurationFile=file:/opt/spark/work-dir/<log4j2>.properties"" \ --files ""/opt/spark/work-dir/<log4j2>.properties"" \ /opt/spark/work-dir/<jar_name>.jar /opt/spark/work-dir/application.properties >> /var/log/containers/hourly.log 2>&1 {code} It means, on only one worker, I can see the driver logs and the other workers are idle and there are no app or executors logs created on other workers. Below is the log4j2.properti"
13526378,[MESOS] OMP_NUM_THREADS not set to number of executor cores by default,Resolved,Major,Not A Problem,We could have similar issue to SPARK-42596 (YARN) in Mesos. Could someone verify? Unfortunately I am not able to due to lack of infra.
13524244,refine default column value framework,Resolved,Major,Fixed,
13522384,Local mode should work with IPython,Resolved,Major,Fixed,"{code:java} (spark_dev) ➜ spark git:(master) bin/pyspark --remote ""local[*]"" Python 3.9.15 (main, Nov 24 2022, 08:28:41) Type 'copyright', 'credits' or 'license' for more information IPython 8.9.0 -- An enhanced Interactive Python. Type '?' for help. /Users/ruifeng.zheng/Dev/spark/python/pyspark/shell.py:45: UserWarning: Failed to initialize Spark session. warnings.warn(""Failed to initialize Spark session."") Traceback (most recent call last): File ""/Users/ruifeng.zheng/Dev/spark/python/pyspark/shell.py"", line 40, in <module> spark = SparkSession.builder.getOrCreate() File ""/Users/ruifeng.zheng/Dev/spark/python/pyspark/sql/session.py"", line 429, in getOrCreate from pyspark.sql.connect.session import SparkSession as RemoteSparkSession File ""/Users/ruifeng.zheng/Dev/spark/python/pyspark/sql/connect/__init__.py"", line 21, in <module> from pyspark.sql.connect.dataframe import DataFrame # noqa: F401 File ""/Users/ruifeng.zheng/Dev/spark/python/pyspark/sql/connect/dataframe.py"", line 35, in <module> import pandas File ""/Users/ruifeng.zheng/Dev/spark/python/pyspark/pandas/__init__.py"", line 29, in <module> from pyspark.pandas.missing.general_functions import MissingPandasLikeGeneralFunction"
13526257,Document SS guide doc for introducing watermark propagation among operators,Resolved,Major,Fixed,"Once SPARK-42376 has merged, we would want to also provide the example of using stream-stream time interval join followed by streaming aggregation. Just adding the feature without proper document may lead to the case no one even knows this is supported."
13523190,Cannot resolve orderby attributes in DISTINCT,Resolved,Major,Won't Fix,"query: {code:java} CREATE TABLE students (name VARCHAR(64), address VARCHAR(64)) USING PARQUET PARTITIONED BY (student_id INT); SELECT DISTINCT trim(name) AS new_name FROM students order by name desc; {code} error: {code:java} spark-sql> SELECT DISTINCT trim(name) AS new_name FROM students order by name desc; Error in query: Column 'name' does not exist. Did you mean one of the following? [new_name]; line 1 pos 62; 'Sort ['name DESC NULLS LAST], true +- Distinct +- Project trim(name#1, None) AS new_name#0 +- SubqueryAlias spark_catalog.default.students +- Relation default.studentsname#1,address#2,student_id#3 parquet {code}"
13525629,Add documentation for Protobuf connector,Resolved,Major,Duplicate,"Similar to [https://spark.apache.org/docs/latest/sql-data-sources-avro.html,] we should add documentation for Protobuf connector"
13526375,Improvements to built in Protobuf functions,Open,Major,,
13526102,Implement DataFrameNaFunctions,Resolved,Major,Fixed,Implement DataFrameNaFunctions for connect and hook it up to Dataset.
13523513,Introduce watermark propagation among operators,Resolved,Major,Fixed,"With introduction of SPARK-40925, we enabled workloads containing multiple stateful operators in a single streaming query. The JIRA ticket clearly described out-of-scope, ""Here we propose fixing the late record filtering in stateful operators to allow chaining of stateful operators {*}which do not produce delayed records (like time-interval join or potentially flatMapGroupsWithState){*}"". We identified production use case for stream-stream time-interval join followed by stateful operator (e.g. window aggregation), and propose to address such use case via this ticket. The design will be described in the PR, but the sketched idea is introducing simulation of watermark propagation among operators. As of now, Spark considers all stateful operators to have same input watermark and output watermark, which introduced the limitation. With this ticket, we construct the logic to simulate watermark propagation so that each operator can have its own (input watermark, output watermark). Operators introducing delayed records will produce delayed output watermark, and downstream operator can take the delay into account as input watermark will be adjusted."
13525197,Make a serializable jobTrackerId instead of a non-serializable JobID in FileWriterFactory,Resolved,Major,Fixed,"https://issues.apache.org/jira/browse/SPARK-41448 make consistent MR job IDs in FileBatchWriter and FileFormatWriter, but it breaks a serializable issue, JobId is non-serializable"
13526171,Add JDBC to DataFrameWriter,In Progress,Major,,
13526101,Implement DataFrameStatFunctions,Resolved,Major,Fixed,"Implement DataFrameStatFunctions for connect, and hook it up to Dataset."
13526106,UnresolvedLambdaVariables in python do not need unique names,In Progress,Major,,"UnresolvedLambdaVariables do not need unique names in python. We already did this for the scala client, and it is good to have parity between the two implementations."
13526098,Add JDBC to DataFrameReader,Resolved,Major,Fixed,
13526099,Dataset.colregex should link a plan_id when it only matches a single column.,Resolved,Major,Fixed,When colregex returns a single column it should link the plans plan_id. For reference here is the non-connect Dataset code that does this: [https://github.com/apache/spark/blob/master/sql/core/src/main/scala/org/apache/spark/sql/Dataset.scala#L1512] This also needs to be fixed for the Python client.
13526107,Implement SparkSession.newSession,Resolved,Major,Duplicate,"Implement SparkSession.newSession for Connect. {code:java} /** * Start a new session with isolated SQL configurations, temporary tables, registered * functions are isolated, but sharing the underlying `SparkContext` and cached data. * * @note Other than the `SparkContext`, all shared state is initialized lazily. * This method will force the initialization of the shared state to ensure that parent * and child sessions are set up with the same shared state. If the underlying catalog * implementation is Hive, this will initialize the metastore, which may take some time. * * @since 2.0.0 */ def newSession(): SparkSession {code}"
13525090,Spark Connect Scala Client: GroupBy and Aggregation,Resolved,Major,Fixed,
13526382,Add tests for grouping() and grouping_id() functions,Resolved,Major,Fixed,
13525148,An explicit cast will be needed when INSERT OVERWRITE SELECT UNION ALL,Resolved,Major,Fixed,"*when 'union all' and one select statement use* *Literal as column value , the other* *select statement has computed expression at the same column , then the whole statement will compile failed. A explicit cast will be needed.* for example: {color:#4c9aff}explain{color} {color:#4c9aff}*INSERT* OVERWRITE *TABLE* test.spark33_decimal_orc{color} {color:#4c9aff}*select* *null* *as* amt1, {*}cast{*}('256.99' *as* {*}decimal{*}(20,8)) *as* amt2{color} {color:#4c9aff}*union* *all*{color} {color:#4c9aff}*select* {*}cast{*}('200.99' *as* {*}decimal{*}(20,8)){*}/{*}100 *as* amt1,{*}cast{*}('256.99' *as* {*}decimal{*}(20,8)) *as* amt2;{color} *will got error :* org.apache.spark.{*}sql{*}.catalyst.expressions.Literal cannot be *cast* *to* org.apache.spark.{*}sql{*}.catalyst.expressions.AnsiCast The SQL will need to change to : {color:#4c9aff}explain{color} {color:#4c9aff}*INSERT* OVERWRITE *TABLE* test.spark33_decimal_orc{color} {color:#4c9aff}*select* *null* *as* amt1,{*}cast{*}('256.99' *as* {*}decimal{*}(20,8)) *as* amt2{color} {color:#4c9aff}*union* *all*{color} {color:#4c9aff}*select* {color:#de350b}{*}cast{*}({color}{*}cast{*}('200.99' *as* {*}decimal{*}(20,8)){*}/{*}100 *as* {*}decimal{"
13526447,Refactor the AnalyzePlan RPC and add `session.version`,Resolved,Major,Fixed,
13526302,Make `CompatibilitySuite` as a tool like `dev/mima`,Resolved,Major,Fixed,"Using maven to test `CompatibilitySuite` requires some pre-work(need maven build sql & connect-client-jvm module before test), so when we run `mvn package test`, there will be following errors: {code:java} CompatibilitySuite: - compatibility MiMa tests *** FAILED *** java.lang.AssertionError: assertion failed: Failed to find the jar inside folder: /home/bjorn/spark-3.4.0/connector/connect/client/jvm/target at scala.Predef$.assert(Predef.scala:223) at org.apache.spark.sql.connect.client.util.IntegrationTestUtils$.findJar(IntegrationTestUtils.scala:67) at org.apache.spark.sql.connect.client.CompatibilitySuite.clientJar$lzycompute(CompatibilitySuite.scala:57) at org.apache.spark.sql.connect.client.CompatibilitySuite.clientJar(CompatibilitySuite.scala:53) at org.apache.spark.sql.connect.client.CompatibilitySuite.$anonfun$new$1(CompatibilitySuite.scala:69) at org.scalatest.OutcomeOf.outcomeOf(OutcomeOf.scala:85) at org.scalatest.OutcomeOf.outcomeOf$(OutcomeOf.scala:83) at org.scalatest.OutcomeOf$.outcomeOf(OutcomeOf.scala:104) at org.scalatest.Transformer.apply(Transformer.scala:22) at org.scalatest.Transformer.apply(Transformer.scala:20) ... - compatibility API tests: Dataset *** FAILE"
13526036,"NonReserved keyword ""interval"" can't be column name",Resolved,Major,Fixed,"INTERVAL is a Non-Reserved keyword in spark. ""Non-Reserved keywords"" have a special meaning in particular contexts and can be used as identifiers in other contexts. So by design, interval can be used as a column name. {code:java} scala> spark.sql(""select interval from mytable"") org.apache.spark.sql.catalyst.parser.ParseException: at least one time unit should be given for interval literal(line 1, pos 7)== SQL == select interval from mytable -------^^^ at org.apache.spark.sql.errors.QueryParsingErrors$.invalidIntervalLiteralError(QueryParsingErrors.scala:196) at org.apache.spark.sql.catalyst.parser.AstBuilder.$anonfun$parseIntervalLiteral$1(AstBuilder.scala:2481) at org.apache.spark.sql.catalyst.parser.ParserUtils$.withOrigin(ParserUtils.scala:133) at org.apache.spark.sql.catalyst.parser.AstBuilder.parseIntervalLiteral(AstBuilder.scala:2466) at org.apache.spark.sql.catalyst.parser.AstBuilder.$anonfun$visitInterval$1(AstBuilder.scala:2432) at org.apache.spark.sql.catalyst.parser.ParserUtils$.withOrigin(ParserUtils.scala:133) at org.apache.spark.sql.catalyst.parser.AstBuilder.visitInterval(AstBuilder.scala:2431) at org.apache.spark.sql.catalyst.parser.AstBuilder.visitInterval(AstBuild"
13526546,StackOverflowError reading json that does not conform to schema,Resolved,Major,Fixed,Databricks runtime 12.1 uses a pre-release version of spark 3.4.x we encountered the following problem !https://user-images.githubusercontent.com/133639/221866500-99f187a0-8db3-42a7-85ca-b027fdec160d.png!
13525401,Support for Runtime SQL configuration,Resolved,Major,Duplicate,
13525350,"Spark SQL, DataFrames and Datasets Guide - make Python the first code example tab",Resolved,Major,Fixed,Python is the easiest approachable and most popular language so it should be the primary language in examples etc.
13526423,PythonRunner should set OMP_NUM_THREADS to task cpus instead of executor cores by default,Resolved,Major,Fixed,"Follow up from [https://github.com/apache/spark/pull/40199#discussion_r1119453996] If OMP_NUM_THREADS is not set explicitly, we should set it to `spark.task.cpus` instead of `spark.executor.cores` as described in [PR #38699|https://github.com/apache/spark/pull/38699]."
13524927,createDataFrame should support DDL string as schema,Resolved,Major,Fixed,"{code:python} File ""/.../python/pyspark/sql/connect/readwriter.py"", line 393, in pyspark.sql.connect.readwriter.DataFrameWriter.option Failed example: with tempfile.TemporaryDirectory() as d: # Write a DataFrame into a CSV file with 'nullValue' option set to 'Hyukjin Kwon'. df = spark.createDataFrame([(100, None)], ""age INT, name STRING"") df.write.option(""nullValue"", ""Hyukjin Kwon"").mode(""overwrite"").format(""csv"").save(d) # Read the CSV file as a DataFrame. spark.read.schema(df.schema).format('csv').load(d).show() Exception raised: Traceback (most recent call last): File ""/.../lib/python3.9/doctest.py"", line 1334, in __run exec(compile(example.source, filename, ""single"", File ""<doctest pyspark.sql.connect.readwriter.DataFrameWriter.option[2]>"", line 3, in <module> df = spark.createDataFrame([(100, None)], ""age INT, name STRING"") File ""/.../python/pyspark/sql/connect/session.py"", line 312, in createDataFrame raise ValueError( ValueError: Some of types cannot be determined after inferring, a StructType Schema is required in this case {code}"
13524371,Support Scala 2.12/2.13 tests in connect module,Resolved,Major,Fixed,"{code} $ build/sbt -Dscala.version=2.13.8 -Pscala-2.13 -Phadoop-3 assembly/package ""connect/test"" {code}"
13525949,Specify protocol for UDF artifact transfer in JVM/Scala client,Resolved,Major,Fixed,"An ""artifact"" is any file that may be used during the execution of a UDF. In the decoupled client-server architecture of Spark Connect, a remote client may use a local JAR or a new class in their UDF that may not be present on the server. To handle these cases of missing ""artifacts"", a protocol for artifact transfer is needed to move the required artifacts from the client side over to the server side."
13526188,Add SparkSession implicits,Resolved,Major,Fixed,
13525669,Collapse two adjacent windows with semantically-same partition/order,Resolved,Major,Fixed,"Extend the CollapseWindow rule to collapse Window nodes with semantically-same partition/order but the qualifiers are different. {code:java} select a, b, c, row_number() over (partition by a order by b) as d from ( select a, b, rank() over (partition by a order by b) as c from t1) t2 == Optimized Logical Plan == before Window [row_number() windowspecdefinition(a#11, b#12 ASC NULLS FIRST, specifiedwindowframe(RowFrame, unboundedpreceding$(), currentrow$())) AS d#26], [a#11], [b#12 ASC NULLS FIRST] +- Window [rank(b#12) windowspecdefinition(a#11, b#12 ASC NULLS FIRST, specifiedwindowframe(RowFrame, unboundedpreceding$(), currentrow$())) AS c#25], [a#11], [b#12 ASC NULLS FIRST] +- InMemoryRelation [a#11, b#12], StorageLevel(disk, memory, deserialized, 1 replicas) +- *(1) Project [_1#6 AS a#11, _2#7 AS b#12] +- *(1) SerializeFromObject [knownnotnull(assertnotnull(input[0, scala.Tuple2, true]))._1 AS _1#6, knownnotnull(assertnotnull(input[0, scala.Tuple2, true]))._2 AS _2#7] +- *(1) MapElements org.apache.spark.sql.DataFrameSuite$$Lambda$1517/1628848368@3a479fda, obj#5: scala.Tuple2 +- *(1) DeserializeToObject staticinvoke(class java.lang.Long, ObjectType(class java.lang.Long), valueOf,"
13526417,Insert char/varchar length checks for inner fields during resolution,Resolved,Major,Fixed,"In SPARK-36498, we added support for reordering inner fields in structs during resolution. Unfortunately, we don't add any length validation for nested char/varchar columns in that path."
13526574,Reorganize imports in test_functions,Resolved,Major,Fixed,
13526428,Make all constructors private[sql],Resolved,Major,Fixed,
13526379,Use full column names for inner fields in resolution errors,Resolved,Major,Fixed,"If there are multiple inner columns with the same name, resolution errors may be confusing as we only use field names, not full column names."
13525985,Add ReferenceAllColumns to skip rewriting attributes,Resolved,Major,Fixed,
13526204,Remove outer join if all aggregate functions are distinct,Resolved,Major,Fixed,To support more cases: https://github.com/pingcap/tidb/blob/master/planner/core/rule_join_elimination.go#L159
13526383,Add implicit encoders to SQLImplicits,Resolved,Major,Fixed,
13526326,Provide more details in TaskEndReason s for tasks killed by TaskScheduler.cancelTasks,Resolved,Major,Fixed,"Currently tasks killed by `TaskScheduler.cancelTasks` will have a `TaskEndReason` ""TaskKilled (Stage cancelled)"". We should do better at differentiating reasons for stage cancellations (e.g. user-initiated or caused by task failures in the stage)."
13524334,[PROTOBUF] Recursive field handling is incompatible with delta,Resolved,Major,Fixed,"Protobuf deserializer (`from_protobuf()` function()) optionally supports recursive fields by limiting the depth to certain level. See example below. It assigns a 'NullType' for such a field when allowed depth is reached. It causes a few issues. E.g. a repeated field as in the following example results in a Array field with 'NullType'. Delta does not support null type in a complex type. Actually `Array[NullType]` is not really useful anyway. How about this fix: Drop the recursive field when the limit reached rather than using a NullType. The example below makes it clear: Consider a recursive Protobuf: {code:python} message TreeNode { string value = 1; repeated TreeNode children = 2; } {code} Allow depth of 2: {code:python} df.select( 'proto', messageName = 'TreeNode', options = { ... ""recursive.fields.max.depth"" : ""2"" } ).printSchema() {code} Schema looks like this: {noformat} root |– from_protobuf(proto): struct (nullable = true)| | |– value: string (nullable = true)| | |– children: array (nullable = false)| | | |– element: struct (containsNull = false)| | | | |– value: string (nullable = true)| | | | |– children: array (nullable = false)| | | | | |– element: struct (containsNull ="
13526419,Enable more parity tests related to functions,Resolved,Major,Fixed,
13523407,DataFrame.drop should handle duplicated columns properly,Resolved,Major,Fixed,"{code:java} >>> df.join(df2, df.name == df2.name, 'inner').show() +---+----+------+----+ |age|name|height|name| +---+----+------+----+ | 16| Bob| 85| Bob| | 14| Tom| 80| Tom| +---+----+------+----+ >>> df.join(df2, df.name == df2.name, 'inner').drop('name').show() +---+------+ |age|height| +---+------+ | 16| 85| | 14| 80| +---+------+ {code}"
13526138,Logic error for StateStore.validateStateRowFormat,Resolved,Major,Fixed,SPARK-42484 Changed the logic of whether to check state store format in StateStore.validateStateRowFormat. Revert it and add unit test to make sure this won't happen again
13526279,[YARN] OMP_NUM_THREADS not set to number of executor cores by default,Resolved,Major,Fixed,"Run this PySpark script with `spark.executor.cores=1` {code:python} import os from pyspark.sql import SparkSession from pyspark.sql.functions import udf spark = SparkSession.builder.getOrCreate() var_name = 'OMP_NUM_THREADS' def get_env_var(): return os.getenv(var_name) udf_get_env_var = udf(get_env_var) spark.range(1).toDF(""id"").withColumn(f""env_{var_name}"", udf_get_env_var()).show(truncate=False) {code} Output with release `3.3.2`: {noformat} +---+-----------------------+ |id |env_OMP_NUM_THREADS | +---+-----------------------+ |0 |null | +---+-----------------------+ {noformat} Output with release `3.3.0`: {noformat} +---+-----------------------+ |id |env_OMP_NUM_THREADS | +---+-----------------------+ |0 |1 | +---+-----------------------+ {noformat}"
13526309,currentDatabase Shall use NamespaceHelper instead of MultipartIdentifierHelper,Resolved,Major,Fixed,
13525947,Support Pivot without providing pivot column values,Resolved,Major,Fixed,
13525553,Implement `DataFrame.mapInPandas`,Resolved,Major,Fixed,Implement `DataFrame.mapInPandas`
13523009,Add error class INVALID_TEMP_OBJ_REFERENCE,Resolved,Major,Resolved,Add the new error class INVALID_TEMP_OBJ_REFERENCE and move the following error classes to use the new one: * _LEGACY_ERROR_TEMP_1283 * _LEGACY_ERROR_TEMP_1284
13526365,Implement TypedColumn,Resolved,Major,Fixed,Implement TypesColumn for the Scala Client
13526186,Add initial typed Dataset APIs,Resolved,Major,Fixed,
13526228,Implement RuntimeConf,Resolved,Major,Fixed,Implement RuntimeConf for the Scala Client
13525720,Optimize PercentileHeap,Resolved,Major,Fixed,It is not fast enough when used inside the scheduler for estimations which slows down scheduling rate and as a result query execution time.
13526292,Refactor TPCH schema to separate file similar to TPCDS for code reuse,In Progress,Major,,
13525266,Better logging for UnsafeRowUtils,Resolved,Major,Fixed,"Current `UnsafeRowUtils.validateStructuralIntegrity` only returns a boolean, making it hard to track exactly where the problem is."
13526266,spark can not read lastest view sql when run `create or replace view` by hive,Resolved,Major,Not A Bug,"1. Spark would save view schema as tabel param. 2. Spark will make tabel param as output schema when select the view . 3. Hive will not update tabel param when runing `create or replace view` to update the view. !image-2023-02-27-13-31-20-420.png! So when hive and spark are mixed and update the view, spark may ignore some col. To reproduce this issue: 1. running in spark ``` create table test_spark (id string); create view test_spark_view as select id from test_spark; ``` 2. running in hive ``` create or replace view test_spark_view as select id , ""test"" as new_id from test_spark; ``` 3. We can see spark will ignore `test_spark_view#new_id` when select test_spark_view using spark. But hive can read it. I'm not sure if this is a feature of spark."
13526127,Throw unsupported exceptions for non-supported API,Resolved,Major,Fixed,
13526241,Exclude `RelationalGroupedDataset.apply` from CompatibilitySuite,Resolved,Major,Cannot Reproduce,
13525908,`functions#lit` support more types,Resolved,Major,Fixed,
13526243,Introduce Decimal128 as the physical type for DecimalType,Open,Major,,
13526235,collapse two adjacent windows with the equivalent partition/order expression,In Progress,Major,,"Extend the CollapseWindow rule to collapse Window nodes with the equivalent partition/order expressions {code:java} Seq((1, 1), (2, 2)).toDF(""a"", ""b"") .withColumn(""max_b"", expr(""max(b) OVER (PARTITION BY abs(a))"")) .withColumn(""min_b"", expr(""min(b) OVER (PARTITION BY abs(a))"")) == Optimized Logical Plan == before Project [a#7, b#8, max_b#11, min_b#17] +- Window [min(b#8) windowspecdefinition(_w0#19, specifiedwindowframe(RowFrame, unboundedpreceding$(), unboundedfollowing$())) AS min_b#17], [_w0#19] +- Project [a#7, b#8, max_b#11, abs(a#7) AS _w0#19] +- Window [max(b#8) windowspecdefinition(_w0#13, specifiedwindowframe(RowFrame, unboundedpreceding$(), unboundedfollowing$())) AS max_b#11], [_w0#13] +- Project [_1#2 AS a#7, _2#3 AS b#8, abs(_1#2) AS _w0#13] +- LocalRelation [_1#2, _2#3] after Project [a#7, b#8, max_b#11, min_b#17] +- Window [max(b#8) windowspecdefinition(_w0#13, specifiedwindowframe(RowFrame, unboundedpreceding$(), unboundedfollowing$())) AS max_b#11, min(b#8) windowspecdefinition(_w0#13, specifiedwindowframe(RowFrame, unboundedpreceding$(), unboundedfollowing$())) AS min_b#17], [_w0#13] +- Project [_1#2 AS a#7, _2#3 AS b#8, abs(_1#2) AS _w0#13] +- LocalRelation [_1#2"
13526103,Implement ColumnName,Resolved,Major,Fixed,Implement ColumnName class for connect.
13526109,Implement Dataset.version and Dataset.time,Resolved,Major,Fixed,"Implement Dataset.version and Dataset.time {code:java} /** * The version of Spark on which this application is running. * * @since 2.0.0 */ def version: String = SPARK_VERSION /** * Executes some code block and prints to stdout the time taken to execute the block. This is * available in Scala only and is used primarily for interactive testing and debugging. * * @since 2.1.0 */ def time[T](f: => T): T = { val start = System.nanoTime() val ret = f val end = System.nanoTime() // scalastyle:off println println(s""Time taken: ${NANOSECONDS.toMillis(end - start)} ms"") // scalastyle:on println ret } {code}"
13526140,DataFrame.toPandas should handle duplicated column names,Resolved,Major,Fixed,"{code:python} spark.sql(""select 1 v, 1 v"").toPandas() {code} should work."
13526189,Persisted RDD blocks can be inconsistent if the RDD computation is indeterminate,Open,Major,,"When a rdd includes indeterminate operations, the rdd results can be different each time we recompute it. And when we cache such a rdd, we may have multiple rdd block replicas having different data. Here is an example: 1. Task A generated the rdd block rdd_1_1 on executor E1; 2. Task B on executor E2 tried to fetch remote rdd_1_1 from E1 but failed, then it will compute and cache another block on E2; If the results on E1 and E2 are differnet, we'll have 2 blocks for the same rdd partition with different data. The behavior will be unexpcted for such cases."
13526143,Add 2nd groupBy method to Dataset,Resolved,Major,Fixed,"Dataset is missing a groupBy method: {code:java} /** * Groups the Dataset using the specified columns, so that we can run aggregation on them. * See [[RelationalGroupedDataset]] for all the available aggregate functions. * * This is a variant of groupBy that can only group by existing columns using column names * (i.e. cannot construct expressions). * * {{{ * // Compute the average for all numeric columns grouped by department. * ds.groupBy(""department"").avg() * * // Compute the max age and average salary, grouped by department and gender. * ds.groupBy($""department"", $""gender"").agg(Map( * ""salary"" -> ""avg"", * ""age"" -> ""max"" * )) * }}} * @group untypedrel * @since 3.4.0 */ @scala.annotation.varargs def groupBy(col1: String, cols: String*): RelationalGroupedDataset {code}"
13526139,Enable binary compatibility tests for SparkSession/Dataset/Column/functions,Resolved,Major,Fixed,
13526133,Fix DataFrameReader to use the default source,Resolved,Major,Fixed,{code:python} spark.read.load(path) {code} should work without specifying the format.
13526104,Add TempView APIs to Dataset,Resolved,Major,Fixed,"Add all temp view APIs to connect's Dataset. {code:java} /** * Registers this Dataset as a temporary table using the given name. The lifetime of this * temporary table is tied to the [[SparkSession]] that was used to create this Dataset. * * @group basic * @since 1.6.0 */ @deprecated(""Use createOrReplaceTempView(viewName) instead."", ""2.0.0"") def registerTempTable(tableName: String): Unit /** * Creates a local temporary view using the given name. The lifetime of this * temporary view is tied to the [[SparkSession]] that was used to create this Dataset. * * Local temporary view is session-scoped. Its lifetime is the lifetime of the session that * created it, i.e. it will be automatically dropped when the session terminates. It's not * tied to any databases, i.e. we can't use `db1.view1` to reference a local temporary view. * * @throws AnalysisException if the view name is invalid or already exists * * @group basic * @since 2.0.0 */ @throws[AnalysisException] def createTempView(viewName: String): Unit /** * Creates a local temporary view using the given name. The lifetime of this * temporary view is tied to the [[SparkSession]] that was used to create this Dataset. * * @group basic * "
13526119,Track state store provider load time and log warning if it exceeds a threshold,Resolved,Major,Fixed,"Track state store provider load time and log warning if it exceeds a threshold In some cases, we see that the filesystem initialization might take time for the first time that we create the provider and initialize it. This change will log the time taken if it exceeds a certain threshold"
13525946,Support Pivot with provided pivot column values,Resolved,Major,Fixed,
13526126,SparkConnectStreamHandler should manage configs properly while creating plans.,Resolved,Major,Fixed,"Some components for planning need to check configs in {{SQLConf.get}} while building the plan, but currently it's unavailable."
13522606,Fix internal error for valid CASE WHEN expression with CAST when inserting into a table,Resolved,Major,Fixed,"``` spark-sql> create or replace table es570639t1 as select x FROM values (1), (2), (3) as tab(x); spark-sql> create or replace table es570639t2 (x Decimal(9, 0)); spark-sql> insert into es570639t2 select 0 - (case when x = 1 then 1 else x end) from es570639t1 where x = 1; ``` hits the following internal error org.apache.spark.SparkException: [INTERNAL_ERROR] Child is not Cast or ExpressionProxy of Cast Stack trace: org.apache.spark.SparkException: [INTERNAL_ERROR] Child is not Cast or ExpressionProxy of Cast at org.apache.spark.SparkException$.internalError(SparkException.scala:78) at org.apache.spark.SparkException$.internalError(SparkException.scala:82) at org.apache.spark.sql.catalyst.expressions.CheckOverflowInTableInsert.checkChild(Cast.scala:2693) at org.apache.spark.sql.catalyst.expressions.CheckOverflowInTableInsert.withNewChildInternal(Cast.scala:2697) at org.apache.spark.sql.catalyst.expressions.CheckOverflowInTableInsert.withNewChildInternal(Cast.scala:2683) at org.apache.spark.sql.catalyst.trees.UnaryLike.$anonfun$mapChildren$5(TreeNode.scala:1315) at org.apache.spark.sql.catalyst.trees.CurrentOrigin$.withOrigin(TreeNode.scala:106) at org.apache.spark.sql.catalyst.tree"
13525800,SSL support for Scala Client,Resolved,Major,Fixed,Add the basic encryption support for scala client.
13525804,Fix DB2 Limit clause,Resolved,Major,Fixed,
13525520,WindowGroupLimitExec supports codegen,In Progress,Major,,
13525998,Allow multiple event time columns in single DataFrame,Open,Major,,"This is a follow-up task for SPARK-42376. I've observed that all stateful operators deals with event time column via finding the ""first"" event time column and picking it up. This was safe before supporting multiple stateful operators, because the only way a single DataFrame contains more than one event time column is stream-stream join, and then we didn't support adding another stateful operator. It's safer to assume there is only one event time column. With the support of multiple stateful operators, the assumption no longer holds true. Users can add another stateful operators after stream-stream join, which breaks the assumption. Even for the case of (stream-stream join)-stream join, any side of stream-stream join can have multiple event time columns. Since it's non-trivial to reason about the right behavior for all stateful operators, we just disallow DataFrame to have more than one event time columns in SPARK-42376. (The check will be performed in stateful operator against input DataFrame.) This ticket tracks the effort to reason about the right behavior for all stateful operators, and support more than one event time columns in the input DataFrame for stateful operators."
13522733,DS V2 pushdown could let JDBC dialect decide to push down offset and limit,Resolved,Major,Fixed,
13525137,Make spark connect supporting canceling job group,Open,Major,,"PySpark ML crossValidator relies on this: proposal: when spark client sending request, can we make it send with a ""job_group_id"", and in server side, for each request that with the same (user_id, job_group_id), handling request in a fixed thread"
13525174,Getting Started: Live Notebook for Spark Connect,Resolved,Major,Fixed,It would be great to have Live Notebook for Spark Connect in [Getting Started|https://spark.apache.org/docs/latest/api/python/getting_started/index.html] section to help users quick start on Spark Connect.
13525957,Spark Connect Scala Client: support parameterized SQL,Resolved,Major,Fixed,
13525945,Add more test case(s) for longer chain of multiple stateful operators,Open,Major,,This is a follow-up task for SPARK-42376. We added various test cases for both SPARK-40925 and SPARK-42376 but these test cases are more likely chaining two stateful operators. It would be really nice to have another test case(s) dealing with longer chain of stateful operators to increase test coverage.
13525785,Scala Client Add Collection Functions,Resolved,Major,Fixed,
13525839,The HA support of Spark Thrift Server,Open,Major,,"When there are many Spark SQL connects on Spark Thrift Server.if the Thrift Server is down ,the connect cannot get service .So we need to consider the High Availability support for Spark Thrift Server . We want to import the pattern of HiveServer HA to provide ThriftServer HA. we need to get HA support as the 'addServerInstanceToZooKeeper' method of HiveServer2. Use zookeeper to choose the active thrift server when you connect the Spark Thrift Server."
13525767,Support Cube and Rollup,Resolved,Major,Fixed,
13525776,Remove Hadoop 2 from PySpark installation guide,Resolved,Major,Fixed,
13525630,Scala client Write API V2,Closed,Major,Fixed,Impl the Dataset#writeTo method.
13525650,Fix DataFrameWriterV2 to find the default source,Resolved,Major,Fixed,"{code:python} df.writeTo(""test_table"").create() {code} throws: {noformat} pyspark.errors.exceptions.connect.SparkConnectGrpcException: (org.apache.spark.SparkClassNotFoundException) [DATA_SOURCE_NOT_FOUND] Failed to find the data source: . Please find packages at `https://spark.apache.org/third-party-projects.html`. {noformat}"
13525091,"Implement agg by (String, String)*",Resolved,Major,Fixed,
13525702,Scala Client add Window functions,Resolved,Major,Fixed,
13522400,Use available ephemeral port for Spark Connect server in testing,Resolved,Major,Fixed,"Currently Spark Connect tests cannot run in parallel, and requires to set the parallelism as 1 {code} python/run-tests --module pyspark-connect --parallelism 1 {code} The main reason is because of the port being used is hardcorded as the default 15002. We should better search available port, and use it"
13525621,Non-captured session time zone in view creation,Resolved,Major,Fixed,"The session time zone config is captured only when it is set explicitly but if it is not the view is instantiated with the current settings. That's might confuse users since query results depends on explicit SQL config settings while creating a view. The example below portraits the issue: {code:java} val viewName = ""v1_capture_test"" withView(viewName) { assert(get.sessionLocalTimeZone === ""America/Los_Angeles"") createView(viewName, """"""select hour(ts) as H from ( | select cast('2022-01-01T00:00:00.000 America/Los_Angeles' as timestamp) as ts |)"""""".stripMargin, Seq(""H"")) withDefaultTimeZone(java.time.ZoneId.of(""UTC-09:00"")) { withSQLConf(SESSION_LOCAL_TIMEZONE.key -> ""UTC-10:00"") { sql(s""select H from $viewName"").show(false) } } } {code} It is expected to output: {code:java} +---+ |H | +---+ |0 | +---+ {code} but actual output is: {code:java} +---+ |H | +---+ |8 | +---+ {code}"
13525634,Spark Connect Scala Client: Window,Resolved,Major,Fixed,
13525664,Upgrade numpy and pandas in the release Dockerfile,Resolved,Major,Fixed,"Otherwise, errors are raised as shown below when building release docs. {code} ImportError: Warning: Latest version of pandas (1.5.3) is required to generate the documentation; however, your version was 1.1.5 ImportError: this version of pandas is incompatible with numpy < 1.20.3 your numpy version is 1.19.4. Please upgrade numpy to >= 1.20.3 to use this pandas version {code}"
13523207,Log `exitCode` when `SparkContext.stop` starts,Resolved,Major,Fixed,"{code} 23/02/06 02:12:55 INFO SparkContext: SparkContext is stopping with exitCode 0. {code} {code} Pi is roughly 3.147080 23/02/06 02:12:55 INFO SparkContext: SparkContext is stopping with exitCode 0. ... 23/02/06 02:12:55 INFO AbstractConnector: Stopped Spark@1cb72b8{HTTP/1.1, (http/1.1)}{localhost:4040} 23/02/06 02:12:55 INFO SparkUI: Stopped Spark web UI at http://localhost:4040 23/02/06 02:12:55 INFO MapOutputTrackerMasterEndpoint: MapOutputTrackerMasterEndpoint stopped! 23/02/06 02:12:55 INFO MemoryStore: MemoryStore cleared 23/02/06 02:12:55 INFO BlockManager: BlockManager stopped 23/02/06 02:12:55 INFO BlockManagerMaster: BlockManagerMaster stopped 23/02/06 02:12:55 INFO OutputCommitCoordinator$OutputCommitCoordinatorEndpoint: OutputCommitCoordinator stopped! 23/02/06 02:12:55 INFO SparkContext: Successfully stopped SparkContext 23/02/06 02:12:56 INFO ShutdownHookManager: Shutdown hook called {code}"
13525258,Scala client Write API V1,Closed,Major,Fixed,Add basic Dataset#write API for Scala client.
13524920,Scala Client Session Read API,Closed,Major,Fixed,Add SparkSession#read impl to be able to read data.
13525562,"Spark MasterWebUI and WorkerWebUI fail to start when NSSDB used as keystore, getting java.security.KeyStoreException: PKCS11 not found.",Open,Major,,"When we are running Spark by setting up below SSL configurations, Spark masterwebui and workerwebui is fail to start. {quote} ""spark.ssl.enabled"":""true"", ""spark.ssl.keyStore"":""/opt/ibm/jdk/conf/security/nss.fips.cfg"", ""spark.ssl.keyStorePassword"":""<keystore passwd>"", ""spark.ssl.keyStoreType"":""PKCS11"" {quote} *Errors :* {quote}23/02/21 12:29:43 INFO Master: Running Spark version 3.3.1 23/02/21 12:29:43 ERROR MasterWebUI: Failed to bind MasterWebUI java.security.KeyStoreException: PKCS11 not found at java.base/java.security.KeyStore.getInstance(KeyStore.java:878) at org.sparkproject.jetty.util.security.CertificateUtils.getKeyStore(CertificateUtils.java:46) at org.sparkproject.jetty.util.ssl.SslContextFactory.loadKeyStore(SslContextFactory.java:1203) at org.sparkproject.jetty.util.ssl.SslContextFactory.load(SslContextFactory.java:322) at org.sparkproject.jetty.util.ssl.SslContextFactory.doStart(SslContextFactory.java:244) at org.sparkproject.jetty.util.component.AbstractLifeCycle.start(AbstractLifeCycle.java:73) at org.sparkproject.jetty.util.component.ContainerLifeCycle.start(ContainerLifeCycle.java:169) at org.sparkproject.jetty.util.component.ContainerLifeCycle.doStart(ContainerLif"
13525508,Simplify ORC schema merging conflict error check,Resolved,Major,Fixed,
13525503,Apply entrypoint template change to 3.3.0/3.3.1,Resolved,Major,Fixed,
13525506,Fix Sort's maxRowsPerPartition if maxRows does not exist,Resolved,Major,Not A Problem,
13525363,Add official image Dockerfile for Spark v3.3.2,Resolved,Major,Fixed,
13525492,NestedColumnAliasing support pruning adjacent projects,In Progress,Major,,"CollapseProject won't combine adjacent projects into one, e.g. non-cheap expression has been accessed more than once with the below project. Then there would be possible to appear some adjacent project nodes that NestedColumnAliasing does not support pruning."
13525446,scala: accept user_agent in spark connect's connection string,Open,Major,,"Currently, the Spark Connect service's {{client_type}} attribute (which is really user agent) is set to {{_SPARK_CONNECT_PYTHON}} to signify PySpark. Accept an optional {{user_agent}} parameter in the connection string and plumb this down to the Spark Connect service. This enables partners using Spark Connect to set their application as the user agent, which then allows visibility and measurement of integrations and usages of spark connect. This is already done for the Python client: https://github.com/apache/spark/commit/b887d3de954ae5b2482087fe08affcc4ac60c669"
13525195,python: accept user_agent in spark connect's connection string,Resolved,Major,Fixed,"Currently, the Spark Connect service's {{client_type}} attribute (which is really user agent) is set to {{_SPARK_CONNECT_PYTHON}} to signify PySpark. Accept an optional {{user_agent}} parameter in the connection string and plumb this down to the Spark Connect service. This enables partners using Spark Connect to set their application as the user agent, which then allows visibility and measurement of integrations and usages of spark connect."
13525389,reduce spark connect service retry time,Resolved,Major,Abandoned,"https://github.com/apache/spark/blob/5fc44dabe5084fb784f064afe691951a3c270793/python/pyspark/sql/connect/client.py#L411 Currently, 15 retries with the current backoff strategy result in the client sitting in the retry loop for ~400 seconds in the worst case. This means, applications and users using the spark connect client will hang for >6 minutes with no response."
13524439,Add metadata column file block start and length,Resolved,Major,Fixed,
13525175,Spark Connect API reference.,Resolved,Major,Fixed,We need an API documents for Spark Connect such as other components.
13525321,Upgrade Netty to 4.1.89,Resolved,Major,Fixed,This release contains a fix for two regressions that were introduced by 4.1.88.Final: * Don't fail on HttpObjectDecoder's maxHeaderSize greater then (Integer.MAX_VALUE - 2) ([#13216|https://github.com/netty/netty/pull/13216]) * dyld: Symbol not found: _netty_jni_util_JNI_OnLoad when upgrading from 4.1.87.Final to 4.1.88.Final ([#13214|https://github.com/netty/netty/pull/13214])
13522894,Assign name to _LEGACY_ERROR_TEMP_2332,Resolved,Major,Fixed,
13524595,Add documentation for TimestampNTZ type,Resolved,Major,Fixed,
13525255,"Implement agg.{max,min,mean,count,avg,sum}",Resolved,Major,Fixed,
13522792,why executor memory used is shown greater than total available memory on spark ui,Open,Major,,"*I have a spark streaming job that is running for around last 3 weeks. When I open the Executors tab on spark web UI, it shows* # {{memory used - 36.1GB}} # total available memory for storage - 3.2GB *Please refer to the below screenshot of Spark UI* !https://i.stack.imgur.com/nmk39.jpg!"
13524937,Scala Client - Initial Set of Functions,Resolved,Major,Fixed,
13525097,Update MSSQL Dialect to use parentheses for TOP and add tests for Limit clause,Resolved,Major,Fixed,Follow up for SPARK-42131.
13525069,ProtoToPlanTestSuite should analyze its input plans,Resolved,Major,Fixed,"ProtoToPlanTestSuite should analyze its input plans. We are moving to testing functions, and most of these are left as unresolved function by the spark planner. This is not enough to ensure that we are in fact binding to the correct function."
13522897,Assign name to _LEGACY_ERROR_TEMP_2099,Resolved,Major,Fixed,
13525028,Fix 2.13 build errors caused by explain output changes and udfs.,Resolved,Major,Fixed,
13524873,dataset.where() omit quotes if where IN clause has more than 10 operands,Open,Major,,"dataset.where()/filter() omit string quotes if where IN clause has more than 10 operands. With datasourceV1 works as expected. Attached files: java-code.txt, stacktrace.txt, sql.txt - Spark verison 3.3.0 - Scala version 2.12 - DatasourceV2 - Postgres - Postrgres JDBC Driver: 42+ - Java8"
13524934,E2E test should clean-up results,Resolved,Major,Fixed,
13524928,Create pyspark.sql.connect.utils to keep common codes,Resolved,Major,Fixed,SPARK-41457 added `require_minimum_grpc_version` in pandas.utils which is actually unrelated from connect module. we should move all to a separate utils directory
13524896,Implement function max in Scala client,Resolved,Major,Fixed,
13524918,Consolidating the PySpark version upgrade note pages into a single page to make it easier to read,Resolved,Major,Fixed,"Creating a new PySpark migration guide sub page and consolidating the existing 9 separate pages into this one new page. This makes it easier to take a look across multiple version upgrades by simply scrolling on the page. Also, this is similar to the Spark Core Migration Guide page here: [https://spark.apache.org/docs/latest/core-migration-guide.html] Updating the existing main Migration Guide page to point to this new sub page and also making some minor language updates to help readers."
13524555,insertInto fails when the column names are different from the table columns,Resolved,Major,Fixed,"{noformat} File ""/.../python/pyspark/sql/connect/readwriter.py"", line 518, in pyspark.sql.connect.readwriter.DataFrameWriter.insertInto Failed example: df.selectExpr(""age AS col1"", ""name AS col2"").write.insertInto(""tblA"") Exception raised: Traceback (most recent call last): File ""/.../lib/python3.9/doctest.py"", line 1334, in __run exec(compile(example.source, filename, ""single"", File ""<doctest pyspark.sql.connect.readwriter.DataFrameWriter.insertInto[3]>"", line 1, in <module> df.selectExpr(""age AS col1"", ""name AS col2"").write.insertInto(""tblA"") File ""/.../python/pyspark/sql/connect/readwriter.py"", line 477, in insertInto self.saveAsTable(tableName) File ""/.../python/pyspark/sql/connect/readwriter.py"", line 495, in saveAsTable self._spark.client.execute_command(self._write.command(self._spark.client)) File ""/.../python/pyspark/sql/connect/client.py"", line 553, in execute_command self._execute(req) File ""/.../python/pyspark/sql/connect/client.py"", line 648, in _execute self._handle_error(rpc_error) File ""/.../python/pyspark/sql/connect/client.py"", line 718, in _handle_error raise convert_exception(info, status.message) from None pyspark.errors.exceptions.connect.AnalysisException: Ca"
13524914,Rename JDBC option inferTimestampNTZType as preferTimestampNTZ,Resolved,Major,Fixed,
13523803,Mask function's generated code does not handle null input,Resolved,Major,Fixed,"Example: {noformat} create or replace temp view v1 as select * from values (null), ('AbCD123-@$#') as data(col1); cache table v1; select mask(col1) from v1; {noformat} This query results in a {{NullPointerException}}: {noformat} 23/02/07 16:36:06 ERROR Executor: Exception in task 0.0 in stage 3.0 (TID 3) java.lang.NullPointerException at org.apache.spark.sql.catalyst.expressions.codegen.UnsafeWriter.write(UnsafeWriter.java:110) at org.apache.spark.sql.catalyst.expressions.GeneratedClass$GeneratedIteratorForCodegenStage1.processNext(Unknown Source) at org.apache.spark.sql.execution.BufferedRowIterator.hasNext(BufferedRowIterator.java:43) at org.apache.spark.sql.execution.WholeStageCodegenExec$$anon$1.hasNext(WholeStageCodegenExec.scala:760) {noformat} The generated code calls {{UnsafeWriter.write(0, value_0)}} regardless of whether {{Mask.transformInput}} returns null or not. The {{UnsafeWriter.write}} method for {{UTF8String}} does not expect a null pointer. {noformat} /* 031 */ boolean isNull_1 = i.isNullAt(0); /* 032 */ UTF8String value_1 = isNull_1 ? /* 033 */ null : (i.getUTF8String(0)); /* 034 */ /* 035 */ /* 036 */ /* 037 */ /* 038 */ UTF8String value_0 = null; /* 039 */ valu"
13524703,Scala Client - Implement Column API,Resolved,Major,Fixed,
13524767,Fix SparkR install.spark function,Resolved,Major,Fixed,"{code} $ R R version 4.2.1 (2022-06-23) -- ""Funny-Looking Kid"" Copyright (C) 2022 The R Foundation for Statistical Computing Platform: aarch64-apple-darwin20 (64-bit) R is free software and comes with ABSOLUTELY NO WARRANTY. You are welcome to redistribute it under certain conditions. Type 'license()' or 'licence()' for distribution details. Natural language support but running in an English locale R is a collaborative project with many contributors. Type 'contributors()' for more information and 'citation()' on how to cite R or R packages in publications. Type 'demo()' for some demos, 'help()' for on-line help, or 'help.start()' for an HTML browser interface to help. Type 'q()' to quit R. > library(SparkR) Attaching package: ‘SparkR’ The following objects are masked from ‘package:stats’: cov, filter, lag, na.omit, predict, sd, var, window The following objects are masked from ‘package:base’: as.data.frame, colnames, colnames<-, drop, endsWith, intersect, rank, rbind, sample, startsWith, subset, summary, transform, union > install.spark() Spark not found in the cache directory. Installation will start. MirrorUrl not provided. Looking for preferred site from apache website... Prefer"
13524672,Improve multiTransform to generate alternatives dynamically,Resolved,Major,Fixed,
13524738,Use spark.sql.timestampType for data source inference,Resolved,Major,Fixed,"With the configuration `spark.sql.timestampType`, TIMESTAMP in Spark is a user-specified alias associated with one of the TIMESTAMP_LTZ and TIMESTAMP_NTZ variations. This is quite complicated to Spark users. There is another option `spark.sql.sources.timestampNTZTypeInference.enabled` for schema inference. I would like to introduce it in [https://github.com/apache/spark/pull/40005] but having two flags seems too much. After thoughts, I decide to merge `spark.sql.sources.timestampNTZTypeInference.enabled` into `spark.sql.timestampType` and let `spark.sql.timestampType` control the schema inference behavior. We can have followups to add data source options ""inferTimestampNTZType"" for CSV/JSON/partiton column like JDBC data source did."
13524787,Updating PySpark documentation to enhance usability,Resolved,Major,Fixed,"Updates to the PySpark documentation web site: * Fixing typo on the Getting Started page (Version => Versions) * Capitalizing ""In/Out"" in the DataFrame Quick Start notebook * Adding ""(Legacy)"" to the Spark Streaming heading on the Spark Streaming page * Reorganizing the User Guide page to list PySpark guides first + minor language updates"
13524607,Union avoid calling `output` before analysis,Resolved,Major,Fixed,
13524302,Incorrect results or NPE when inserting null value into array using array_insert/array_append,Resolved,Major,Fixed,"Example: {noformat} create or replace temp view v1 as select * from values (array(1, 2, 3, 4), 5, 5), (array(1, 2, 3, 4), 5, null) as v1(col1,col2,col3); select array_insert(col1, col2, col3) from v1; {noformat} This produces an incorrect result: {noformat} [1,2,3,4,5] [1,2,3,4,0] <== should be [1,2,3,4,null] {noformat} A more succint example: {noformat} select array_insert(array(1, 2, 3, 4), 5, cast(null as int)); {noformat} This also produces an incorrect result: {noformat} [1,2,3,4,0] <== should be [1,2,3,4,null] {noformat} Another example: {noformat} create or replace temp view v1 as select * from values (array('1', '2', '3', '4'), 5, '5'), (array('1', '2', '3', '4'), 5, null) as v1(col1,col2,col3); select array_insert(col1, col2, col3) from v1; {noformat} The above query throws a {{NullPointerException}}: {noformat} 23/02/10 11:08:05 ERROR SparkSQLDriver: Failed in [select array_insert(col1, col2, col3) from v1] java.lang.NullPointerException at org.apache.spark.sql.catalyst.expressions.codegen.UnsafeWriter.write(UnsafeWriter.java:110) at org.apache.spark.sql.catalyst.expressions.GeneratedClass$SpecificUnsafeProjection.apply(Unknown Source) at org.apache.spark.sql.execution.Lo"
13524742,Remove unused object in DataFrameAggregateSuite,Resolved,Major,Fixed,
13523015,Introduce base hierarchy to exceptions.,Resolved,Major,Fixed,
13524683,Improve constraint propagation using multiTransform,In Progress,Major,,
13524406,Updating PySpark documentation to support new users better,Resolved,Major,Fixed,"This is the first of a series of updates to the PySpark documentation site to better guide new users on what to use and when as well as help improve discoverability of related pages/resources. * Add ""Overview"" to the top navigation bar to make it easy to get back to the main page (clicking the logo is not super discoverable) * Break architecture image into separate, clickable parts for easy navigation to information for each part * Added links to related topics under each area description * Added date and version to the page"
13524577,Standardize __repr__ of CommonInlineUserDefinedFunction,Resolved,Major,Fixed,"As shown below, `f(df.id)` is evaluated to a Column with a super long representation in Connect, however, the vanilla PySpark returns `Column<'<lambda>(id)'>`. We shall Standardize __repr__ of CommonInlineUserDefinedFunction. {code:python} >>> f = udf(lambda x : x + 1) >>> df.id Column<'id'> >>> f(df.id) Column<'<lambda>(id), True, ""string"", 100, b'\x80\x05\x95\xe1\x01\x00\x00\x00\x00\x00\x00\x8c\x1fpyspark.cloudpickle.cloudpickle\x94\x8c\x0e_make_function\x94\x93\x94(h\x00\x8c\r_builtin_type\x94\x93\x94\x8c\x08CodeType\x94\x85\x94R\x94(K\x01K\x00K\x00K\x01K\x02KCC\x08|\x00d\x01\x17\x00S\x00\x94NK\x01\x86\x94)\x8c\x01x\x94\x85\x94\x8c\x07<stdin>\x94\x8c\x08<lambda>\x94K\x01C\x00\x94))t\x94R\x94}\x94(\x8c\x0b__package__\x94N\x8c\x08__name__\x94\x8c\x08__main__\x94uNNNt\x94R\x94\x8c$pyspark.cloudpickle.cloudpickle_fast\x94\x8c\x12_function_setstate\x94\x93\x94h\x16}\x94}\x94(h\x13h\r\x8c\x0c__qualname__\x94h\r\x8c\x0f__annotations__\x94}\x94\x8c\x0e__kwdefaults__\x94N\x8c\x0c__defaults__\x94N\x8c\n__module__\x94h\x14\x8c\x07__doc__\x94N\x8c\x0b__closure__\x94N\x8c\x17_cloudpickle_submodules\x94]\x94\x8c\x0b__globals__\x94}\x94u\x86\x94\x86R0\x8c\x11pyspark.sql.types\x94\x8c\nStringTy"
13524609,Support setting location for creating external in DataFrameWriterV2,Open,Major,,It not possible to set location when creating a table with DataFrameWriterV2 and therefore no external tables can be created with the new interface. Proposed solution: create a method location in CreateTableWriter interface.
13522895,Assign name to _LEGACY_ERROR_TEMP_1001,Resolved,Major,Fixed,
13522375,Implement `spark.catalog.registerFunction`,Resolved,Major,Fixed,
13522382,DataFrame.createTempView - SparkConnectGrpcException: requirement failed,Resolved,Major,Fixed,"To reproduce, ``` spark.range(1).filter(udf(lambda x: x)(""id"") >= 0).createTempView(""v"") ```"
13522898,Assign name to_LEGACY_ERROR_TEMP_2177,Resolved,Major,Fixed,
13522884,Assign name to _LEGACY_ERROR_TEMP_1152,Resolved,Major,Fixed,
13523899,Avoid unnecessary parquet footer reads when no filters,Open,Major,,
13522392,Support complex return types in DDL strings,Resolved,Major,Fixed,"{code} # Spark Connect >>> spark.range(2).select(udf(lambda x: (x, x), ""struct<x:integer, y:integer>"")(""id"")) ... AssertionError: returnType should be singular # vanilla PySpark >>> spark.range(2).select(udf(lambda x: (x, x), ""struct<x:integer, y:integer>"")(""id"")) DataFrame[<lambda>(id): struct<x:int,y:int>] {code}"
13522905,Fix metadata col can not been resolved,Resolved,Major,Fixed,
13524395,Make suggestion in error message smarter,Open,Major,,"Current suggestion message e.g. `UNRESOLVED_COLUMN.WITH_SUGGESTION` just pumps out all columns, so it would not very helpful for users. This can be better to show most related columns only to user facing error message."
13524354,Upgrade ZSTD-JNI to 1.5.4-1,Resolved,Major,Fixed,
13522883,Assign name to _LEGACY_ERROR_TEMP_0042,Resolved,Major,Fixed,
13524197,Upgrade Apache Kafka to 3.4.0,Resolved,Major,Fixed,[CVE-2023-25194|https://www.cve.org/CVERecord?id=CVE-2023-25194]
13523012,Improve Kryo Serializer Support,Resolved,Major,Fixed,
13523633,Test Framework for Connect Scala Client,Resolved,Major,Fixed,
13522881,Assign name to _LEGACY_ERROR_TEMP_1289,Resolved,Major,Fixed,
13524179,Fix the usage information of bin/spark-sql --help,Resolved,Major,Fixed,It tries to connect to HMS and fail with noisy errors
13524189,The code logic of the configmap max size validation lacks extra content,In Progress,Major,,"In each configmap, Spark adds an extra content in a fixed format,this extra content of the configmap is as belows: spark.kubernetes.namespace: default spark.properties: | #Java properties built from Kubernetes config map with name: spark-exec-b47b438630eec12d-conf-map #Wed Feb 08 20:10:19 CST 2023 spark.kubernetes.namespace=default But the max size validation code logic does not consider this part"
13522395,Reuse UDF test cases under `pyspark.sql.tests`,Resolved,Major,Fixed,
13522882,Assign name to _LEGACY_ERROR_TEMP_2432,Open,Major,,
13523011,Different exception in DataFrame.sample,Resolved,Major,Fixed,It raises {{SparkConnectGrpcException}} instead of {{IllegalArgumentException}}.
13523168,Cleanup orphan sst and log files in RocksDB checkpoint directory,Resolved,Major,Fixed,"When RocksDB version.zip file get overwritten (e.g. concurrent task execution, task/stage/batch reattempts) or the zip file don't get uploaded successfully, the associated sst and log files don't get garbage collected.([https://github.com/databricks/runtime/blob/master/sql/core/src/main/scala/org/apache/spark/sql/execution/streaming/state/RocksDBFileManager.scala|https://github.com/databricks/runtime/blob/master/sql/core/src/main/scala/org/apache/spark/sql/execution/streaming/state/RocksDBFileManager.scala#L305-L309]) These files consume storage. We can clean up these SST files during periodic state store maintenance. The major concern is that sst files for ongoing version also appear to be ""orphan"" because they are uploaded before zip file, we have to be careful not to delete them."
13522472,Update Debugging PySpark documents to show error message properly,Resolved,Major,Fixed,The example in [https://spark.apache.org/docs/latest/api/python/development/debugging.html#debugging-pyspark] is outdated due to new PySpark error framework. We should show proper example
13523702,Use FileSystem.exists in FileSystemBasedCheckpointFileManager.exists,Resolved,Major,Fixed,"Other methods in FileSystemBasedCheckpointFileManager already uses FileSystem.exists for all cases checking existence of the path. Use FileSystem.exists in FileSystemBasedCheckpointFileManager.exists, which is consistent with other methods in FileSystemBasedCheckpointFileManager."
13523064,distinct(count colname) with UNION ALL causes query analyzer bug,Resolved,Major,Fixed,"If you combine a UNION ALL with a count(distinct colname) you get a query analyzer bug. This behaviour is introduced in 3.3.0. The bug was not present in 3.2.1. Here is a reprex in PySpark: {{df_pd = pd.DataFrame([}} {{ \{'surname': 'a', 'first_name': 'b'}}} {{])}} {{df_spark = spark.createDataFrame(df_pd)}} {{df_spark.createOrReplaceTempView(""input_table"")}} {{sql = """"""}} {{SELECT }} {{ (SELECT Count(DISTINCT first_name) FROM input_table) }} {{ AS distinct_value_count}} {{FROM input_table}} {{UNION ALL}} {{SELECT }} {{ (SELECT Count(DISTINCT surname) FROM input_table) }} {{ AS distinct_value_count}} {{FROM input_table """"""}} {{spark.sql(sql).toPandas()}}"
13522890,Assign name to _LEGACY_ERROR_TEMP_2123,Resolved,Major,Fixed,
13522889,Assign name to _LEGACY_ERROR_TEMP_2125,Resolved,Major,Fixed,
13522885,Assign name to _LEGACY_ERROR_TEMP_2127,Resolved,Major,Fixed,
13522876,Assign name to _LEGACY_ERROR_TEMP_1229,Resolved,Major,Fixed,
13522874,Assign name to _LEGACY_ERROR_TEMP_1326,Resolved,Major,Fixed,
13523732,`CreateDataFrame` should accept objects,Resolved,Major,Fixed,
13522385,Support left_outer join,Resolved,Major,Fixed,"``` >>> df = spark.range(1) >>> df2 = spark.range(2) >>> df.join(df2, how=""left_outer"") Traceback (most recent call last): File ""<stdin>"", line 1, in <module> File ""/Users/xinrong.meng/spark/python/pyspark/sql/connect/dataframe.py"", line 438, in join plan.Join(left=self._plan, right=other._plan, on=on, how=how), File ""/Users/xinrong.meng/spark/python/pyspark/sql/connect/plan.py"", line 730, in __init__ raise NotImplementedError( NotImplementedError: Unsupported join type: left_outer. Supported join types include: ""inner"", ""outer"", ""full"", ""fullouter"", ""full_outer"", ""leftouter"", ""left"", ""left_outer"", ""rightouter"", ""right"", ""right_outer"", ""leftsemi"", ""left_semi"", ""semi"", ""leftanti"", ""left_anti"", ""anti"", ""cross"", ```"
13523682,Make `DataFrame.select` support `a.*`,Resolved,Major,Fixed,
13523476,Improve performance of HiveGenericUDTF by making inputProjection instantiate once,Resolved,Major,Fixed,"{code:java} +++ b/sql/hive/benchmarks/HiveUDFBenchmark-per-row-results.txt @@ -0,0 +1,7 @@ +OpenJDK 64-Bit Server VM 1.8.0_352-bre_2022_12_13_23_06-b00 on Mac OS X 13.1 +Intel(R) Core(TM) i9-9980HK CPU @ 2.40GHz +Hive UDTF benchmark: Best Time(ms) Avg Time(ms) Stdev(ms) Rate(M/s) Per Row(ns) Relative +------------------------------------------------------------------------------------------------------------------------ +Hive UDTF dup 2 1574 1680 118 0.7 1501.1 1.0X +Hive UDTF dup 4 2642 3076 588 0.4 2519.9 0.6X + diff --git a/sql/hive/benchmarks/HiveUDFBenchmark-results.txt b/sql/hive/benchmarks/HiveUDFBenchmark-results.txt new file mode 100644 index 0000000000..8af8b6582c --- /dev/null +++ b/sql/hive/benchmarks/HiveUDFBenchmark-results.txt @@ -0,0 +1,7 @@ +OpenJDK 64-Bit Server VM 1.8.0_352-bre_2022_12_13_23_06-b00 on Mac OS X 13.1 +Intel(R) Core(TM) i9-9980HK CPU @ 2.40GHz +Hive UDTF benchmark: Best Time(ms) Avg Time(ms) Stdev(ms) Rate(M/s) Per Row(ns) Relative +------------------------------------------------------------------------------------------------------------------------ +Hive UDTF dup 2 712 789 101 1.5 678.7 1.0X +Hive UDTF dup 4 1212 1294 78 0.9 1156.0 0.6X + {code} "
13522886,Assign name to _LEGACY_ERROR_TEMP_2092,Resolved,Major,Fixed,
13523215,Provide more details in ExecutorUpdated sent in Master.removeWorker,Resolved,Major,Fixed,"Currently field `message` in `ExecutorUpdated` sent in Master.removeWorker is always `Some(""worker lost"")`. We should provide more information in the message instead to better differentiate the cause of the worker removal."
13523474,Add scripts to start and stop Spark Connect server,Resolved,Major,Fixed,"Currently, there is no proper way to start and stop the Spark Connect server. Now it requires you to start it with, for example, a Spark shell: {code} # For development, ./bin/spark-shell \ --jars `ls connector/connect/target/**/spark-connect*SNAPSHOT.jar` \ --conf spark.plugins=org.apache.spark.sql.connect.SparkConnectPlugin {code} {code} # For released Spark versions ./bin/spark-shell \ --packages org.apache.spark:spark-connect_2.12:3.4.0 \ --conf spark.plugins=org.apache.spark.sql.connect.SparkConnectPlugin {code} which is awkward. We need some dedicated scripts for it."
13522872,Assign name to _LEGACY_ERROR_TEMP_1129,Resolved,Major,Fixed,
13523459,Spark History Server fails to start on CentOS7 aarch64,Open,Major,,"When I run `./sbin/start-history-server.sh` I'll get the error below !image-2023-02-07-16-54-43-593.png! Although we already use org.openlabtesting.leveldbjni on aarch64, which can works on aarch64, we still load org.fusesource.hawtjni.runtime.Library on wrong jar file When we run `export SPARK_DAEMON_JAVA_OPTS=-verbose:class`, we can see the class is loaded from jline-2.14.6.jar where the correct class file is under leveldbjni-all-1.8.jar Incorrect(now): [Loaded org.fusesource.hawtjni.runtime.Library from file:/yourdir/spark/jars/jline-2.14.6.jar] Correct(expected): [Loaded org.fusesource.hawtjni.runtime.Library from file:/yourdir/spark/jars/leveldbjni-all-1.8.jar]"
13522877,Assign name to _LEGACY_ERROR_TEMP_1317,Resolved,Major,Fixed,
13523382,Remove session.register_udf,Resolved,Major,Fixed,
13522389,Add UserDefinedType in protos,Resolved,Major,Fixed,
13522873,Assign name to _LEGACY_ERROR_TEMP_2135,Resolved,Major,Fixed,
13522891,Assign name to _LEGACY_ERROR_TEMP_2188,Resolved,Major,Fixed,
13523092,Add SQLSTATE,Resolved,Major,Fixed,
13523054,The default size of the CONFIG_MAP_MAXSIZE should not be greater than 1048576,Resolved,Major,Fixed,"Exception in thread ""main"" io.fabric8.kubernetes.client.KubernetesClientException: Failure executing: POST at: https://172.18.123.24:6443/api/v1/namespaces/default/configmaps. Message: ConfigMap ""spark-exec-ed9f2c861aa40b48-conf-map"" is invalid: []: Too long: must have at most 1048576 bytes. Received status: Status(apiVersion=v1, code=422, details=StatusDetails(causes=[StatusCause(field=[], message=Too long: must have at most 1048576 bytes, reason=FieldValueTooLong, additionalProperties={})], group=null, kind=ConfigMap, name=spark-exec-ed9f2c861aa40b48-conf-map, retryAfterSeconds=null, uid=null, additionalProperties={}), kind=Status, message=ConfigMap ""spark-exec-ed9f2c861aa40b48-conf-map"" is invalid: []: Too long: must have at most 1048576 bytes, metadata=ListMeta(_continue=null, remainingItemCount=null, resourceVersion=null, selfLink=null, additionalProperties={}), reason=Invalid, status=Failure, additionalProperties={}). at io.fabric8.kubernetes.client.dsl.base.OperationSupport.requestFailure(OperationSupport.java:682) at io.fabric8.kubernetes.client.dsl.base.OperationSupport.requestFailure(OperationSupport.java:661) at io.fabric8.kubernetes.client.dsl.base.OperationSupport.asse"
13523063,Rename TimestampNTZ inference conf as spark.sql.sources.timestampNTZTypeInference.enabled,Resolved,Major,Fixed,
13522921,Make sure connect client assembly and sql package is built before running client tests - SBT,Resolved,Major,Fixed,
13523085,Arrow string and binary vectors only support 1 GiB,Open,Major,,"Since Arrow 10.0.0, BaseVariableWidthVector (the parent for string and binary vectors), only supports expanding up to 1 GiB through the safe interfaces, which Spark uses, instead of 2 GiB previously. This is due to [https://github.com/apache/arrow/pull/13815.] I added a comment in there but haven't got any responses yet, will make an issue in Arrow as well. Basically whenever you try to add data beyond 1 GiB, the vector will try to double itself to the next power of two, which would be {{{}2147483648{}}}, which is greater than {{Integer.MAX_VALUE}} which is {{{}2147483647{}}}, thus throwing a {{{}OversizedAllocationException{}}}. See [https://github.com/apache/spark/pull/39572#issuecomment-1383195213] and the comment above for how I recreated to show this was now the case."
13523014,Fix JoinSelectionHelperSuite and PlanStabilitySuite to use explicit broadcast threshold,Resolved,Major,Fixed,
13522868,Assign name to _LEGACY_ERROR_TEMP_2412,Resolved,Major,Fixed,
13522867,Apply spark.sql.inferTimestampNTZInDataSources.enabled on JDBC data source,Resolved,Major,Fixed,
13522879,Assign name to _LEGACY_ERROR_TEMP_1242,Resolved,Major,Duplicate,
13522871,Assign name to _LEGACY_ERROR_TEMP_2143,Resolved,Major,Won't Do,
13522893,Assign name to_LEGACY_ERROR_TEMP_2235,Open,Major,,
13522776,Spark SQL not use hive partition info,Resolved,Major,Fixed,"I use spark3 to count partition num , like : table a is external parquet table, it have 3 partition columns (year ,month, day). query sql : ""select distinct month , day from a where year = '2022' "" i think spark can find hive metadata and use partition info, but it load all ""year = '2022'"" partition data. in spark2.4, it use TableLocalScanExec ,but spark3 use HiveTableRelation and scan hive parquet."
13522837,Tear down the test cleanly,Resolved,Major,Fixed,
13522435,Use ROCKSDB for spark.history.store.hybridStore.diskBackend by default,Resolved,Major,Fixed,
13522414,Skip Spark Connect tests if dependencies are not installed,Resolved,Major,Fixed,"{code} arget/7411b1a1-5ebc-47a6-b3cb-c73dedc9a3c9/python3.9__pyspark.sql.tests.connect.test_parity_catalog__7iw4wnpb.log) Traceback (most recent call last): File ""/usr/local/Cellar/python@3.9/3.9.10/Frameworks/Python.framework/Versions/3.9/lib/python3.9/runpy.py"", line 197, in _run_module_as_main return _run_code(code, main_globals, None, File ""/usr/local/Cellar/python@3.9/3.9.10/Frameworks/Python.framework/Versions/3.9/lib/python3.9/runpy.py"", line 87, in _run_code exec(code, run_globals) File ""/.../spark/python/pyspark/sql/tests/connect/test_connect_basic.py"", line 29, in <module> from pyspark.sql.connect.client import Retrying File ""/.../spark/python/pyspark/sql/connect/__init__.py"", line 21, in <module> from pyspark.sql.connect.dataframe import DataFrame # noqa: F401 File ""/.../spark/python/pyspark/sql/connect/dataframe.py"", line 50, in <module> import pyspark.sql.connect.plan as plan File ""/.../spark/python/pyspark/sql/connect/plan.py"", line 26, in <module> import pyspark.sql.connect.proto as proto File ""/.../spark/python/pyspark/sql/connect/proto/__init__.py"", line 18, in <module> from pyspark.sql.connect.proto.base_pb2_grpc import * File ""/.../spark/python/pyspark/sql/connec"
13522431,"Avoid using built-in list, dict in static typing",Resolved,Major,Fixed,
13522549,Make sure Connect Server assembly jar is available before we run Scala Client tests,Resolved,Major,Fixed,
13522484,Add Simple Scala UDFs to Scala/JVM Client,Resolved,Major,Fixed,"“Simple” here refers to UDFs that utilize no client-specific class files (e.g REPL-generated) and JARs. Essentially, a “simple” UDF may only reference in-built libraries and classes defined within the scope of the UDF."
13522436,DS V2 pushdown supports supports JDBC dialects compile `SortOrder` by themselves,Resolved,Major,Fixed,"Currently, DS V2 pushdown framework compile the SortOrder in fixed format. This is not flexible and friendly for some databases that do not support this syntax. For example, the fixed format order by col asc nulls first is not supported by mssql server who doesn't support nulls first."
13522393,Sort merge join may oom when right match rows are very large,In Progress,Major,,Sort merge join may oom when right match rows are very large.
13524697,Job description in v2 FileWrites can have the wrong committer,In Progress,Minor,,"There is a difference in behavior between v1 writes and v2 writes in the order of events happening when configuring the file writer and the committer. v1: # writer.prepareWrite() # committer.setupJob() v2: # committer.setupJob() # writer.prepareWrite() This is because the `prepareWrite()` call (that is the one performing the call ` job.setOutputFormatClass(classOf[ParquetOutputFormat[Row]])`) happens as part of the `createWriteJobDescription` which is `lazy val` in the `toBatch` call and therefore is evaluated after the `committer.setupJob` at the end of the `toBatch` This causes issues when evaluating the committer as some elements might be missing, for example the aforementioned output format class not being set, causing the committer being set up as generic write instead of parquet write. The fix is very simple and it is to make the `createJobDescription` call non-lazy"
13523295,Add an option to use external storage to distribute JAR set in cluster mode on Kube,Open,Minor,,"tl;dr – sometimes the driver can get overwhelmed serving the initial jar set. You'll see a lot of ""Executor fetching spark://.../....jar"" and then connection timed out. On YARN the jars (in cluster mode) are cached in HDFS."
13524910,SPJ: encapsulate all SPJ related parameters in BatchScanExec,Resolved,Minor,Fixed,"The list of SPJ parameters in {{BatchScanExec}} keeps growing, which is annoying since there are many places which do pattern-matching on {{BatchScanExec}} and they have to change accordingly. To make this less disruptive, we can introduce a struct for all the SPJ classes and use that as the parameter for {{BatchScanExec}}."
13524423,Use the utils to get the switch for dynamic allocation used in local checkpoint,Resolved,Minor,Fixed,Use the _Utils#isDynamicAllocationEnabled_ to ensure whether enable the dynamic allocation.
13525861,Remove obsolete/superfluous imports in spark-hadoop-cloud module,Open,Minor,,"The explicit imports into hadoop-cloud are obsolete * the hadoop-cloud-storage pom is a cut down export of the bindings to the various cloud stores in their hadoop-* modules * it's been shipping since hadoop 2.10 * its grown to include cos and allyun support * fairly well tested * actually cuts removed support (hadoop-openstack) when withdrawn. Hadoop 3.3.5 has done this, leaving a stub jar there just to avoid breaking downstream builds like spark's current setup. hadoop-cloud-storage *should* be all that's needed. I know that the spark hadoop-2 profile still references the (long unsupported 2.7.x), but if you are using those releases then really you aren't going to talk to cloud infra * no abfs connector * s3n connector which won't authenticate with any of the aws regions launched in the past 5-8 years * gcs connector won't work (its java11+; hadoop 3.2.x is minimum for java11 clients) * none of the new chinese cloud services * s3a connector very outdated. * s3a connector using unshaded aws client which is unlikely to work with versions of jackson, httpclient written in the last 5 years, has trouble on java8 etc. Proposed * hadoop-2 profile to be the minimal hadoop-aws and hadoop-"
13524668,Update DataTables to 1.13.2,Resolved,Minor,Fixed,"The 1.10.25 version of DataTables, that Spark uses, seems vulerable: https://security.snyk.io/package/npm/datatables.net/1.10.25. It may or may not affect Spark, but updating to latest 1.13.2 seems doable."
13522696,Expose file path if reading failed,Resolved,Minor,Duplicate,"`MalformedInputException` may be thrown because the decompression failed when reading the file. In this case, the error message does not contain the file name. If the file name is included, it is easier to locate the problem. {code:java} org.apache.spark.SparkException: Job aborted due to stage failure: Task 41 in stage 15641.0 failed 10 times, most recent failure: Lost task 41.9 in stage 15641.0 (TID 6287211) (hostname executor 58): io.airlift.compress.MalformedInputException: Malformed input: offset=65075 at io.airlift.compress.snappy.SnappyRawDecompressor.uncompressAll(SnappyRawDecompressor.java:108) at io.airlift.compress.snappy.SnappyRawDecompressor.decompress(SnappyRawDecompressor.java:53) at io.airlift.compress.snappy.SnappyDecompressor.decompress(SnappyDecompressor.java:45) at org.apache.orc.impl.AircompressorCodec.decompress(AircompressorCodec.java:94) at org.apache.orc.impl.SnappyCodec.decompress(SnappyCodec.java:45) at org.apache.orc.impl.InStream$CompressedStream.readHeader(InStream.java:495) at org.apache.orc.impl.InStream$CompressedStream.ensureUncompressed(InStream.java:522) at org.apache.orc.impl.InStream$CompressedStream.read(InStream.java:509) at org.apache.orc.im"
13523716,Upgrade maven to 3.9.1,Resolved,Minor,Won't Fix,"{code:java} [ERROR] An error occurred attempting to read POM org.codehaus.plexus.util.xml.pull.XmlPullParserException: UTF-8 BOM plus xml decl of ISO-8859-1 is incompatible (position: START_DOCUMENT seen <?xml version=""1.0"" encoding=""ISO-8859-1""... @1:42) at org.codehaus.plexus.util.xml.pull.MXParser.parseXmlDeclWithVersion (MXParser.java:3423) at org.codehaus.plexus.util.xml.pull.MXParser.parseXmlDecl (MXParser.java:3345) at org.codehaus.plexus.util.xml.pull.MXParser.parsePI (MXParser.java:3197) at org.codehaus.plexus.util.xml.pull.MXParser.parseProlog (MXParser.java:1828) at org.codehaus.plexus.util.xml.pull.MXParser.nextImpl (MXParser.java:1757) at org.codehaus.plexus.util.xml.pull.MXParser.next (MXParser.java:1375) at org.apache.maven.model.io.xpp3.MavenXpp3Reader.read (MavenXpp3Reader.java:3940) at org.apache.maven.model.io.xpp3.MavenXpp3Reader.read (MavenXpp3Reader.java:612) at org.apache.maven.model.io.xpp3.MavenXpp3Reader.read (MavenXpp3Reader.java:627) at org.cyclonedx.maven.BaseCycloneDxMojo.readPom (BaseCycloneDxMojo.java:759) at org.cyclonedx.maven.BaseCycloneDxMojo.readPom (BaseCycloneDxMojo.java:746) at org.cyclonedx.maven.BaseCycloneDxMojo.retrieveParentProject (Base"
13523738,Upgrade `cyclonedx-maven-plugin` to 2.7.6,Resolved,Minor,Fixed,[https://github.com/CycloneDX/cyclonedx-maven-plugin/releases/tag/cyclonedx-maven-plugin-2.7.4] [https://github.com/CycloneDX/cyclonedx-maven-plugin/releases/tag/cyclonedx-maven-plugin-2.7.5]
13523305,Upgrade kubernetes-client from 6.4.0 to 6.4.1,Resolved,Minor,Fixed,New version of kubernetes client Release notes https://github.com/fabric8io/kubernetes-client/releases/tag/v6.4.1
13523390,Split 'pyspark.pandas.tests.test_ops_on_diff_frames',Resolved,Minor,Fixed,
13523383,Split 'pyspark.pandas.tests.test_dataframe',Resolved,Minor,Fixed,
13522475,Split 'pyspark.pandas.tests.test_groupby',Resolved,Minor,Fixed,
13522462,Simplify `pyspark.pandas.tests.test_resample`,Resolved,Minor,Fixed,
13525848,Upgrade log4j2 to 2.20.0,Resolved,Minor,Fixed,[https://logging.apache.org/log4j/2.x/release-notes/2.20.0.html]
13524427,Upgrade `maven-shade-plugin` to 3.4.1,Resolved,Minor,Fixed,* [https://github.com/apache/maven-shade-plugin/releases/tag/maven-shade-plugin-3.3.0] * https://github.com/apache/maven-shade-plugin/compare/maven-shade-plugin-3.3.0...maven-shade-plugin-3.4.1
13526582,Upgrade zstd-jni to 1.5.4-2,Resolved,Minor,Fixed,
13525616,ClientE2ETestSuite local test failed,Resolved,Minor,Fixed,"local run `build/sbt clean ""connect-client-jvm/test""`, `ClientE2ETestSuite#write table` failed, GA not failed. {code:java} [info] - rite table *** FAILED *** (41 milliseconds) [info] io.grpc.StatusRuntimeException: UNKNOWN: org/apache/parquet/hadoop/api/ReadSupport [info] at io.grpc.Status.asRuntimeException(Status.java:535) [info] at io.grpc.stub.ClientCalls$BlockingResponseStream.hasNext(ClientCalls.java:660) [info] at scala.collection.convert.Wrappers$JIteratorWrapper.hasNext(Wrappers.scala:45) [info] at scala.collection.Iterator.foreach(Iterator.scala:943) [info] at scala.collection.Iterator.foreach$(Iterator.scala:943) [info] at scala.collection.AbstractIterator.foreach(Iterator.scala:1431) [info] at org.apache.spark.sql.SparkSession.execute(SparkSession.scala:169) [info] at org.apache.spark.sql.DataFrameWriter.executeWriteOperation(DataFrameWriter.scala:255) [info] at org.apache.spark.sql.DataFrameWriter.saveAsTable(DataFrameWriter.scala:338) [info] at org.apache.spark.sql.ClientE2ETestSuite.$anonfun$new$12(ClientE2ETestSuite.scala:145) [info] at org.scalatest.OutcomeOf.outcomeOf(OutcomeOf.scala:85) [info] at org.scalatest.OutcomeOf.outcomeOf$(OutcomeOf.scala:83) [info] at or"
13526333,Set spark.sql.legacy.createHiveTableByDefault to false,In Progress,Minor,,
13526234,Use wrapper versions for SBT and Maven in `connect` module tests,Resolved,Minor,Fixed,
13526142,Replace `AnyFunSuite` with `ConnectFunSuite` for scala client tests,Resolved,Minor,Fixed,Make enginner's life easier.
13526114,RocksDB StateStore lock acquisition should happen after getting input iterator from inputRDD,Resolved,Minor,Fixed,"The current behavior of the `{*}compute{*}` method in both `{*}StateStoreRDD{*}` and `{*}ReadStateStoreRDD{*}` is: we first get the state store instance and then get the input iterator for the inputRDD. For RocksDB state store, the running task will acquire and hold the lock for this instance. The retried task or speculative task will fail to acquire the lock and eventually abort the job if there are some network issues. For example, When we shrink the executors, the alive one will try to fetch data from the killed ones because it doesn't know the target location (prefetched from the driver) is dead until it tries to fetch data. The query might be hanging for a long time as the executor will retry {{*spark.shuffle.io.maxRetries=3*}} times and for each retry wait for {{*spark.shuffle.io.connectionTimeout*}} (default value is 120s) before timeout. In total, the task could be hanging for about 6 minutes. And the retried or speculative tasks won't be able to acquire the lock in this period. Making lock acquisition happen after retrieving the input iterator should be able to avoid this situation."
13526110,Error log improve ment for the lock acquisition of RocksDB state store instance,Resolved,Minor,Fixed,"{code:java} ""23/02/23 23:57:44 INFO Executor: Running task 2.0 in stage 57.1 (TID 363) ""23/02/23 23:58:44 ERROR RocksDB StateStoreId(opId=0,partId=3,name=default): RocksDB instance could not be acquired by [ThreadId: Some(49), task: 3.0 in stage 57, TID 363] as it was not released by [ThreadId: Some(51), task: 3.1 in stage 57, TID 342] after 60002 ms.{code} We are seeing those error messages for a testing query. The *taskId != partitionId* but we fail to be clear on this in the error log. It's confusing when we see those logs: the second log entry seems to talk about `{*}task 3.0{*}` (it's actually partition 3 and retry attempt 0), but the `{*}TID 363{*}` is already occupied by `{*}task 2.0 in stage 57.1{*}`. Also, it's unclear at which stage retry attempt, the lock is acquired (or fails to be acquired)"
13525322,Upgrade commons-crypto from 1.1.0 to 1.2.0,In Progress,Minor,,https://github.com/apache/commons-crypto/compare/rel/commons-crypto-1.1.0...rel/commons-crypto-1.2.0
13524813,spark sql shell prompts wrong database info,Resolved,Minor,Fixed,The current db info is from hive sessionState instead of spark sessionState
13525697,Add Classifier.getNumClasses back,Resolved,Minor,Fixed,
13523052,Ignore `IOException` in `handleBlockRemovalFailure` if SparkContext is stopped,Resolved,Minor,Fixed,
13525325,Upgrade protobuf-java to 3.22.0,Resolved,Minor,Fixed,https://github.com/protocolbuffers/protobuf/releases/tag/v22.0
13525324,Upgrdae scala-parser-combinators from 2.1.1 to 2.2.0,Resolved,Minor,Fixed,https://github.com/scala/scala-parser-combinators/releases
13525265,Regenerate benchmark results,Resolved,Minor,Fixed,
13525116,Remove unused declarations from Hive module,Resolved,Minor,Fixed,
13525158,Add extraJVMOptions JVM GC option K8s test cases,Resolved,Minor,Fixed,
13522690,Optimize the packaging strategy of connect client module,Resolved,Minor,Fixed,"# `perfmark-api` not shaded into `connect-client-jvm module.jar` and it is not the default dependency of spark, we can package `perfmark-api` to `connect-client-jvm module.jar` to avoid users' manual dependence on it # sbt-assembly result of `connect-client-jvm module` packed too much jars and not relocation them, such as hadoop, rocksdb, roaringbitmap and so on, should simplify it refer to the packaging results of maven"
13524959,Clean up the third-party Java source code introduced by SPARK-27180,Resolved,Minor,Fixed,* resource-managers/yarn/src/test/java/org/apache/hadoop/net/ServerSocketUtil.java * resource-managers/yarn/src/test/java/org/eclipse/jetty/server/SessionManager.java * resource-managers/yarn/src/test/java/org/eclipse/jetty/server/session/SessionHandler.java
13524877,Remove 3.1 and Java 17 check from filter condition of `testingVersions` in `HiveExternalCatalogVersionsSuite`,Resolved,Minor,Fixed,"Spark 3.1 already EOL and has been deleted from [https://dist.apache.org/repos/dist/release/spark,] we can simplifies the filter conditions of `testingVersions`, all version already support Java 17"
13524872,Fix `native-image.propertie` in Scala Client,Open,Minor,,"The content of `native-image.propertie` file is not correct. This file is used to create a native image using GraalVM see more info: https://docs.oracle.com/en/graalvm/enterprise/20/docs/reference-manual/native-image/BuildConfiguration/ https://www.graalvm.org/22.1/reference-manual/native-image/BuildConfiguration/ e.g. The content in `META-INF/native-image/io.netty` should also relocated, just as in `grpc-netty-shaded`. Now, the content of `META-INF/native-image/io.netty/netty-codec-http2/native-image.properties` is ``` Args = --initialize-at-build-time=io.netty \ --initialize-at-run-time=io.netty.handler.codec.http2.Http2CodecUtil,io.netty.handler.codec.http2.Http2ClientUpgradeCodec,io.netty.handler.codec.http2.Http2ConnectionHandler,io.netty.handler.codec.http2.DefaultHttp2FrameWriter ``` but it should like ``` Args = --initialize-at-build-time=org.sparkproject.connect.client.io.netty \ --initialize-at-run-time=org.sparkproject.connect.client.io.netty.handler.codec.http2.Http2CodecUtil,org.sparkproject.connect.client.io.netty.handler.codec.http2.Http2ClientUpgradeCodec,org.sparkproject.connect.client.io.netty.handler.codec.http2.Http2ConnectionHandler,org.sparkproject.connect.cli"
13524795,Remove Hadoop 2 GitHub Action job,Resolved,Minor,Fixed,It's already broken for a while. https://github.com/apache/spark/actions/workflows/build_hadoop2.yml
13523485,Remove unused blank line removal from CSVExprUtils,In Progress,Minor,,"The non-multiline CSV read codepath contains references to removal of blank lines throughout. This is not necessary as blank lines are removed by the parser. Furthermore, it causes confusion, indicating that blank lines are removed at this point when instead they are already omitted from the data. The multiline code-path does not explicitly remove blank lines leading to what looks like disparity in behavior between the two. The codepath for {{DataFrameReader.csv(dataset: Dataset[String])}} does need to explicitly skip lines, and this should be respected in {{CSVUtils}}."
13524619,Add `array_insert` to Connect,Resolved,Minor,Fixed,
13524621,`array_append` should accept `Any` value,Resolved,Minor,Fixed,
13524418,"Register WriteTaskResult, BasicWriteTaskStats, and ExecutedWriteSummary to KryoSerializer",Resolved,Minor,Fixed,
13524402,Upgrade `netty` to version 4.1.88.Final,Resolved,Minor,Fixed,
13524199,Inconsistent data produced by `FlatMapCoGroupsInPandas`,Open,Minor,,"We are seeing inconsistent data returned when using `FlatMapCoGroupsInPandas`. In the PySpark example from the comments, when we call `grouped_df.collect()` we get: {{[Row(left_colms=""Index(['cluster', 'event', 'abc'], dtype='object')"", right_colms=""Index(['cluster', 'event', 'def'], dtype='object')"")] }} When we call `grouped_df.show(5, truncate=False)` we get: {{[Row(left_colms=""Index(['cluster', 'abc'], dtype='object')"", right_colms=""Index(['cluster', 'event', 'def'], dtype='object')"", xyz='1234')] }} When we call `grouped_df_1.collect()` we get: {{[Row(left_colms=""Index(['cluster', 'abc'], dtype='object')"", right_colms=""Index(['cluster', 'event', 'def'], dtype='object')"", xyz='1234')] }}"
13524137,Close Live AppStore in the finally block for test cases,Resolved,Minor,Fixed,"AppStatusStore#createLiveStore will return RocksDB backend AppStatusStore when ` LIVE_UI_LOCAL_STORE_DIR` or `LIVE_UI_LOCAL_STORE_DIR` is configured, should be closed it in finally block to release resources for test cases"
13524376,Upgrade zstd-jni from 1.5.2-5 to 1.5.4-1,Closed,Minor,Duplicate,
13524347,Register DoubleType to KryoSerializer,Resolved,Minor,Fixed,
13524123,Upgrade buf from 1.13.1 to 1.14.0,Resolved,Minor,Fixed,
13524308,Spark driver pod should not create executor pods when there is no driver service,Open,Minor,,"Currently, the driver pod assumes the driver headless service exists when creating the executor pods. However, when this assumption doesn't hold, the driver would still spin up executor pods, and the executor pods would fail, and then the driver would try to create more pods, and so on. With this, the spark job doesn't make any progress, while it eats a lot of computational resource, and it won't reach to a terminal state until manual intervention (e.g. deleting the job or recreate the driver service). This Jira Issue is to address this problem, by having the driver check the driver service before creating the executor pods."
13524150,Add a new case of TriggeredByExecutorDecommissionInfo to remove unnecessary param,In Progress,Minor,,Add a new case of TriggeredByExecutorDecommissionInfo and no need to add additional parameters.
13522433,Add ServicesResourceTransformer to connect server module shade configuration,Resolved,Minor,Fixed,The contents of META-INF/services directory in the shaded connect-server jar have not been relocated.
13523996,Ensure Live UI dir be cleaned up after test when `LIVE_UI_LOCAL_STORE_DIR` is configured,In Progress,Minor,,"When the env `LIVE_UI_LOCAL_STORE_DIR` is configured, some test cases do not clear the ui path after test"
13523393,Log shuffle data corruption diagnose cause,Resolved,Minor,Fixed,
13523864,Upgrade RoaringBitmap to 0.9.39,Resolved,Minor,Fixed,[https://github.com/RoaringBitmap/RoaringBitmap/releases/tag/0.9.39] * ForAllInRange Fixes Yet Again by [@larsk-db|https://github.com/larsk-db] in [#614|https://github.com/RoaringBitmap/RoaringBitmap/pull/614]
13523886,Rewrite HiveGenericUDF with Invoke,In Progress,Minor,,
13523185,Upgrade some maven-plugins,Resolved,Minor,Fixed,[INFO] maven-checkstyle-plugin ............................ 3.2.0 -> 3.2.1 [INFO] maven-clean-plugin ................................. 3.1.0 -> 3.2.0 [INFO] maven-dependency-plugin ............................ 3.3.0 -> 3.5.0 [INFO] maven-enforcer-plugin ........................... 3.0.0-M2 -> 3.2.1 [INFO] maven-source-plugin ................................ 3.1.0 -> 3.2.1 [INFO] maven-surefire-plugin ........................ 3.0.0-M7 -> 3.0.0-M8 [INFO] maven-jar-plugin ................................... 3.2.2 -> 3.3.0
13522934,Pass the comment option through to univocity if users set it explicitly in CSV dataSource,Resolved,Minor,Fixed,"In PR [https://github.com/apache/spark/pull/29516], in order to fix some bugs, univocity-parsers used by CSV dataSource was upgraded from 2.8.3 to 2.9.0, it also involved a new feature of univocity-parsers that quoting values of the first column that start with the comment character. It made a breaking for users downstream that handing a whole row as input. For codes: {code:java} Seq((""#abc"", 1)).toDF.write.csv(""/Users/guowei/comment_test"") {code} Before Spark 3.0，the content of output CSV files is shown as: !image-2023-02-03-18-56-01-596.png! After this change, the content is shown as: !image-2023-02-03-18-56-10-083.png! For users, they can't set comment option to '\u0000' to keep the behavior as before because the new added `isCommentSet` check logic as follows: {code:java} val isCommentSet = this.comment != '\u0000' def asWriterSettings: CsvWriterSettings = { // other code if (isCommentSet) { format.setComment(comment) } // other code } {code} It's better to pass the comment option through to univocity if users set it explicitly in CSV dataSource. After this change, the behavior as flows: |id|code|2.4 and before|3.0 and after|this update|remark| |1|Seq(""#abc"", ""\u0000def"", ""xyz"""
13523790,Protobuf serializer for RocksDB.TypeAliases,In Progress,Minor,,
13523162,Upgrade maven to 3.8.7,Resolved,Minor,Fixed,[https://maven.apache.org/docs/3.8.7/release-notes.html]
13522768,Allow drop column operation on non V2 tables,In Progress,Minor,,Drop column operations do not seem to be supported in non-V2 tables: https://github.com/apache/spark/blob/5d45a415f3a29898d92380380cfd82bfc7f579ea/sql/core/src/main/scala/org/apache/spark/sql/catalyst/analysis/ResolveSessionCatalog.scala#L93 We have not been able to find a clear rationale as to why. It would be nice if this feature can be supported for none V2 tables.
13523415,Ignore SparkRemoteFileTest K8s IT test case in GitHub Action,Resolved,Minor,Fixed,
13523175,Upgrade Jackson to 2.14.2,Resolved,Minor,Fixed,https://github.com/FasterXML/jackson/wiki/Jackson-Release-2.14.2
13523246,Transform LeftOuter join with IsNull filter on right side to Anti join,In Progress,Minor,,"Optimize left outer join to anti join if exists IsNull filter on the right side. For example, query {code:sql} SELECT t1.* FROM t1 LEFT JOIN t2 ON t1.id = t2.id WHERE t2.id is null and t1.id = 1 and Rand() < 0.5 {code} can be optimized to {code:sql} SELECT t1.* FROM t1 LEFT ANTI JOIN t2 ON t1.id = t2.id WHERE t1.id = 1 and Rand() < 0.5 {code}"
13523147,Protobuf serializer for FsHistoryProviderMetadata,In Progress,Minor,,
13522421,Upgrade `compress-lzf` to 1.1.2,Resolved,Minor,Fixed,
13523106,Support pandas cogroup with multiple df,In Progress,Trivial,,Currently pyspark support `cogroup.applyInPandas` with only 2 dataframes. The improvement request is to support multiple dataframes with variable arity.
13525326,Upgrade jetty to 9.4.51.v20230217,Resolved,Trivial,Fixed,https://github.com/eclipse/jetty.project/releases/tag/jetty-9.4.51.v20230217
13524590,IntelliJ Build issue: value getArgument is not a member of org.mockito.invocation.InvocationOnMock,Closed,Trivial,Fixed,"When running the tests with IntelliJ, sometime the error pops out: spark/sql/core/src/test/scala/org/apache/spark/sql/execution/command/PlanResolutionSuite.scala:149:18 value getArgument is not a member of org.mockito.invocation.InvocationOnMock invocation.getArgument[Identifier](0).name match { It seems caused by some conflicts versioning of mockito in the IDE."
13524500,Remove unused method `setEnvFromInputString` from YarnSparkHadoopUtil,Resolved,Trivial,Fixed,`YarnSparkHadoopUtil#setEnvFromInputString` becomes a unused method after SPARK-17979
13524326,Better documentation of array_insert function,Resolved,Trivial,Fixed,See the following thread for discussion: https://github.com/apache/spark/pull/38867#discussion_r1097054656
13524287,Code clean up in org.apache.spark.storage,Resolved,Trivial,Fixed,
13523145,Replcace `get().getOrElse` with `getOrElse`,Resolved,Trivial,Fixed,
13522951,Use getOrElse() instead of contains() in ResourceAllocator,Resolved,Trivial,Fixed,"In ResourceAllocator, we can use `.getOrElse(address, throw new SparkException(...))` instead of one `contains` which can gain better performance."
13522920,Change log level to debug when fetching result set from SparkExecuteStatementOperation,Resolved,Trivial,Fixed,
13436224,pyspark hangs in local mode running rdd map operation,Resolved,Blocker,Fixed,"In spark 3.2.1 (spark 3.2.0 doesn't show this issue), pyspark will hang when running and RDD map operations and converting to a dataframe. Code is below to reproduce. Env: spark 3.2.1 local mode, just run {{./bin/pyspark --driver-memory XXXXG --driver-cores XXXX}} {{download dataset from here [https://rapidsai-data.s3.us-east-2.amazonaws.com/spark/mortgage.zip]}} {{just 200000 rows could reproduce the issue }}{{head -n 200000 mortgage_eval_merged.csv > mortgage_eval_merged-small.csv}}{{{} but if the input dataset is small, such 50000 rows, it works well.{}}}{{{{}}{}}}run codes below: {code:java} path = ""/XXXX/mortgage_eval_merged-small.csv"" src_data = sc.textFile(path).map(lambda x:x.split("","")) column_list =['c1','c2','c3','c4','c5','c6','c7','c8','c9','c10','c11','c12','c13','c14','c15','c16','c17','c18','c19','c20','c21','c22','c23','c24','c25','c26','c27','c28'] df = spark.createDataFrame(src_data,column_list) print(df.show(1)){code}"
13436136,Race condition in BlockInfoManager during unlock,Resolved,Blocker,Fixed,There is a race condition between unlock and releaseAllLocksForTask in the block manager. This can lead to negative reader counts (which trip an assertion).
13436379,Stream-stream outer join has a possible correctness issue due to weakly read consistent on outer iterators,Resolved,Blocker,Fixed,"We figured out stream-stream join has the same issue with SPARK-38320 on the appended iterators. Since the root cause is same as SPARK-38320, this is only reproducible with RocksDB state store provider, but even with HDFS backed state store provider, it is not guaranteed by interface contract hence may depend on the JVM vendor, version, etc. I can easily construct the scenario of “data loss” in state store. Condition follows: * Use stream-stream time interval outer join ** left outer join has an issue on left side, right outer join has an issue on right side, full outer join has an issue on both sides * At batch N, produce row(s) on the problematic side which are non-late * At the same batch (batch N), some row(s) on the problematic side should be evicted by watermark condition When the condition is fulfilled, out of sync happens with keyToNumValues between state and the iterator in evict phase. If eviction of the row happens for the grouping key (updating keyToNumValues), the eviction phase “overwrites” keyToNumValues in the state as the value it calculates. Given that the eviction phase “do not know” about the new rows (keyToNumValues is out of sync), effectively discarding all r"
13435698,uploadFileUri should preserve file scheme,Resolved,Blocker,Fixed,"DepsTestsSuite in k8s IT test is blocked with PathIOException in hadoop-aws-3.3.2. Exception Message is as follow {code:java} Exception in thread ""main"" org.apache.spark.SparkException: Uploading file /Users/hengzhen.sq/IdeaProjects/spark/dist/examples/jars/spark-examples_2.12-3.4.0-SNAPSHOT.jar failed... at org.apache.spark.deploy.k8s.KubernetesUtils$.uploadFileUri(KubernetesUtils.scala:332) at org.apache.spark.deploy.k8s.KubernetesUtils$.$anonfun$uploadAndTransformFileUris$1(KubernetesUtils.scala:277) at scala.collection.TraversableLike.$anonfun$map$1(TraversableLike.scala:286) at scala.collection.mutable.ResizableArray.foreach(ResizableArray.scala:62) at scala.collection.mutable.ResizableArray.foreach$(ResizableArray.scala:55) at scala.collection.mutable.ArrayBuffer.foreach(ArrayBuffer.scala:49) at scala.collection.TraversableLike.map(TraversableLike.scala:286) at scala.collection.TraversableLike.map$(TraversableLike.scala:279) at scala.collection.AbstractTraversable.map(Traversable.scala:108) at org.apache.spark.deploy.k8s.KubernetesUtils$.uploadAndTransformFileUris(KubernetesUtils.scala:275) at org.apache.spark.deploy.k8s.features.BasicDriverFeatureStep.$anonfun$getAdditionalP"
13436610,Add `commons-collections` back,Resolved,Blocker,Fixed,
13435229,K8s app name label should start and end with alphanumeric char,Resolved,Blocker,Fixed,
13434084,Revert the parser changes for DEFAULT column support,Resolved,Blocker,Fixed,Revert the commit https://github.com/apache/spark/commit/e21cb62d02c85a66771822cdd49c49dbb3e44502 from branch-3.3.
13435244,Arbitrary shell command injection via Utils.unpack(),Resolved,Critical,Fixed,"There is a risk for arbitrary shell command injection via {{Utils.unpack}} when the filename is controlled by a malicious user. This is due to an issue in Hadoop's {{unTar}}, that is not properly escaping the filename before passing to a shell command:https://github.com/apache/hadoop/blob/trunk/hadoop-common-project/hadoop-common/src/main/java/org/apache/hadoop/fs/FileUtil.java#L904"
13434807,UI for Pandas API on Spark,Resolved,Critical,Invalid,Currently Pandas API on Spark does not have its dedicated UI which mixes up with SQL UI tab. It should be better to have a dedicated page
13434685,ceil and floor return different types when called from scala than sql,Resolved,Critical,Fixed,"In Spark 3.3.0 SPARK-37475 [PR|http://example.com/][https://github.com/apache/spark/pull/34729] went in and added support for a scale parameter to floor and ceil. There was [discussion|https://github.com/apache/spark/pull/34729#discussion_r761157050] about potential incompatibilities, specifically with respect to the return types. It looks like it was [decided|https://github.com/apache/spark/pull/34729#discussion_r767446855 to keep the old behavior if no scale parameter was passed in, but use the new functionality if a scale is passed in. But the scala API didn't get updated to do the same thing as the SQL API. {code:scala} scala> spark.range(1).selectExpr(""id"", ""ceil(id) as one_arg_sql"", ""ceil(id, 0) as two_arg_sql"").select(col(""*""), ceil(col(""id"")).alias(""one_arg_func""), ceil(col(""id""), lit(0)).alias(""two_arg_func"")).printSchema root |-- id: long (nullable = false) |-- one_arg_sql: long (nullable = true) |-- two_arg_sql: decimal(20,0) (nullable = true) |-- one_arg_func: decimal(20,0) (nullable = true) |-- two_arg_func: decimal(20,0) (nullable = true) scala> spark.range(1).selectExpr(""cast(id as double) as id"").selectExpr(""id"", ""ceil(id) as one_arg_sql"", ""ceil(id, 0) as two_arg_sq"
13434020,Upgrade to Py4J 0.10.9.5,Resolved,Critical,Fixed,"There is a resource leak bug, see https://github.com/py4j/py4j/pull/471. We should upgrade Py4J to 0.10.9.4 to fix this"
13432319,Why the latest release named spark-3.2.1-bin-hadoop3.2.tgz when I choose hadoop 3.3.1,Resolved,Critical,Duplicate,[https://spark.apache.org/downloads.html] !11271646623853_.pic.jpg!
13433511,UnsafeHashedRelation should serialize numKeys out,Resolved,Critical,Fixed,"At present, UnsafeHashedRelation does not write out numKeys during serialization, so the numKeys of UnsafeHashedRelation obtained by deserialization is equal to 0. The numFields of UnsafeRows returned by UnsafeHashedRelation.keys() are all 0, which can lead to missing or incorrect data. For example, in SubqueryBroadcastExec, the HashedRelation.keys() function is called. {code:java} val broadcastRelation = child.executeBroadcast[HashedRelation]().value val (iter, expr) = if (broadcastRelation.isInstanceOf[LongHashedRelation]) { (broadcastRelation.keys(), HashJoin.extractKeyExprAt(buildKeys, index)) } else { (broadcastRelation.keys(), BoundReference(index, buildKeys(index).dataType, buildKeys(index).nullable)) }{code}"
13433242,Volcano queue is not deleted,Resolved,Critical,Fixed,"{code} $ k delete queue queue0 Error from server: admission webhook ""validatequeue.volcano.sh"" denied the request: only queue with state `Closed` can be deleted, queue `queue0` state is `Open` {code} {code} [info] org.apache.spark.deploy.k8s.integrationtest.VolcanoSuite *** ABORTED *** (7 minutes, 40 seconds) [info] io.fabric8.kubernetes.client.KubernetesClientException: Failure executing: DELETE at: https://44bea09e70a5147f6b5b347ec26de85f.gr7.us-west-2.eks.amazonaws.com/apis/scheduling.volcano.sh/v1beta1/queues/queue-2u-3g. Message: admission webhook ""validatequeue.volcano.sh"" denied the request: only queue with state `Closed` can be deleted, queue `queue-2u-3g` state is `Open`. Received status: Status(apiVersion=v1, code=400, details=null, kind=Status, message=admission webhook ""validatequeue.volcano.sh"" denied the request: only queue with state `Closed` can be deleted, queue `queue-2u-3g` state is `Open`, metadata=ListMeta(_continue=null, remainingItemCount=null, resourceVersion=null, selfLink=null, additionalProperties={}), reason=null, status=Failure, additionalProperties={}). {code}"
13433218,ResolveFunctions implemented incorrectly requiring multiple passes to Resolve Nested Expressions,In Progress,Critical,,"ResolveFunctions Rule is implemented incorrectly requiring multiple passes to Resolve Nested Expressions: While Plan object is traversed correctly in post-order (bottoms-up, `plan.resolveOperatorsUpWithPruning), internally, Plan children though are traversed incorrectly in pre-order (top-down, using `transformExpressionsWithPruning`): {code:java} case q: LogicalPlan => q.transformExpressionsWithPruning(...) { ... } {code} Traversing in pre-order means that attempt is taken to resolve the current node, before its children are resolved, which is incorrect, since the node itself could not be resolved before its children are. While this is not leading to failures yet, this is taxing on performance – most of the expressions in Spark should be able to be resolved in a *single pass* (if resolved bottoms-up, take reproducible sample at the bottom). Instead, it currently takes Spark at least *N* iterations to resolve such expressions, where N is proportional to the depth of the Expression tree. Example to reproduce: {code:java} def resolveExpr(spark: SparkSession, exprStr: String, tableSchema: StructType): Expression = { val expr = spark.sessionState.sqlParser.parseExpression(exprStr) val a"
13433147,Push partial aggregation through join,In Progress,Major,,Please see https://docs.teradata.com/r/Enterprise_IntelliFlex_VMware/SQL-Request-and-Transaction-Processing/Join-Planning-and-Optimization/Partial-GROUP-BY-Block-Optimization for more details.
13432766,Use error classes in org.apache.spark.scheduler,Open,Major,,
13432977,Spark doc build not work on Mac OS M1,Resolved,Major,Fixed,"{code:java} diff --git a/docs/.bundle/config b/docs/.bundle/config index b13821f801..68c1ee493a 100644 --- a/docs/.bundle/config +++ b/docs/.bundle/config @@ -1,2 +1,3 @@ --- BUNDLE_PATH: "".local_ruby_bundle"" +BUNDLE_BUILD__FFI: ""--enable-libffi-alloc"" diff --git a/docs/Gemfile b/docs/Gemfile index f991622708..6c35201296 100644 --- a/docs/Gemfile +++ b/docs/Gemfile @@ -17,6 +17,7 @@ source ""https://rubygems.org"" +gem ""ffi"", ""1.15.5"" gem ""jekyll"", ""4.2.1"" gem ""rouge"", ""3.26.0"" gem ""jekyll-redirect-from"", ""0.16.0"" {code} After above patch redo `bundle install`, then it works, you could see this as ref if you meet the same issue. will take a deep look to solve this. related: https://github.com/ffi/ffi/issues/864"
13431450,Repartition + Stage retries could lead to incorrect data,Open,Major,,"Spark repartition uses RoundRobinPartitioning, the generated results is non-deterministic when data has some randomness and stage/task retries happen. The bug can be triggered when upstream data has some randomness, a repartition is called on them, then followed by result stage (could be more stages). As the pattern shows below: upstream stage (data with randomness) -> (repartition shuffle) -> result stage When one executor goes down at result stage, some tasks of that stage might have finished, others would fail, shuffle files on that executor also get lost, some tasks from previous stage (upstream data generation, repartition) will need to rerun to generate dependent shuffle data files. Because data has some randomness, regenerated data in upstream retried tasks is slightly different, repartition then generates inconsistent ordering, then tasks at result stage will be retried generating different data. This is similar but different to https://issues.apache.org/jira/browse/SPARK-23207, fix for it uses extra local sort to make the row ordering deterministic, the sorting algorithm it uses simply compares row/record hash. But in this case, upstream data has some randomness, the sorti"
13432758,Use error classes in org.apache.spark.launcher,Open,Major,,
13436042,Spark on Kubernetes: add separate pod watcher service to reduce pressure on K8s API server,Open,Major,,"Spark driver will listen to all pods events to manage its executor pods. This will cause pressure on Kubernetes API server in a large cluster, because there will be many drivers connect to the API server and watch for the pods. An alternative is to have a separate service to listen and watch all pod events. Then each Spark driver only connects to that service to get pod events. This will reduce the load on Kubernetes API server."
13434942,SQL Error Attribution Framework,Resolved,Major,Implemented,"Currently, there is not enough error context for runtime ANSI failures. In the following example, the error message only tells that there is a ""divide by zero"" error, without pointing out where the exact SQL statement is. {code:java} > SELECT ss1.ca_county, ss1.d_year, ws2.web_sales / ws1.web_sales web_q1_q2_increase, ss2.store_sales / ss1.store_sales store_q1_q2_increase, ws3.web_sales / ws2.web_sales web_q2_q3_increase, ss3.store_sales / ss2.store_sales store_q2_q3_increase FROM ss ss1, ss ss2, ss ss3, ws ws1, ws ws2, ws ws3 WHERE ss1.d_qoy = 1 AND ss1.d_year = 2000 AND ss1.ca_county = ss2.ca_county AND ss2.d_qoy = 2 AND ss2.d_year = 2000 AND ss2.ca_county = ss3.ca_county AND ss3.d_qoy = 3 AND ss3.d_year = 2000 AND ss1.ca_county = ws1.ca_county AND ws1.d_qoy = 1 AND ws1.d_year = 2000 AND ws1.ca_county = ws2.ca_county AND ws2.d_qoy = 2 AND ws2.d_year = 2000 AND ws1.ca_county = ws3.ca_county AND ws3.d_qoy = 3 AND ws3.d_year = 2000 AND CASE WHEN ws1.web_sales > 0 THEN ws2.web_sales / ws1.web_sales ELSE NULL END > CASE WHEN ss1.store_sales > 0 THEN ss2.store_sales / ss1.store_sales ELSE NULL END AND CASE WHEN ws2.web_sales > 0 THEN ws3.web_sales / ws2.web_sales ELSE NULL END > CASE W"
13432359,Refactor framework so as JDBC dialect could compile filter by self way,Resolved,Major,Fixed,"Currently, Spark DS V2 could push down filters into JDBC source. However, only the most basic form of filter is supported. On the other hand, some JDBC source could not compile the filters by themselves way."
13435978,Missing aggregate filter checks,Resolved,Major,Fixed,"h3. Window function in filter {noformat} select sum(a) filter (where nth_value(a, 2) over (order by b) > 1) from (select 1 a, '2' b); {noformat} This query should produce an analysis error, but instead produces a stack overflow: {noformat} java.lang.StackOverflowError: null at org.apache.spark.sql.catalyst.trees.TreeNode.$anonfun$collect$1(TreeNode.scala:305) ~[spark-catalyst_2.12-3.4.0-SNAPSHOT.jar:3.4.0-SNAPSHOT] at org.apache.spark.sql.catalyst.trees.TreeNode.$anonfun$collect$1$adapted(TreeNode.scala:305) ~[spark-catalyst_2.12-3.4.0-SNAPSHOT.jar:3.4.0-SNAPSHOT] at org.apache.spark.sql.catalyst.trees.TreeNode.foreach(TreeNode.scala:264) ~[spark-catalyst_2.12-3.4.0-SNAPSHOT.jar:3.4.0-SNAPSHOT] at org.apache.spark.sql.catalyst.trees.TreeNode.$anonfun$foreach$1(TreeNode.scala:265) ~[spark-catalyst_2.12-3.4.0-SNAPSHOT.jar:3.4.0-SNAPSHOT] at org.apache.spark.sql.catalyst.trees.TreeNode.$anonfun$foreach$1$adapted(TreeNode.scala:265) ~[spark-catalyst_2.12-3.4.0-SNAPSHOT.jar:3.4.0-SNAPSHOT] at scala.collection.Iterator.foreach(Iterator.scala:943) ~[scala-library.jar:?] ... {noformat} h3. Non-boolean filter expression {noformat} select sum(a) filter (where a) from (select 1 a, '2' b); {no"
13431453,Add the `DATEDIFF` and `DATE_DIFF` aliases for `TIMESTAMPDIFF()`,Resolved,Major,Fixed,"Introduce the datediff()/date_diff() function, which takes three arguments: unit, and two datetime expressions, i.e., {code:sql} datediff(unit, startDatetime, endDatetime) {code} The function can be an alias to timestampdiff()."
13432768,Use error classes in org.apache.spark.serializer,Resolved,Major,Fixed,
13432769,Use error classes in org.apache.spark.storage,Resolved,Major,Fixed,
13432770,Use error classes in org.apache.spark.shuffle,Resolved,Major,Fixed,
13432765,Use error classes in org.apache.spark.rpc,Open,Major,,
13432757,Use error classes in org.apache.spark.io,Resolved,Major,Fixed,
13432762,Use error classes in org.apache.spark.network,Resolved,Major,Fixed,
13432760,Use error classes in org.apache.spark.memory,Resolved,Major,Fixed,
13432764,Use error classes in org.apache.spark.rdd,Open,Major,,
13432755,Use error classes in org.apache.spark.executor,Resolved,Major,Fixed,
13436359,Complex calculations with lead to driver oom,Open,Major,,"My spark job is working fine in version 3.0.1. After I upgraded to 3.2, the driver would hang during runtime due to oom. The dump file shows that the stageMetrics in SQLAppStatusListener are taking up a lot of memory.I'm wondering if it's related to the SPARK-33016 change, or if the execution plan change has created more tasks, causing the driver to run out of memory, or some other reason. !screenshot-1.png!"
13432754,Use error classes in org.apache.spark.broadcast,Resolved,Major,Fixed,
